season,match_round,match_home_team,match_away_team,player_id,player_first_name,player_last_name,player_team,brownlow_votes_prediction
2026,0,Sydney,Carlton,12498,Ben,Ainsworth,Carlton,0.013603938385574117
2026,0,Sydney,Carlton,13039,Campbell,Chesser,Carlton,0.020537438752547495
2026,0,Sydney,Carlton,12261,Patrick,Cripps,Carlton,0.09514331972925025
2026,0,Sydney,Carlton,13273,Harry,Dean,Carlton,0.019782411163908505
2026,0,Sydney,Carlton,12497,Oliver,Florent,Carlton,0.0032249442875033965
2026,0,Sydney,Carlton,12596,Lachie,Fogarty,Carlton,0.014070787808441877
2026,0,Sydney,Carlton,12509,Will,Hayward,Carlton,0.01270548798266622
2026,0,Sydney,Carlton,12411,George,Hewett,Carlton,0.005193557540473161
2026,0,Sydney,Carlton,13016,Elijah,Hollands,Carlton,0.018385659785872095
2026,0,Sydney,Carlton,13029,Oliver,Hollands,Carlton,0.022871227974848203
2026,0,Sydney,Carlton,12937,Brodie,Kemp,Carlton,0.01585773729773799
2026,0,Sydney,Carlton,13170,Cooper,Lord,Carlton,0.0
2026,0,Sydney,Carlton,12404,Mitch,McGovern,Carlton,0.023844973467213627
2026,0,Sydney,Carlton,12566,Harry,McKay,Carlton,0.011066154465279705
2026,0,Sydney,Carlton,13171,Ashton,Moir,Carlton,0.013665335013176051
2026,0,Sydney,Carlton,12417,Marc,Pittonet,Carlton,0.06335819641665005
2026,0,Sydney,Carlton,13172,Liam,Reidy,Carlton,0.014301795893228393
2026,0,Sydney,Carlton,12330,Adam,Saad,Carlton,0.01419978641808154
2026,0,Sydney,Carlton,13274,Jagga,Smith,Carlton,0.025437851151094544
2026,0,Sydney,Carlton,12684,Sam,Walsh,Carlton,0.4669888600631946
2026,0,Sydney,Carlton,12402,Jacob,Weitering,Carlton,0.018306569466196777
2026,0,Sydney,Carlton,12175,Zac,Williams,Carlton,0.016313395373266933
2026,0,Sydney,Carlton,12559,Lewis,Young,Carlton,0.021320779351588194
2026,0,Sydney,Carlton,12844,Joel,Amartey,Sydney,0.04331141219556977
2026,0,Sydney,Carlton,13195,Riley,Bice,Sydney,0.038288789436102595
2026,0,Sydney,Carlton,12699,Nick,Blakey,Sydney,0.056560877457311094
2026,0,Sydney,Carlton,12421,Charlie,Curnow,Sydney,0.04948474253380302
2026,0,Sydney,Carlton,12217,Brodie,Grundy,Sydney,0.1605768456771851
2026,0,Sydney,Carlton,12862,Errol,Gulden,Sydney,1.6024175120582376
2026,0,Sydney,Carlton,12326,Isaac,Heeney,Sydney,0.5367249377703827
2026,0,Sydney,Carlton,12860,James,Jordon,Sydney,0.02291147534687652
2026,0,Sydney,Carlton,12268,Jake,Lloyd,Sydney,0.014931668309995906
2026,0,Sydney,Carlton,12627,Tom,McCartin,Sydney,0.0
2026,0,Sydney,Carlton,12861,Logan,McDonald,Sydney,0.016454528461221897
2026,0,Sydney,Carlton,12711,Justin,McInerney,Sydney,1.9771493831956937
2026,0,Sydney,Carlton,12526,Lewis,Melican,Sydney,0.02012257854765865
2026,0,Sydney,Carlton,12413,Callum,Mills,Sydney,0.029475453368328138
2026,0,Sydney,Carlton,12412,Tom,Papley,Sydney,0.025731834305452818
2026,0,Sydney,Carlton,12140,Dane,Rampe,Sydney,0.018590993030639553
2026,0,Sydney,Carlton,12994,Matt,Roberts,Sydney,0.03842395120775321
2026,0,Sydney,Carlton,12903,Malcolm,Rosas,Sydney,0.019189329847409238
2026,0,Sydney,Carlton,12714,James,Rowbottom,Sydney,0.10934561286303726
2026,0,Sydney,Carlton,13022,Jai,Serong,Sydney,0.029443866805085005
2026,0,Sydney,Carlton,12951,Angus,Sheldrick,Sydney,0.03817189139204851
2026,0,Sydney,Carlton,12797,Chad,Warner,Sydney,0.19268460999947962
2026,0,Sydney,Carlton,12818,Sam,Wicks,Sydney,0.029827498409715276
2026,0,Gold Coast,Geelong,12690,Tom,Atkins,Geelong,0.03363169491496171
2026,0,Gold Coast,Geelong,12153,Mark,Blicavs,Geelong,0.01494068147988084
2026,0,Gold Coast,Geelong,12871,Tanner,Bruhn,Geelong,0.030308868071926204
2026,0,Gold Coast,Geelong,13062,Jhye,Clark,Geelong,0.0227350857589389
2026,0,Gold Coast,Geelong,12806,Brad,Close,Geelong,0.023643674509778806
2026,0,Gold Coast,Geelong,12891,Sam,De Koning,Geelong,0.027299535485740767
2026,0,Gold Coast,Geelong,12974,Oliver,Dempsey,Geelong,0.04139362153460341
2026,0,Gold Coast,Geelong,12551,Zach,Guthrie,Geelong,0.02558497013023242
2026,0,Gold Coast,Geelong,12607,Jack,Henry,Geelong,0.027182293513521694
2026,0,Gold Coast,Geelong,12851,Oliver,Henry,Geelong,0.020395245566426246
2026,0,Gold Coast,Geelong,12881,Max,Holmes,Geelong,0.09818951490376576
2026,0,Gold Coast,Geelong,13160,Lawson,Humphries,Geelong,0.020757362548865177
2026,0,Gold Coast,Geelong,12986,Mitch,Knevitt,Geelong,0.02359232300731498
2026,0,Gold Coast,Geelong,13104,Shaun,Mannagh,Geelong,0.01822982556146885
2026,0,Gold Coast,Geelong,12236,Jack,Martin,Geelong,0.022302275884131417
2026,0,Gold Coast,Geelong,12689,Gryan,Miers,Geelong,0.0
2026,0,Gold Coast,Geelong,13066,Oisin,Mullin,Geelong,0.023837915320107206
2026,0,Gold Coast,Geelong,12992,Shannon,Neale,Geelong,0.022286683350520337
2026,0,Gold Coast,Geelong,12531,Mark,OConnor,Geelong,0.02066150894344443
2026,0,Gold Coast,Geelong,13122,Connor,OSullivan,Geelong,0.03168307795076172
2026,0,Gold Coast,Geelong,12692,Bailey,Smith,Geelong,0.038226571697752745
2026,0,Gold Coast,Geelong,12505,Tom,Stewart,Geelong,0.0023118435047124186
2026,0,Gold Coast,Geelong,12619,James,Worpel,Geelong,0.022399641636369677
2026,0,Gold Coast,Geelong,13251,Oscar,Adams,Gold Coast,0.026729127605943398
2026,0,Gold Coast,Geelong,12767,Noah,Anderson,Gold Coast,0.4650212746935172
2026,0,Gold Coast,Geelong,13019,Mac,Andrew,Gold Coast,0.05501718910188749
2026,0,Gold Coast,Geelong,13119,Sam,Clohesy,Gold Coast,0.028793271927036707
2026,0,Gold Coast,Geelong,12444,Sam,Collins,Gold Coast,0.05908310940411399
2026,0,Gold Coast,Geelong,12942,Alex,Davies,Gold Coast,0.04583734701756502
2026,0,Gold Coast,Geelong,12848,Jy,Farrar,Gold Coast,0.02360678818024517
2026,0,Gold Coast,Geelong,13120,Will,Graham,Gold Coast,0.0297722002699419
2026,0,Gold Coast,Geelong,13049,Bailey,Humphrey,Gold Coast,0.6075906867933629
2026,0,Gold Coast,Geelong,12933,Joel,Jeffrey,Gold Coast,0.03346839771401694
2026,0,Gold Coast,Geelong,12728,Ben,King,Gold Coast,0.104326323869413
2026,0,Gold Coast,Geelong,13232,Leo,Lombard,Gold Coast,0.036510427314383614
2026,0,Gold Coast,Geelong,12521,Ben,Long,Gold Coast,0.03556166519922026
2026,0,Gold Coast,Geelong,12331,Touk,Miller,Gold Coast,0.5460198453357388
2026,0,Gold Coast,Geelong,12743,John,Noble,Gold Coast,0.35933840076735846
2026,0,Gold Coast,Geelong,12430,Christian,Petracca,Gold Coast,2.58772724575717
2026,0,Gold Coast,Geelong,12652,Wil,Powell,Gold Coast,0.06255930089486152
2026,0,Gold Coast,Geelong,13121,Ethan,Read,Gold Coast,0.034741260095622825
2026,0,Gold Coast,Geelong,12403,Daniel,Rioli,Gold Coast,0.05812125517115663
2026,0,Gold Coast,Geelong,13041,Bodhi,Uwland,Gold Coast,0.03725156374676272
2026,0,Gold Coast,Geelong,13278,Zeke,Uwland,Gold Coast,0.031771004305472805
2026,0,Gold Coast,Geelong,12385,Lachie,Weller,Gold Coast,0.03340783656152327
2026,0,Gold Coast,Geelong,12177,Jarrod,Witts,Gold Coast,0.08615026300366518
2026,0,Greater Western Sydney,Hawthorn,13001,Ryan,Angwin,Greater Western Sydney,0.0
2026,0,Greater Western Sydney,Hawthorn,12782,Lachie,Ash,Greater Western Sydney,0.0
2026,0,Greater Western Sydney,Hawthorn,12904,Kieren,Briggs,Greater Western Sydney,0.0
2026,0,Greater Western Sydney,Hawthorn,12910,Callum,Brown,Greater Western Sydney,0.0
2026,0,Greater Western Sydney,Hawthorn,12846,Jack,Buckley,Greater Western Sydney,0.0
2026,0,Greater Western Sydney,Hawthorn,12969,Finn,Callaghan,Greater Western Sydney,1.2237019087255998
2026,0,Greater Western Sydney,Hawthorn,12028,Stephen,Coniglio,Greater Western Sydney,0.6802579998321461
2026,0,Greater Western Sydney,Hawthorn,13222,Josaia,Delana,Greater Western Sydney,0.0
2026,0,Greater Western Sydney,Hawthorn,13164,Joe,Fonti,Greater Western Sydney,0.09017041920560129
2026,0,Greater Western Sydney,Hawthorn,13279,Phoenix,Gothard,Greater Western Sydney,0.0
2026,0,Greater Western Sydney,Hawthorn,12025,Toby,Greene,Greater Western Sydney,0.004832615125453368
2026,0,Greater Western Sydney,Hawthorn,13158,Max,Gruzewski,Greater Western Sydney,0.0
2026,0,Greater Western Sydney,Hawthorn,12462,Harry,Himmelberg,Greater Western Sydney,0.0
2026,0,Greater Western Sydney,Hawthorn,12321,Jesse,Hogan,Greater Western Sydney,0.0
2026,0,Greater Western Sydney,Hawthorn,12750,Connor,Idun,Greater Western Sydney,0.0
2026,0,Greater Western Sydney,Hawthorn,12377,Jayden,Laverde,Greater Western Sydney,0.0
2026,0,Greater Western Sydney,Hawthorn,12821,Xavier,OHalloran,Greater Western Sydney,0.0
2026,0,Greater Western Sydney,Hawthorn,12410,Clayton,Oliver,Greater Western Sydney,1.2374652330661569
2026,0,Greater Western Sydney,Hawthorn,12834,Jake,Riccardi,Greater Western Sydney,0.20813960026521763
2026,0,Greater Western Sydney,Hawthorn,13045,Harry,Rowston,Greater Western Sydney,0.0
2026,0,Greater Western Sydney,Hawthorn,12167,Jake,Stringer,Greater Western Sydney,2.2969498280152716
2026,0,Greater Western Sydney,Hawthorn,13101,Harvey,Thomas,Greater Western Sydney,0.0
2026,0,Greater Western Sydney,Hawthorn,12143,Lachie,Whitfield,Greater Western Sydney,0.22054941860895413
2026,0,Greater Western Sydney,Hawthorn,12357,Karl,Amon,Hawthorn,0.0
2026,0,Greater Western Sydney,Hawthorn,12383,Tom,Barrass,Hawthorn,0.0
2026,0,Greater Western Sydney,Hawthorn,12558,Josh,Battle,Hawthorn,0.0
2026,0,Greater Western Sydney,Hawthorn,12988,Sam,Butler,Hawthorn,0.0
2026,0,Greater Western Sydney,Hawthorn,12485,Mabior,Chol,Hawthorn,0.0
2026,0,Greater Western Sydney,Hawthorn,12998,Massimo,DAmbrosio,Hawthorn,0.0
2026,0,Greater Western Sydney,Hawthorn,12927,Jack,Ginnivan,Hawthorn,0.0
2026,0,Greater Western Sydney,Hawthorn,11845,Jack,Gunston,Hawthorn,0.0
2026,0,Greater Western Sydney,Hawthorn,12469,Blake,Hardwick,Hawthorn,0.0
2026,0,Greater Western Sydney,Hawthorn,12237,Jarman,Impey,Hawthorn,0.0
2026,0,Greater Western Sydney,Hawthorn,12636,Mitch,Lewis,Hawthorn,0.0
2026,0,Greater Western Sydney,Hawthorn,12954,Connor,Macdonald,Hawthorn,0.0
2026,0,Greater Western Sydney,Hawthorn,12843,Finn,Maginness,Hawthorn,0.0
2026,0,Greater Western Sydney,Hawthorn,12856,Lloyd,Meek,Hawthorn,0.0
2026,0,Greater Western Sydney,Hawthorn,12710,Dylan,Moore,Hawthorn,0.0
2026,0,Greater Western Sydney,Hawthorn,12579,Harry,Morrison,Hawthorn,0.0
2026,0,Greater Western Sydney,Hawthorn,12670,Conor,Nash,Hawthorn,0.0
2026,0,Greater Western Sydney,Hawthorn,12915,Jai,Newcombe,Hawthorn,0.03793297715707039
2026,0,Greater Western Sydney,Hawthorn,12565,Jack,Scrimshaw,Hawthorn,0.0
2026,0,Greater Western Sydney,Hawthorn,12332,James,Sicily,Hawthorn,0.0
2026,0,Greater Western Sydney,Hawthorn,12955,Josh,Ward,Hawthorn,0.0
2026,0,Greater Western Sydney,Hawthorn,13105,Nick,Watson,Hawthorn,0.0
2026,0,Greater Western Sydney,Hawthorn,13057,Josh,Weddle,Hawthorn,0.0
2026,0,Brisbane Lions,Western Bulldogs,12277,Charlie,Cameron,Brisbane Lions,0.5164864695485258
2026,0,Brisbane Lions,Western Bulldogs,12655,Oscar,Allen,Brisbane Lions,0.0
2026,0,Brisbane Lions,Western Bulldogs,12340,Harris,Andrews,Brisbane Lions,0.06626651476645413
2026,0,Brisbane Lions,Western Bulldogs,13197,Levi,Ashcroft,Brisbane Lions,0.0011929616753996945
2026,0,Brisbane Lions,Western Bulldogs,13040,Will,Ashcroft,Brisbane Lions,0.169534960634668
2026,0,Brisbane Lions,Western Bulldogs,12610,Zac,Bailey,Brisbane Lions,0.00650494124337988
2026,0,Brisbane Lions,Western Bulldogs,12519,Jarrod,Berry,Brisbane Lions,0.005050645713911611
2026,0,Brisbane Lions,Western Bulldogs,12838,Keidean,Coleman,Brisbane Lions,0.001643006757182646
2026,0,Brisbane Lions,Western Bulldogs,12408,Josh,Dunkley,Brisbane Lions,0.026902711727977417
2026,0,Brisbane Lions,Western Bulldogs,13072,Jaspa,Fletcher,Brisbane Lions,0.0164011463972731
2026,0,Brisbane Lions,Western Bulldogs,12724,Darcy,Fort,Brisbane Lions,0.006868320610402206
2026,0,Brisbane Lions,Western Bulldogs,13235,Ty,Gallop,Brisbane Lions,0.0
2026,0,Brisbane Lions,Western Bulldogs,12267,Darcy,Gardiner,Brisbane Lions,0.005990843369317622
2026,0,Brisbane Lions,Western Bulldogs,11894,Ryan,Lester,Brisbane Lions,0.07549465839810807
2026,0,Brisbane Lions,Western Bulldogs,12968,Kai,Lohmann,Brisbane Lions,0.006232607392055161
2026,0,Brisbane Lions,Western Bulldogs,12518,Hugh,McCluggage,Brisbane Lions,0.007260651512498683
2026,0,Brisbane Lions,Western Bulldogs,13137,Logan,Morris,Brisbane Lions,0.013048975992794913
2026,0,Brisbane Lions,Western Bulldogs,12055,Lachie,Neale,Brisbane Lions,1.1959580496151494
2026,0,Brisbane Lions,Western Bulldogs,12592,Cam,Rayner,Brisbane Lions,0.0
2026,0,Brisbane Lions,Western Bulldogs,13138,Bruce,Reville,Brisbane Lions,0.00025379366163674126
2026,0,Brisbane Lions,Western Bulldogs,13026,Darcy,Wilmot,Brisbane Lions,0.0048497618306244045
2026,0,Brisbane Lions,Western Bulldogs,13277,Zane,Zakostelsky,Brisbane Lions,0.008496730557769415
2026,0,Brisbane Lions,Western Bulldogs,12076,Dayne,Zorko,Brisbane Lions,0.09981269560124516
2026,0,Brisbane Lions,Western Bulldogs,12723,Oskar,Baker,Western Bulldogs,0.004003818978137307
2026,0,Brisbane Lions,Western Bulldogs,12269,Marcus,Bontempelli,Western Bulldogs,0.5943942211704043
2026,0,Brisbane Lions,Western Bulldogs,12916,Lachlan,Bramble,Western Bulldogs,0.008656110125678233
2026,0,Brisbane Lions,Western Bulldogs,12769,Connor,Budarick,Western Bulldogs,0.07349665480764779
2026,0,Brisbane Lions,Western Bulldogs,13265,Jordan,Croft,Western Bulldogs,0.010136214259599464
2026,0,Brisbane Lions,Western Bulldogs,12354,Bailey,Dale,Western Bulldogs,0.013953193836677709
2026,0,Brisbane Lions,Western Bulldogs,13021,Sam,Darcy,Western Bulldogs,0.04076083399948536
2026,0,Brisbane Lions,Western Bulldogs,13178,Sam,Davidson,Western Bulldogs,0.006450645446150893
2026,0,Brisbane Lions,Western Bulldogs,12537,Tim,English,Western Bulldogs,0.21802651346633484
2026,0,Brisbane Lions,Western Bulldogs,13140,Joel,Freijah,Western Bulldogs,0.03343633757800698
2026,0,Brisbane Lions,Western Bulldogs,13213,Cooper,Hynes,Western Bulldogs,0.00863693407398549
2026,0,Brisbane Lions,Western Bulldogs,13275,Lachie,Jaques,Western Bulldogs,0.005894295645667341
2026,0,Brisbane Lions,Western Bulldogs,13046,Arthur,Jones,Western Bulldogs,0.0058038525497167365
2026,0,Brisbane Lions,Western Bulldogs,12455,Matthew,Kennedy,Western Bulldogs,0.40328210540222353
2026,0,Brisbane Lions,Western Bulldogs,12900,Buku,Khamis,Western Bulldogs,0.00955648995289473
2026,0,Brisbane Lions,Western Bulldogs,11898,Tom,Liberatore,Western Bulldogs,0.08930638237781488
2026,0,Brisbane Lions,Western Bulldogs,12282,Rory,Lobb,Western Bulldogs,0.008474496919103729
2026,0,Brisbane Lions,Western Bulldogs,12594,Aaron,Naughton,Western Bulldogs,0.017742016224608963
2026,0,Brisbane Lions,Western Bulldogs,13061,James,ODonnell,Western Bulldogs,0.011586444565090316
2026,0,Brisbane Lions,Western Bulldogs,12605,Ed,Richards,Western Bulldogs,2.0073044094222077
2026,0,Brisbane Lions,Western Bulldogs,13276,Michael,Sellwood,Western Bulldogs,0.006652471545513954
2026,0,Brisbane Lions,Western Bulldogs,12748,Rhylee,West,Western Bulldogs,0.00401203780111361
2026,0,Brisbane Lions,Western Bulldogs,12441,Bailey,Williams,Western Bulldogs,0.1841830728387987
2026,0,St Kilda,Collingwood,13146,Edward,Allan,Collingwood,0.001822768327104895
2026,0,St Kilda,Collingwood,13071,Jack,Buller,Collingwood,0.0
2026,0,St Kilda,Collingwood,12660,Darcy,Cameron,Collingwood,0.16379832936189437
2026,0,St Kilda,Collingwood,12061,Jack,Crisp,Collingwood,0.03461939372930343
2026,0,St Kilda,Collingwood,12573,Josh,Daicos,Collingwood,0.7423165783923785
2026,0,St Kilda,Collingwood,12943,Nick,Daicos,Collingwood,2.905471498392759
2026,0,St Kilda,Collingwood,12318,Jordan,de Goey,Collingwood,0.41515056607349404
2026,0,St Kilda,Collingwood,12083,Jamie,Elliott,Collingwood,0.010568282589295909
2026,0,St Kilda,Collingwood,12676,Billy,Frampton,Collingwood,0.03845065001989081
2026,0,St Kilda,Collingwood,12495,Dan,Houston,Collingwood,0.12034458425719215
2026,0,St Kilda,Collingwood,12578,Patrick,Lipinski,Collingwood,0.006641012322278866
2026,0,St Kilda,Collingwood,13023,Ned,Long,Collingwood,0.026693366152345292
2026,0,St Kilda,Collingwood,12371,Brayden,Maynard,Collingwood,0.09527104145339318
2026,0,St Kilda,Collingwood,12876,Beau,McCreery,Collingwood,0.012066781990640409
2026,0,St Kilda,Collingwood,12291,Daniel,McStay,Collingwood,0.003076773859891629
2026,0,St Kilda,Collingwood,12300,Tim,Membrey,Collingwood,0.0070869949373060315
2026,0,St Kilda,Collingwood,13147,Wil,Parker,Collingwood,0.0033110603627879926
2026,0,St Kilda,Collingwood,4182,Scott,Pendlebury,Collingwood,0.16169570903945124
2026,0,St Kilda,Collingwood,12536,Harry,Perryman,Collingwood,0.02841967869575402
2026,0,St Kilda,Collingwood,12740,Isaac,Quaynor,Collingwood,0.050173300425567134
2026,0,St Kilda,Collingwood,12700,Lachie,Schultz,Collingwood,0.02699137183439617
2026,0,St Kilda,Collingwood,11751,Steele,Sidebottom,Collingwood,0.010904570474323229
2026,0,St Kilda,Collingwood,13248,Roan,Steele,Collingwood,0.0012724417579744124
2026,0,St Kilda,Collingwood,13220,Hugh,Boxshall,St Kilda,0.0
2026,0,St Kilda,Collingwood,13035,Anthony,Caminiti,St Kilda,0.0034317467242325423
2026,0,St Kilda,Collingwood,12976,Jack,Carroll,St Kilda,0.0
2026,0,St Kilda,Collingwood,12674,Tom,De Koning,St Kilda,0.02460375476129622
2026,0,St Kilda,Collingwood,12824,Sam,Flanders,St Kilda,0.051083970608576064
2026,0,St Kilda,Collingwood,13125,Hugo,Garcia,St Kilda,0.04371253791782687
2026,0,St Kilda,Collingwood,13193,Max,Hall,St Kilda,0.007357890725104754
2026,0,St Kilda,Collingwood,12609,Jack,Higgins,St Kilda,0.001867753778765296
2026,0,St Kilda,Collingwood,12060,Bradley,Hill,St Kilda,0.0010205226147288965
2026,0,St Kilda,Collingwood,12166,Jack,Macrae,St Kilda,0.02441866381418232
2026,0,St Kilda,Collingwood,12564,Rowan,Marshall,St Kilda,0.0016915847998374084
2026,0,St Kilda,Collingwood,12948,Mitch,Owens,St Kilda,0.0020293842908399523
2026,0,St Kilda,Collingwood,13036,Mattaes,Phillipou,St Kilda,0.0011810318404782355
2026,0,St Kilda,Collingwood,12600,Liam,Ryan,St Kilda,0.011402560629971796
2026,0,St Kilda,Collingwood,12929,Cooper,Sharman,St Kilda,0.004639550425516775
2026,0,St Kilda,Collingwood,12458,Jack,Silvagni,St Kilda,0.004089748074788285
2026,0,St Kilda,Collingwood,12325,Jack,Sinclair,St Kilda,0.8748360890320519
2026,0,St Kilda,Collingwood,13243,Alix,Tauru,St Kilda,0.0
2026,0,St Kilda,Collingwood,12950,Nasiah,Wanganeen-Milera,St Kilda,0.02208420006482071
2026,0,St Kilda,Collingwood,12703,Callum,Wilkie,St Kilda,0.031119951933525646
2026,0,St Kilda,Collingwood,13110,Darcy,Wilson,St Kilda,0.003355035808992956
2026,0,St Kilda,Collingwood,12967,Marcus,Windhager,St Kilda,0.019927267706677652
2026,0,St Kilda,Collingwood,12312,Mason,Wood,St Kilda,0.0
2026,1,Carlton,Richmond,12498,Ben,Ainsworth,Carlton,0.0
2026,1,Carlton,Richmond,13212,Matt,Carroll,Carlton,0.0
2026,1,Carlton,Richmond,13039,Campbell,Chesser,Carlton,0.0
2026,1,Carlton,Richmond,13028,Lachlan,Cowan,Carlton,0.0
2026,1,Carlton,Richmond,12261,Patrick,Cripps,Carlton,1.7252866174658659
2026,1,Carlton,Richmond,13273,Harry,Dean,Carlton,0.0
2026,1,Carlton,Richmond,12497,Oliver,Florent,Carlton,0.0
2026,1,Carlton,Richmond,12596,Lachie,Fogarty,Carlton,0.0
2026,1,Carlton,Richmond,12509,Will,Hayward,Carlton,0.0
2026,1,Carlton,Richmond,12411,George,Hewett,Carlton,0.030706671247901676
2026,1,Carlton,Richmond,13016,Elijah,Hollands,Carlton,0.0
2026,1,Carlton,Richmond,13029,Oliver,Hollands,Carlton,0.0
2026,1,Carlton,Richmond,12937,Brodie,Kemp,Carlton,0.0
2026,1,Carlton,Richmond,13170,Cooper,Lord,Carlton,0.0
2026,1,Carlton,Richmond,12404,Mitch,McGovern,Carlton,0.003607934870287252
2026,1,Carlton,Richmond,12566,Harry,McKay,Carlton,0.0017095861780987293
2026,1,Carlton,Richmond,13233,Hudson,OKeeffe,Carlton,0.0
2026,1,Carlton,Richmond,12417,Marc,Pittonet,Carlton,0.042005258314888355
2026,1,Carlton,Richmond,13274,Jagga,Smith,Carlton,0.8690387730369803
2026,1,Carlton,Richmond,12684,Sam,Walsh,Carlton,2.3840893328586055
2026,1,Carlton,Richmond,12402,Jacob,Weitering,Carlton,0.0
2026,1,Carlton,Richmond,12175,Zac,Williams,Carlton,0.0
2026,1,Carlton,Richmond,12559,Lewis,Young,Carlton,0.0
2026,1,Carlton,Richmond,12712,Jack,Ross,Richmond,0.0
2026,1,Carlton,Richmond,13189,Harry,Armstrong,Richmond,0.0
2026,1,Carlton,Richmond,12686,Noah,Balta,Richmond,0.0
2026,1,Carlton,Richmond,13078,Sam,Banks,Richmond,0.0
2026,1,Carlton,Richmond,12456,Nathan,Broad,Richmond,0.0
2026,1,Carlton,Richmond,13100,Seth,Campbell,Richmond,0.0
2026,1,Carlton,Richmond,13214,Jonty,Faull,Richmond,0.0
2026,1,Carlton,Richmond,12947,Josh,Gibcus,Richmond,0.0
2026,1,Carlton,Richmond,13218,Campbell,Gray,Richmond,0.0
2026,1,Carlton,Richmond,13145,Steely,Green,Richmond,0.0
2026,1,Carlton,Richmond,13290,Sam,Grlj,Richmond,0.0
2026,1,Carlton,Richmond,12440,Jacob,Hopper,Richmond,0.0
2026,1,Carlton,Richmond,13190,Sam,Lalor,Richmond,0.03416480710334391
2026,1,Carlton,Richmond,11948,Tom,Lynch,Richmond,0.0
2026,1,Carlton,Richmond,12883,Rhyan,Mansell,Richmond,0.0
2026,1,Carlton,Richmond,13117,Kane,McAuliffe,Richmond,0.0
2026,1,Carlton,Richmond,12941,Ben,Miller,Richmond,0.0
2026,1,Carlton,Richmond,12374,Toby,Nankervis,Richmond,0.022087173745515346
2026,1,Carlton,Richmond,12902,Hugo,Ralphsmith,Richmond,0.0
2026,1,Carlton,Richmond,12935,Maurice,Rioli,Richmond,0.0
2026,1,Carlton,Richmond,12418,Jayden,Short,Richmond,0.5203175369554587
2026,1,Carlton,Richmond,12504,Tim,Taranto,Richmond,0.3669863082202659
2026,1,Carlton,Richmond,13095,James,Trezise,Richmond,0.0
2026,1,Essendon,Hawthorn,13237,Lachlan,Blakiston,Essendon,0.04956564395320624
2026,1,Essendon,Hawthorn,13148,Nate,Caddy,Essendon,0.03959227995006907
2026,1,Essendon,Hawthorn,12755,Jye,Caldwell,Essendon,0.03339000253216316
2026,1,Essendon,Hawthorn,12925,Sam,Durham,Essendon,0.06915994654779674
2026,1,Essendon,Hawthorn,12696,Xavier,Duursma,Essendon,0.04839033702902938
2026,1,Essendon,Hawthorn,13281,Hussien,El Achkar,Essendon,0.04700419865215193
2026,1,Essendon,Hawthorn,12481,Brayden,Fiorini,Essendon,0.0362841972357877
2026,1,Essendon,Hawthorn,13231,Zak,Johnson,Essendon,0.042150229881718196
2026,1,Essendon,Hawthorn,13282,Max,Kondogiannis,Essendon,0.04384693567865332
2026,1,Essendon,Hawthorn,12349,Kyle,Langford,Essendon,0.04030149689558345
2026,1,Essendon,Hawthorn,13238,Archie,May,Essendon,0.040729780903722465
2026,1,Essendon,Hawthorn,12491,Andrew,McGrath,Essendon,0.03064522315145575
2026,1,Essendon,Hawthorn,12580,Ben,McKay,Essendon,0.04707550830775227
2026,1,Essendon,Hawthorn,12241,Zach,Merrett,Essendon,0.3866594172234544
2026,1,Essendon,Hawthorn,13258,Jayden,Nguyen,Essendon,0.04171768237089181
2026,1,Essendon,Hawthorn,12406,Darcy,Parish,Essendon,0.019275381476540746
2026,1,Essendon,Hawthorn,12879,Archie,Perkins,Essendon,0.04447232269107314
2026,1,Essendon,Hawthorn,12874,Jaxon,Prior,Essendon,0.04224928040150945
2026,1,Essendon,Hawthorn,12437,Mason,Redman,Essendon,0.0
2026,1,Essendon,Hawthorn,12889,Zach,Reid,Essendon,0.0436006899599609
2026,1,Essendon,Hawthorn,13168,Archie,Roberts,Essendon,0.040270031167101414
2026,1,Essendon,Hawthorn,13283,Dyson,Sharp,Essendon,0.035387143550658265
2026,1,Essendon,Hawthorn,12366,Peter,Wright,Essendon,0.037893302064172366
2026,1,Essendon,Hawthorn,12357,Karl,Amon,Hawthorn,0.0777364083311722
2026,1,Essendon,Hawthorn,12383,Tom,Barrass,Hawthorn,0.012505707158573118
2026,1,Essendon,Hawthorn,12558,Josh,Battle,Hawthorn,0.05035841188037864
2026,1,Essendon,Hawthorn,12988,Sam,Butler,Hawthorn,0.04222071605492843
2026,1,Essendon,Hawthorn,12485,Mabior,Chol,Hawthorn,0.038232464255387996
2026,1,Essendon,Hawthorn,12998,Massimo,DAmbrosio,Hawthorn,0.05184386093255201
2026,1,Essendon,Hawthorn,12927,Jack,Ginnivan,Hawthorn,0.056684471735427774
2026,1,Essendon,Hawthorn,11845,Jack,Gunston,Hawthorn,0.9246420475385545
2026,1,Essendon,Hawthorn,12469,Blake,Hardwick,Hawthorn,0.05922335402158985
2026,1,Essendon,Hawthorn,12237,Jarman,Impey,Hawthorn,0.15434994733039645
2026,1,Essendon,Hawthorn,12636,Mitch,Lewis,Hawthorn,0.041030879654017596
2026,1,Essendon,Hawthorn,12954,Connor,Macdonald,Hawthorn,0.18484262755727482
2026,1,Essendon,Hawthorn,13031,Cam,Mackenzie,Hawthorn,0.1002161608329684
2026,1,Essendon,Hawthorn,12856,Lloyd,Meek,Hawthorn,0.07710368571997098
2026,1,Essendon,Hawthorn,12710,Dylan,Moore,Hawthorn,0.10688161382386999
2026,1,Essendon,Hawthorn,12670,Conor,Nash,Hawthorn,0.26877214829913
2026,1,Essendon,Hawthorn,12915,Jai,Newcombe,Hawthorn,0.25411350018783524
2026,1,Essendon,Hawthorn,12906,Ned,Reeves,Hawthorn,0.07817718332850691
2026,1,Essendon,Hawthorn,12565,Jack,Scrimshaw,Hawthorn,0.05453570819329623
2026,1,Essendon,Hawthorn,12332,James,Sicily,Hawthorn,0.5066950912686902
2026,1,Essendon,Hawthorn,12955,Josh,Ward,Hawthorn,0.31485079443715697
2026,1,Essendon,Hawthorn,13105,Nick,Watson,Hawthorn,1.1775094882028163
2026,1,Essendon,Hawthorn,13057,Josh,Weddle,Hawthorn,0.1078126976150059
2026,1,Western Bulldogs,Greater Western Sydney,13001,Ryan,Angwin,Greater Western Sydney,0.0
2026,1,Western Bulldogs,Greater Western Sydney,12782,Lachie,Ash,Greater Western Sydney,0.0
2026,1,Western Bulldogs,Greater Western Sydney,12904,Kieren,Briggs,Greater Western Sydney,0.0
2026,1,Western Bulldogs,Greater Western Sydney,12910,Callum,Brown,Greater Western Sydney,0.0
2026,1,Western Bulldogs,Greater Western Sydney,12846,Jack,Buckley,Greater Western Sydney,0.0
2026,1,Western Bulldogs,Greater Western Sydney,12969,Finn,Callaghan,Greater Western Sydney,0.0
2026,1,Western Bulldogs,Greater Western Sydney,12028,Stephen,Coniglio,Greater Western Sydney,0.0
2026,1,Western Bulldogs,Greater Western Sydney,13222,Josaia,Delana,Greater Western Sydney,0.0
2026,1,Western Bulldogs,Greater Western Sydney,13164,Joe,Fonti,Greater Western Sydney,0.0
2026,1,Western Bulldogs,Greater Western Sydney,13279,Phoenix,Gothard,Greater Western Sydney,0.0
2026,1,Western Bulldogs,Greater Western Sydney,12025,Toby,Greene,Greater Western Sydney,0.035429831182689914
2026,1,Western Bulldogs,Greater Western Sydney,13158,Max,Gruzewski,Greater Western Sydney,0.0
2026,1,Western Bulldogs,Greater Western Sydney,12462,Harry,Himmelberg,Greater Western Sydney,0.0
2026,1,Western Bulldogs,Greater Western Sydney,12321,Jesse,Hogan,Greater Western Sydney,0.0
2026,1,Western Bulldogs,Greater Western Sydney,12750,Connor,Idun,Greater Western Sydney,0.0
2026,1,Western Bulldogs,Greater Western Sydney,12377,Jayden,Laverde,Greater Western Sydney,0.0
2026,1,Western Bulldogs,Greater Western Sydney,12821,Xavier,OHalloran,Greater Western Sydney,0.0
2026,1,Western Bulldogs,Greater Western Sydney,12410,Clayton,Oliver,Greater Western Sydney,0.0
2026,1,Western Bulldogs,Greater Western Sydney,12834,Jake,Riccardi,Greater Western Sydney,0.0
2026,1,Western Bulldogs,Greater Western Sydney,13045,Harry,Rowston,Greater Western Sydney,0.0
2026,1,Western Bulldogs,Greater Western Sydney,12167,Jake,Stringer,Greater Western Sydney,0.0
2026,1,Western Bulldogs,Greater Western Sydney,13101,Harvey,Thomas,Greater Western Sydney,0.0
2026,1,Western Bulldogs,Greater Western Sydney,12143,Lachie,Whitfield,Greater Western Sydney,0.0
2026,1,Western Bulldogs,Greater Western Sydney,12723,Oskar,Baker,Western Bulldogs,0.0
2026,1,Western Bulldogs,Greater Western Sydney,12269,Marcus,Bontempelli,Western Bulldogs,2.584977559547084
2026,1,Western Bulldogs,Greater Western Sydney,12916,Lachlan,Bramble,Western Bulldogs,0.0
2026,1,Western Bulldogs,Greater Western Sydney,12769,Connor,Budarick,Western Bulldogs,0.0
2026,1,Western Bulldogs,Greater Western Sydney,12354,Bailey,Dale,Western Bulldogs,0.0
2026,1,Western Bulldogs,Greater Western Sydney,13021,Sam,Darcy,Western Bulldogs,0.08454338416332155
2026,1,Western Bulldogs,Greater Western Sydney,13178,Sam,Davidson,Western Bulldogs,0.0
2026,1,Western Bulldogs,Greater Western Sydney,12537,Tim,English,Western Bulldogs,0.13651417007747432
2026,1,Western Bulldogs,Greater Western Sydney,13140,Joel,Freijah,Western Bulldogs,0.0
2026,1,Western Bulldogs,Greater Western Sydney,13213,Cooper,Hynes,Western Bulldogs,0.0
2026,1,Western Bulldogs,Greater Western Sydney,13275,Lachie,Jaques,Western Bulldogs,0.07472088242064784
2026,1,Western Bulldogs,Greater Western Sydney,12455,Matthew,Kennedy,Western Bulldogs,0.36308585395618775
2026,1,Western Bulldogs,Greater Western Sydney,12900,Buku,Khamis,Western Bulldogs,0.0
2026,1,Western Bulldogs,Greater Western Sydney,13284,Will,Lewis,Western Bulldogs,0.0
2026,1,Western Bulldogs,Greater Western Sydney,11898,Tom,Liberatore,Western Bulldogs,0.7273575017239116
2026,1,Western Bulldogs,Greater Western Sydney,12282,Rory,Lobb,Western Bulldogs,0.0
2026,1,Western Bulldogs,Greater Western Sydney,12594,Aaron,Naughton,Western Bulldogs,1.986079787009817
2026,1,Western Bulldogs,Greater Western Sydney,13061,James,ODonnell,Western Bulldogs,0.0
2026,1,Western Bulldogs,Greater Western Sydney,12605,Ed,Richards,Western Bulldogs,0.007291029917478153
2026,1,Western Bulldogs,Greater Western Sydney,13103,Ryley,Sanders,Western Bulldogs,0.0
2026,1,Western Bulldogs,Greater Western Sydney,13276,Michael,Sellwood,Western Bulldogs,0.0
2026,1,Western Bulldogs,Greater Western Sydney,12748,Rhylee,West,Western Bulldogs,0.0
2026,1,Western Bulldogs,Greater Western Sydney,12441,Bailey,Williams,Western Bulldogs,0.0
2026,1,Geelong,Fremantle,12983,Jye,Amiss,Fremantle,0.0
2026,1,Geelong,Fremantle,12535,Shai,Bolton,Fremantle,0.0
2026,1,Geelong,Fremantle,12589,Andrew,Brayshaw,Fremantle,0.020288980305970872
2026,1,Geelong,Fremantle,12875,Heath,Chapman,Fremantle,0.0
2026,1,Geelong,Fremantle,12688,Jordan,Clark,Fremantle,0.0
2026,1,Geelong,Fremantle,12547,Sean,Darcy,Fremantle,0.0
2026,1,Geelong,Fremantle,13204,Isaiah,Dudley,Fremantle,0.0
2026,1,Geelong,Fremantle,12966,Neil,Erasmus,Fremantle,0.0
2026,1,Geelong,Fremantle,12779,Luke,Jackson,Fremantle,0.7423592930116365
2026,1,Geelong,Fremantle,13047,Matthew,Johnson,Fremantle,0.0
2026,1,Geelong,Fremantle,12394,Oscar,McDonald,Fremantle,0.0
2026,1,Geelong,Fremantle,13033,Judd,McVee,Fremantle,0.0
2026,1,Geelong,Fremantle,12960,Nathan,ODriscoll,Fremantle,0.0
2026,1,Geelong,Fremantle,12352,Alex,Pearce,Fremantle,0.0
2026,1,Geelong,Fremantle,13180,Murphy,Reid,Fremantle,0.0
2026,1,Geelong,Fremantle,12786,Caleb,Serong,Fremantle,0.5402878621567819
2026,1,Geelong,Fremantle,12672,Sam,Switkowski,Fremantle,0.0
2026,1,Geelong,Fremantle,12887,Josh,Treacy,Fremantle,0.0
2026,1,Geelong,Fremantle,13129,Patrick,Voss,Fremantle,0.0
2026,1,Geelong,Fremantle,12453,Corey,Wagner,Fremantle,0.0
2026,1,Geelong,Fremantle,12914,Brandon,Walker,Fremantle,0.0
2026,1,Geelong,Fremantle,13075,Karl,Worner,Fremantle,0.0
2026,1,Geelong,Fremantle,12777,Hayden,Young,Fremantle,0.0
2026,1,Geelong,Fremantle,12690,Tom,Atkins,Geelong,0.0
2026,1,Geelong,Fremantle,12153,Mark,Blicavs,Geelong,0.0
2026,1,Geelong,Fremantle,12871,Tanner,Bruhn,Geelong,0.0
2026,1,Geelong,Fremantle,12017,Jeremy,Cameron,Geelong,0.7571818159659662
2026,1,Geelong,Fremantle,13062,Jhye,Clark,Geelong,0.0
2026,1,Geelong,Fremantle,12806,Brad,Close,Geelong,0.0
2026,1,Geelong,Fremantle,11700,Patrick,Dangerfield,Geelong,0.007830292654385035
2026,1,Geelong,Fremantle,12891,Sam,De Koning,Geelong,0.0
2026,1,Geelong,Fremantle,12974,Oliver,Dempsey,Geelong,0.0
2026,1,Geelong,Fremantle,13285,Mitchell,Edwards,Geelong,0.0
2026,1,Geelong,Fremantle,12551,Zach,Guthrie,Geelong,0.0
2026,1,Geelong,Fremantle,12607,Jack,Henry,Geelong,0.0
2026,1,Geelong,Fremantle,12881,Max,Holmes,Geelong,1.8729531740293888
2026,1,Geelong,Fremantle,13160,Lawson,Humphries,Geelong,0.0
2026,1,Geelong,Fremantle,13104,Shaun,Mannagh,Geelong,0.10624134833445181
2026,1,Geelong,Fremantle,12236,Jack,Martin,Geelong,0.0
2026,1,Geelong,Fremantle,12689,Gryan,Miers,Geelong,0.0
2026,1,Geelong,Fremantle,13066,Oisin,Mullin,Geelong,0.0
2026,1,Geelong,Fremantle,12992,Shannon,Neale,Geelong,1.4004754412410039
2026,1,Geelong,Fremantle,12531,Mark,OConnor,Geelong,0.0
2026,1,Geelong,Fremantle,13122,Connor,OSullivan,Geelong,0.0
2026,1,Geelong,Fremantle,12692,Bailey,Smith,Geelong,0.5523817922979299
2026,1,Geelong,Fremantle,12505,Tom,Stewart,Geelong,0.0
2026,1,Sydney,Brisbane Lions,12277,Charlie,Cameron,Brisbane Lions,0.004135626591534821
2026,1,Sydney,Brisbane Lions,12655,Oscar,Allen,Brisbane Lions,0.01591649123369376
2026,1,Sydney,Brisbane Lions,13295,Daniel,Annable,Brisbane Lions,0.015565927617998628
2026,1,Sydney,Brisbane Lions,12718,Noah,Answerth,Brisbane Lions,0.018358235246957285
2026,1,Sydney,Brisbane Lions,13197,Levi,Ashcroft,Brisbane Lions,0.01330994667526236
2026,1,Sydney,Brisbane Lions,13040,Will,Ashcroft,Brisbane Lions,0.051532817316463586
2026,1,Sydney,Brisbane Lions,12519,Jarrod,Berry,Brisbane Lions,0.014605569528083975
2026,1,Sydney,Brisbane Lions,12838,Keidean,Coleman,Brisbane Lions,0.01547161517642245
2026,1,Sydney,Brisbane Lions,12810,Sam,Draper,Brisbane Lions,0.016787266017318277
2026,1,Sydney,Brisbane Lions,12408,Josh,Dunkley,Brisbane Lions,0.0842629823446944
2026,1,Sydney,Brisbane Lions,13072,Jaspa,Fletcher,Brisbane Lions,0.017896818652670617
2026,1,Sydney,Brisbane Lions,12724,Darcy,Fort,Brisbane Lions,0.014848891129532329
2026,1,Sydney,Brisbane Lions,13235,Ty,Gallop,Brisbane Lions,0.015416762333597258
2026,1,Sydney,Brisbane Lions,11894,Ryan,Lester,Brisbane Lions,0.0206769557011075
2026,1,Sydney,Brisbane Lions,12968,Kai,Lohmann,Brisbane Lions,0.017241601060989067
2026,1,Sydney,Brisbane Lions,12090,Lincoln,McCarthy,Brisbane Lions,0.017307301671296512
2026,1,Sydney,Brisbane Lions,12055,Lachie,Neale,Brisbane Lions,0.12316479632368267
2026,1,Sydney,Brisbane Lions,12592,Cam,Rayner,Brisbane Lions,0.010055788597673528
2026,1,Sydney,Brisbane Lions,13138,Bruce,Reville,Brisbane Lions,0.02156482147921193
2026,1,Sydney,Brisbane Lions,13005,James,Tunstill,Brisbane Lions,0.013209890272904836
2026,1,Sydney,Brisbane Lions,13026,Darcy,Wilmot,Brisbane Lions,0.03193668012430287
2026,1,Sydney,Brisbane Lions,13277,Zane,Zakostelsky,Brisbane Lions,0.01791667566242913
2026,1,Sydney,Brisbane Lions,12076,Dayne,Zorko,Brisbane Lions,0.046757780814889946
2026,1,Sydney,Brisbane Lions,12844,Joel,Amartey,Sydney,2.0526073883145077
2026,1,Sydney,Brisbane Lions,13195,Riley,Bice,Sydney,0.667234233832468
2026,1,Sydney,Brisbane Lions,12699,Nick,Blakey,Sydney,0.8423418448187698
2026,1,Sydney,Brisbane Lions,12421,Charlie,Curnow,Sydney,0.029848725482604973
2026,1,Sydney,Brisbane Lions,12217,Brodie,Grundy,Sydney,0.06288191214373258
2026,1,Sydney,Brisbane Lions,12862,Errol,Gulden,Sydney,0.19500366715950157
2026,1,Sydney,Brisbane Lions,12326,Isaac,Heeney,Sydney,0.2210899541404203
2026,1,Sydney,Brisbane Lions,12860,James,Jordon,Sydney,0.018835838107901872
2026,1,Sydney,Brisbane Lions,12268,Jake,Lloyd,Sydney,0.013949695029011552
2026,1,Sydney,Brisbane Lions,12627,Tom,McCartin,Sydney,0.6022012954219805
2026,1,Sydney,Brisbane Lions,12861,Logan,McDonald,Sydney,0.03783108475892691
2026,1,Sydney,Brisbane Lions,12711,Justin,McInerney,Sydney,0.18029862446576342
2026,1,Sydney,Brisbane Lions,12526,Lewis,Melican,Sydney,0.024326653141827536
2026,1,Sydney,Brisbane Lions,12413,Callum,Mills,Sydney,0.03693800737090379
2026,1,Sydney,Brisbane Lions,12412,Tom,Papley,Sydney,0.03187852757572726
2026,1,Sydney,Brisbane Lions,12140,Dane,Rampe,Sydney,0.014828148611285116
2026,1,Sydney,Brisbane Lions,12994,Matt,Roberts,Sydney,0.03311618831270781
2026,1,Sydney,Brisbane Lions,12903,Malcolm,Rosas,Sydney,0.020716139534992458
2026,1,Sydney,Brisbane Lions,12714,James,Rowbottom,Sydney,0.03687054137767172
2026,1,Sydney,Brisbane Lions,13022,Jai,Serong,Sydney,0.025927887228573695
2026,1,Sydney,Brisbane Lions,12951,Angus,Sheldrick,Sydney,0.09276667021159246
2026,1,Sydney,Brisbane Lions,12797,Chad,Warner,Sydney,0.11148334811899152
2026,1,Sydney,Brisbane Lions,12818,Sam,Wicks,Sydney,0.029082383264595526
2026,1,Collingwood,Adelaide,12414,Callum,Ah Chee,Adelaide,0.01913783766623846
2026,1,Collingwood,Adelaide,12849,Sam,Berry,Adelaide,0.09764894047764448
2026,1,Collingwood,Adelaide,13165,Hugh,Bond,Adelaide,0.026493497127226668
2026,1,Collingwood,Adelaide,12829,Jordon,Butts,Adelaide,0.024424462246765855
2026,1,Collingwood,Adelaide,12932,Brayden,Cook,Adelaide,0.03996991949057886
2026,1,Collingwood,Adelaide,12629,Isaac,Cumming,Adelaide,0.0513212162916057
2026,1,Collingwood,Adelaide,12516,Jordan,Dawson,Adelaide,0.12705006158249635
2026,1,Collingwood,Adelaide,12584,Darcy,Fogarty,Adelaide,0.03892630436160974
2026,1,Collingwood,Adelaide,12434,Ben,Keays,Adelaide,0.03973159145953625
2026,1,Collingwood,Adelaide,12165,Rory,Laird,Adelaide,0.06965864267925907
2026,1,Collingwood,Adelaide,13065,Lachlan,McAndrew,Adelaide,0.04130794680930626
2026,1,Collingwood,Adelaide,13027,Max,Michalanney,Adelaide,0.020336223054254355
2026,1,Collingwood,Adelaide,12405,Wayne,Milera,Adelaide,1.6369845329287467
2026,1,Collingwood,Adelaide,12872,Nick,Murray,Adelaide,0.02615789878187293
2026,1,Collingwood,Adelaide,13280,Toby,Murray,Adelaide,0.029095559393883783
2026,1,Collingwood,Adelaide,12367,Alex,Neal-Bullen,Adelaide,0.41374511090902855
2026,1,Collingwood,Adelaide,12934,James,Peatling,Adelaide,0.06370103610442072
2026,1,Collingwood,Adelaide,12921,Luke,Pedlar,Adelaide,0.02392121545169844
2026,1,Collingwood,Adelaide,12953,Josh,Rachele,Adelaide,0.13498772012926555
2026,1,Collingwood,Adelaide,12952,Jake,Soligo,Adelaide,0.03909440251757308
2026,1,Collingwood,Adelaide,12892,Riley,Thilthorpe,Adelaide,0.6382948925152727
2026,1,Collingwood,Adelaide,11713,Taylor,Walker,Adelaide,0.029749687218622842
2026,1,Collingwood,Adelaide,12912,Josh,Worrell,Adelaide,0.1877924486023352
2026,1,Collingwood,Adelaide,13146,Edward,Allan,Collingwood,0.019891169697484074
2026,1,Collingwood,Adelaide,13071,Jack,Buller,Collingwood,0.020062939709185563
2026,1,Collingwood,Adelaide,12660,Darcy,Cameron,Collingwood,0.17257206797646857
2026,1,Collingwood,Adelaide,12061,Jack,Crisp,Collingwood,0.0
2026,1,Collingwood,Adelaide,12573,Josh,Daicos,Collingwood,0.027757090619244158
2026,1,Collingwood,Adelaide,12943,Nick,Daicos,Collingwood,1.4067286761641495
2026,1,Collingwood,Adelaide,12318,Jordan,de Goey,Collingwood,0.015435633074102274
2026,1,Collingwood,Adelaide,12083,Jamie,Elliott,Collingwood,0.024429535257022534
2026,1,Collingwood,Adelaide,12676,Billy,Frampton,Collingwood,0.024339662688887032
2026,1,Collingwood,Adelaide,12495,Dan,Houston,Collingwood,0.22238488166009
2026,1,Collingwood,Adelaide,12578,Patrick,Lipinski,Collingwood,0.012533057561803135
2026,1,Collingwood,Adelaide,13023,Ned,Long,Collingwood,0.00889334408154448
2026,1,Collingwood,Adelaide,12371,Brayden,Maynard,Collingwood,0.019844005054305825
2026,1,Collingwood,Adelaide,12876,Beau,McCreery,Collingwood,0.01943875414756659
2026,1,Collingwood,Adelaide,12291,Daniel,McStay,Collingwood,0.021638485515711948
2026,1,Collingwood,Adelaide,12300,Tim,Membrey,Collingwood,0.01941272665387374
2026,1,Collingwood,Adelaide,13147,Wil,Parker,Collingwood,0.02054317301708929
2026,1,Collingwood,Adelaide,4182,Scott,Pendlebury,Collingwood,0.021476133816721688
2026,1,Collingwood,Adelaide,12536,Harry,Perryman,Collingwood,0.020245039808858046
2026,1,Collingwood,Adelaide,12740,Isaac,Quaynor,Collingwood,0.028044067571255344
2026,1,Collingwood,Adelaide,12700,Lachie,Schultz,Collingwood,0.018827628470551378
2026,1,Collingwood,Adelaide,11751,Steele,Sidebottom,Collingwood,0.017112999219393788
2026,1,Collingwood,Adelaide,13248,Roan,Steele,Collingwood,0.01885778044583138
2026,1,North Melbourne,Port Adelaide,13287,Tom,Blamires,North Melbourne,0.02725696161233624
2026,1,North Melbourne,Port Adelaide,12938,Charlie,Comben,North Melbourne,0.8850906018527469
2026,1,North Melbourne,Port Adelaide,12975,Paul,Curtis,North Melbourne,0.019384895043516683
2026,1,North Melbourne,Port Adelaide,12373,Caleb,Daniel,North Melbourne,0.02196585832660506
2026,1,North Melbourne,Port Adelaide,11905,Jack,Darling,North Melbourne,0.04116387464933589
2026,1,North Melbourne,Port Adelaide,12590,Luke,Davies-Uniacke,North Melbourne,0.45036046589537276
2026,1,North Melbourne,Port Adelaide,13288,Lachy,Dovaston,North Melbourne,0.016154713508888814
2026,1,North Melbourne,Port Adelaide,13106,Zane,Duursma,North Melbourne,0.017718918809596314
2026,1,North Melbourne,Port Adelaide,13186,Jacob,Konstanty,North Melbourne,0.01943783489892751
2026,1,North Melbourne,Port Adelaide,12563,Nick,Larkey,North Melbourne,0.1764739350008938
2026,1,North Melbourne,Port Adelaide,12511,Griffin,Logue,North Melbourne,0.030096120043792023
2026,1,North Melbourne,Port Adelaide,12246,Luke,McDonald,North Melbourne,0.034882469966157854
2026,1,North Melbourne,Port Adelaide,13107,Colby,McKercher,North Melbourne,0.03152684933360544
2026,1,North Melbourne,Port Adelaide,13187,Finn,OSullivan,North Melbourne,0.07388615859815906
2026,1,North Melbourne,Port Adelaide,11953,Luke,Parker,North Melbourne,0.9371504972642126
2026,1,North Melbourne,Port Adelaide,13108,Toby,Pink,North Melbourne,0.017003609943296673
2026,1,North Melbourne,Port Adelaide,12866,Tom,Powell,North Melbourne,0.06508198452304645
2026,1,North Melbourne,Port Adelaide,13034,Harry,Sheezel,North Melbourne,1.485833805364345
2026,1,North Melbourne,Port Adelaide,12502,Jy,Simpkin,North Melbourne,0.04763494189543325
2026,1,North Melbourne,Port Adelaide,12796,Dylan,Stephens,North Melbourne,0.8831494618492185
2026,1,North Melbourne,Port Adelaide,13263,Cooper,Trembath,North Melbourne,0.04009107901920873
2026,1,North Melbourne,Port Adelaide,12788,Tristan,Xerri,North Melbourne,0.21865172477745554
2026,1,North Melbourne,Port Adelaide,12557,Cameron,Zurhaar,North Melbourne,0.030398253865508464
2026,1,North Melbourne,Port Adelaide,12433,Aliir,Aliir,Port Adelaide,0.01929624810167186
2026,1,North Melbourne,Port Adelaide,12867,Miles,Bergman,Port Adelaide,0.01595607222041754
2026,1,North Melbourne,Port Adelaide,13188,Joe,Berry,Port Adelaide,0.01716061039097625
2026,1,North Melbourne,Port Adelaide,13007,Jase,Burgoyne,Port Adelaide,0.011242247648013022
2026,1,North Melbourne,Port Adelaide,12698,Zak,Butters,Port Adelaide,0.07692910863774649
2026,1,North Melbourne,Port Adelaide,12422,Darcy,Byrne-Jones,Port Adelaide,0.00391900652629374
2026,1,North Melbourne,Port Adelaide,12695,Willem,Drew,Port Adelaide,0.01623689856789088
2026,1,North Melbourne,Port Adelaide,12936,Corey,Durdin,Port Adelaide,0.013101506718495089
2026,1,North Melbourne,Port Adelaide,13156,Logan,Evans,Port Adelaide,0.014704385915312652
2026,1,North Melbourne,Port Adelaide,12664,Kane,Farrell,Port Adelaide,0.011289250441575228
2026,1,North Melbourne,Port Adelaide,12766,Mitch,Georgiades,Port Adelaide,0.010603572720915729
2026,1,North Melbourne,Port Adelaide,12956,Jason,Horne-Francis,Port Adelaide,0.026028709935239015
2026,1,North Melbourne,Port Adelaide,12882,Lachie,Jones,Port Adelaide,0.016362776704738548
2026,1,North Melbourne,Port Adelaide,13056,Ollie,Lord,Port Adelaide,0.01686896592959975
2026,1,North Melbourne,Port Adelaide,13269,Ewan,Mackinlay,Port Adelaide,0.01385241325672485
2026,1,North Melbourne,Port Adelaide,12575,Todd,Marshall,Port Adelaide,0.01914541635231188
2026,1,North Melbourne,Port Adelaide,12597,Esava,Ratugolea,Port Adelaide,0.022299533010818058
2026,1,North Melbourne,Port Adelaide,13139,Joe,Richards,Port Adelaide,0.011579722518326015
2026,1,North Melbourne,Port Adelaide,12697,Connor,Rozee,Port Adelaide,0.03294048825385786
2026,1,North Melbourne,Port Adelaide,13073,Dante,Visentini,Port Adelaide,0.014032598201150694
2026,1,North Melbourne,Port Adelaide,13289,Jack,Watkins,Port Adelaide,0.01816697669066348
2026,1,North Melbourne,Port Adelaide,12991,Jacob,Wehr,Port Adelaide,0.016798746333008464
2026,1,North Melbourne,Port Adelaide,13259,Jack,Whitlock,Port Adelaide,0.01108972887560642
2026,1,Melbourne,St Kilda,12756,Kade,Chandler,Melbourne,0.002973812002035517
2026,1,Melbourne,St Kilda,13015,Jai,Culley,Melbourne,0.003064933338453077
2026,1,Melbourne,St Kilda,12598,Bayley,Fritsch,Melbourne,0.008568952725908255
2026,1,Melbourne,St Kilda,11966,Max,Gawn,Melbourne,1.0437392486203152
2026,1,Melbourne,St Kilda,13098,Blake,Howes,Melbourne,0.005604580578659049
2026,1,Melbourne,St Kilda,12752,Changkuoth,Jiath,Melbourne,0.009344433572698804
2026,1,Melbourne,St Kilda,12393,Ed,Langdon,Melbourne,0.0029016605373802934
2026,1,Melbourne,St Kilda,13184,Harvey,Langford,Melbourne,0.032160484634755696
2026,1,Melbourne,St Kilda,12351,Jake,Lever,Melbourne,0.01324847192037805
2026,1,Melbourne,St Kilda,13185,Xavier,Lindsay,Melbourne,0.00155423167764214
2026,1,Melbourne,St Kilda,12639,Brody,Mihocek,Melbourne,0.03784988724627819
2026,1,Melbourne,St Kilda,12653,Harry,Petty,Melbourne,0.014191441467645186
2026,1,Melbourne,St Kilda,12771,Kysaiah,Pickett,Melbourne,0.11959979526375274
2026,1,Melbourne,St Kilda,13286,Latrelle,Pickett,Melbourne,0.007267605566060917
2026,1,Melbourne,St Kilda,12778,Trent,Rivers,Melbourne,0.0031956106713685734
2026,1,Melbourne,St Kilda,12272,Christian,Salem,Melbourne,0.13793180549596867
2026,1,Melbourne,St Kilda,12864,Harry,Sharp,Melbourne,0.01100315602858705
2026,1,Melbourne,St Kilda,12693,Tom,Sparrow,Melbourne,0.004874173356993902
2026,1,Melbourne,St Kilda,12368,Jack,Steele,Melbourne,0.17584528242307357
2026,1,Melbourne,St Kilda,13123,Koltyn,Tholstrup,Melbourne,0.009592376406708639
2026,1,Melbourne,St Kilda,12996,Daniel,Turner,Melbourne,0.0076642946807527895
2026,1,Melbourne,St Kilda,13048,Jacob,van Rooyen,Melbourne,2.3187118128946476
2026,1,Melbourne,St Kilda,13099,Caleb,Windsor,Melbourne,0.04021420532889004
2026,1,Melbourne,St Kilda,13220,Hugh,Boxshall,St Kilda,0.0
2026,1,Melbourne,St Kilda,13035,Anthony,Caminiti,St Kilda,0.00939456995466785
2026,1,Melbourne,St Kilda,12976,Jack,Carroll,St Kilda,0.006175921429529593
2026,1,Melbourne,St Kilda,12674,Tom,De Koning,St Kilda,0.0
2026,1,Melbourne,St Kilda,12824,Sam,Flanders,St Kilda,0.08097302241707285
2026,1,Melbourne,St Kilda,13125,Hugo,Garcia,St Kilda,0.0
2026,1,Melbourne,St Kilda,13193,Max,Hall,St Kilda,1.2671306295525675
2026,1,Melbourne,St Kilda,12609,Jack,Higgins,St Kilda,0.004015598011219576
2026,1,Melbourne,St Kilda,12060,Bradley,Hill,St Kilda,0.0
2026,1,Melbourne,St Kilda,13201,Isaac,Keeler,St Kilda,0.0064379833889578325
2026,1,Melbourne,St Kilda,12166,Jack,Macrae,St Kilda,0.0
2026,1,Melbourne,St Kilda,12948,Mitch,Owens,St Kilda,0.0071360575111203
2026,1,Melbourne,St Kilda,13036,Mattaes,Phillipou,St Kilda,0.005557082580762582
2026,1,Melbourne,St Kilda,12600,Liam,Ryan,St Kilda,0.006903927812829516
2026,1,Melbourne,St Kilda,12929,Cooper,Sharman,St Kilda,0.005221368374803623
2026,1,Melbourne,St Kilda,12458,Jack,Silvagni,St Kilda,0.008607069705153972
2026,1,Melbourne,St Kilda,12325,Jack,Sinclair,St Kilda,0.30281000903026384
2026,1,Melbourne,St Kilda,13243,Alix,Tauru,St Kilda,0.00391684229404464
2026,1,Melbourne,St Kilda,12950,Nasiah,Wanganeen-Milera,St Kilda,0.02690972442721891
2026,1,Melbourne,St Kilda,12703,Callum,Wilkie,St Kilda,0.0
2026,1,Melbourne,St Kilda,13110,Darcy,Wilson,St Kilda,0.0
2026,1,Melbourne,St Kilda,12967,Marcus,Windhager,St Kilda,0.2458982024461353
2026,1,Melbourne,St Kilda,12312,Mason,Wood,St Kilda,0.0018097346209390713
2026,1,Gold Coast,West Coast,13251,Oscar,Adams,Gold Coast,0.0
2026,1,Gold Coast,West Coast,12767,Noah,Anderson,Gold Coast,1.70303841314481
2026,1,Gold Coast,West Coast,13019,Mac,Andrew,Gold Coast,0.0
2026,1,Gold Coast,West Coast,13119,Sam,Clohesy,Gold Coast,0.0
2026,1,Gold Coast,West Coast,12444,Sam,Collins,Gold Coast,0.0
2026,1,Gold Coast,West Coast,12942,Alex,Davies,Gold Coast,0.0
2026,1,Gold Coast,West Coast,12848,Jy,Farrar,Gold Coast,0.0
2026,1,Gold Coast,West Coast,13120,Will,Graham,Gold Coast,0.0
2026,1,Gold Coast,West Coast,12933,Joel,Jeffrey,Gold Coast,0.13875829373530368
2026,1,Gold Coast,West Coast,12728,Ben,King,Gold Coast,0.5178448474016164
2026,1,Gold Coast,West Coast,13232,Leo,Lombard,Gold Coast,0.0
2026,1,Gold Coast,West Coast,12521,Ben,Long,Gold Coast,0.0
2026,1,Gold Coast,West Coast,12331,Touk,Miller,Gold Coast,0.09363731590627676
2026,1,Gold Coast,West Coast,12743,John,Noble,Gold Coast,0.0
2026,1,Gold Coast,West Coast,12430,Christian,Petracca,Gold Coast,2.6159015910604038
2026,1,Gold Coast,West Coast,12652,Wil,Powell,Gold Coast,0.006390445546457443
2026,1,Gold Coast,West Coast,13121,Ethan,Read,Gold Coast,0.0
2026,1,Gold Coast,West Coast,12403,Daniel,Rioli,Gold Coast,0.0
2026,1,Gold Coast,West Coast,13126,Jake,Rogers,Gold Coast,0.0
2026,1,Gold Coast,West Coast,13041,Bodhi,Uwland,Gold Coast,0.0
2026,1,Gold Coast,West Coast,13278,Zeke,Uwland,Gold Coast,0.0
2026,1,Gold Coast,West Coast,12385,Lachie,Weller,Gold Coast,0.0
2026,1,Gold Coast,West Coast,12177,Jarrod,Witts,Gold Coast,0.9129974764097907
2026,1,Gold Coast,West Coast,12576,Jack,Graham,West Coast,0.0
2026,1,Gold Coast,West Coast,13221,Bo,Allan,West Coast,0.0
2026,1,Gold Coast,West Coast,12446,Tom,Cole,West Coast,0.0
2026,1,Gold Coast,West Coast,11937,Jamie,Cripps,West Coast,0.0
2026,1,Gold Coast,West Coast,13210,Hamish,Davis,West Coast,0.0
2026,1,Gold Coast,West Coast,13291,Cooper,Duff-Tytler,West Coast,0.0
2026,1,Gold Coast,West Coast,12334,Liam,Duggan,West Coast,0.0
2026,1,Gold Coast,West Coast,13292,Willem,Duursma,West Coast,0.0
2026,1,Gold Coast,West Coast,12870,Matt,Flynn,West Coast,0.0
2026,1,Gold Coast,West Coast,13038,Reuben,Ginbey,West Coast,0.0
2026,1,Gold Coast,West Coast,12957,Brady,Hough,West Coast,0.0
2026,1,Gold Coast,West Coast,13293,Josh,Lindsay,West Coast,0.0
2026,1,Gold Coast,West Coast,13070,Ryan,Maric,West Coast,0.0
2026,1,Gold Coast,West Coast,13240,Tom,McCarthy,West Coast,0.0
2026,1,Gold Coast,West Coast,13294,Milan,Murdock,West Coast,0.0
2026,1,Gold Coast,West Coast,13267,Jacob,Newton,West Coast,0.0
2026,1,Gold Coast,West Coast,13196,Archer,Reid,West Coast,0.0
2026,1,Gold Coast,West Coast,13111,Harley,Reid,West Coast,0.011431616795402527
2026,1,Gold Coast,West Coast,12774,Deven,Robertson,West Coast,0.0
2026,1,Gold Coast,West Coast,13247,Jobe,Shanahan,West Coast,0.0
2026,1,Gold Coast,West Coast,12601,Jake,Waterman,West Coast,0.0
2026,1,Gold Coast,West Coast,12087,Elliot,Yeo,West Coast,0.0
2026,1,Gold Coast,West Coast,13043,Tylar,Young,West Coast,0.0
2026,2,Hawthorn,Sydney,12357,Karl,Amon,Hawthorn,0.044189978867090675
2026,2,Hawthorn,Sydney,12383,Tom,Barrass,Hawthorn,0.16735935256003195
2026,2,Hawthorn,Sydney,12558,Josh,Battle,Hawthorn,0.020248418522415636
2026,2,Hawthorn,Sydney,12988,Sam,Butler,Hawthorn,0.011731785681091657
2026,2,Hawthorn,Sydney,12485,Mabior,Chol,Hawthorn,0.01774116075358354
2026,2,Hawthorn,Sydney,12998,Massimo,DAmbrosio,Hawthorn,0.029480691416361705
2026,2,Hawthorn,Sydney,12927,Jack,Ginnivan,Hawthorn,0.015855817127987178
2026,2,Hawthorn,Sydney,11845,Jack,Gunston,Hawthorn,1.0682869542533555
2026,2,Hawthorn,Sydney,12469,Blake,Hardwick,Hawthorn,0.018296067503711134
2026,2,Hawthorn,Sydney,12237,Jarman,Impey,Hawthorn,0.0456075058809375
2026,2,Hawthorn,Sydney,12636,Mitch,Lewis,Hawthorn,0.015369894285056591
2026,2,Hawthorn,Sydney,12954,Connor,Macdonald,Hawthorn,0.0
2026,2,Hawthorn,Sydney,13031,Cam,Mackenzie,Hawthorn,0.07349711400432102
2026,2,Hawthorn,Sydney,12856,Lloyd,Meek,Hawthorn,0.02258919421097586
2026,2,Hawthorn,Sydney,12710,Dylan,Moore,Hawthorn,0.8498834989602331
2026,2,Hawthorn,Sydney,12670,Conor,Nash,Hawthorn,0.06483506714496123
2026,2,Hawthorn,Sydney,12915,Jai,Newcombe,Hawthorn,2.3991941988065193
2026,2,Hawthorn,Sydney,12906,Ned,Reeves,Hawthorn,0.015664733679071792
2026,2,Hawthorn,Sydney,12565,Jack,Scrimshaw,Hawthorn,0.0155436605572443
2026,2,Hawthorn,Sydney,12332,James,Sicily,Hawthorn,0.06684808456261751
2026,2,Hawthorn,Sydney,12955,Josh,Ward,Hawthorn,0.14467396899157756
2026,2,Hawthorn,Sydney,13105,Nick,Watson,Hawthorn,0.017064877237340827
2026,2,Hawthorn,Sydney,13057,Josh,Weddle,Hawthorn,0.02988169006710816
2026,2,Hawthorn,Sydney,12844,Joel,Amartey,Sydney,0.014452627714830447
2026,2,Hawthorn,Sydney,13195,Riley,Bice,Sydney,0.016321520139099023
2026,2,Hawthorn,Sydney,12699,Nick,Blakey,Sydney,0.02548161059037072
2026,2,Hawthorn,Sydney,13157,Caiden,Cleary,Sydney,0.013738335176404527
2026,2,Hawthorn,Sydney,12421,Charlie,Curnow,Sydney,0.004777583632189643
2026,2,Hawthorn,Sydney,12217,Brodie,Grundy,Sydney,0.14401471695658769
2026,2,Hawthorn,Sydney,12860,James,Jordon,Sydney,0.014404753058843735
2026,2,Hawthorn,Sydney,12268,Jake,Lloyd,Sydney,0.00598164757516207
2026,2,Hawthorn,Sydney,12627,Tom,McCartin,Sydney,0.020960541553081476
2026,2,Hawthorn,Sydney,12861,Logan,McDonald,Sydney,0.013827693376231916
2026,2,Hawthorn,Sydney,12711,Justin,McInerney,Sydney,0.02927183075411969
2026,2,Hawthorn,Sydney,12526,Lewis,Melican,Sydney,0.015745350767498507
2026,2,Hawthorn,Sydney,12413,Callum,Mills,Sydney,0.10353536325302459
2026,2,Hawthorn,Sydney,12412,Tom,Papley,Sydney,0.020408169985864623
2026,2,Hawthorn,Sydney,12140,Dane,Rampe,Sydney,0.012351734663474674
2026,2,Hawthorn,Sydney,12994,Matt,Roberts,Sydney,0.017710108993728636
2026,2,Hawthorn,Sydney,12903,Malcolm,Rosas,Sydney,0.01014926891183044
2026,2,Hawthorn,Sydney,12714,James,Rowbottom,Sydney,0.04996389055233095
2026,2,Hawthorn,Sydney,13022,Jai,Serong,Sydney,0.013796479804557261
2026,2,Hawthorn,Sydney,12951,Angus,Sheldrick,Sydney,0.027273147159703477
2026,2,Hawthorn,Sydney,12797,Chad,Warner,Sydney,0.23983035851830062
2026,2,Hawthorn,Sydney,13053,Corey,Warner,Sydney,0.014231780552381064
2026,2,Hawthorn,Sydney,12818,Sam,Wicks,Sydney,0.017927771235829927
2026,2,Adelaide,Western Bulldogs,12414,Callum,Ah Chee,Adelaide,0.0034611378156535902
2026,2,Adelaide,Western Bulldogs,12849,Sam,Berry,Adelaide,0.014989502911651006
2026,2,Adelaide,Western Bulldogs,12829,Jordon,Butts,Adelaide,0.14627319995267973
2026,2,Adelaide,Western Bulldogs,12932,Brayden,Cook,Adelaide,0.004314873157047442
2026,2,Adelaide,Western Bulldogs,12629,Isaac,Cumming,Adelaide,0.002507046699278163
2026,2,Adelaide,Western Bulldogs,12516,Jordan,Dawson,Adelaide,0.3156622925940566
2026,2,Adelaide,Western Bulldogs,12584,Darcy,Fogarty,Adelaide,0.0
2026,2,Adelaide,Western Bulldogs,12691,Chayce,Jones,Adelaide,0.0
2026,2,Adelaide,Western Bulldogs,12434,Ben,Keays,Adelaide,0.010507813340663905
2026,2,Adelaide,Western Bulldogs,12165,Rory,Laird,Adelaide,0.0
2026,2,Adelaide,Western Bulldogs,13065,Lachlan,McAndrew,Adelaide,0.007394296591000452
2026,2,Adelaide,Western Bulldogs,13027,Max,Michalanney,Adelaide,0.010548801413833256
2026,2,Adelaide,Western Bulldogs,12405,Wayne,Milera,Adelaide,0.004928300436638542
2026,2,Adelaide,Western Bulldogs,12872,Nick,Murray,Adelaide,0.009826211681703043
2026,2,Adelaide,Western Bulldogs,12367,Alex,Neal-Bullen,Adelaide,0.003476331593464042
2026,2,Adelaide,Western Bulldogs,12934,James,Peatling,Adelaide,0.0
2026,2,Adelaide,Western Bulldogs,12921,Luke,Pedlar,Adelaide,0.004580440270520223
2026,2,Adelaide,Western Bulldogs,12953,Josh,Rachele,Adelaide,0.026296575718980156
2026,2,Adelaide,Western Bulldogs,12798,Izak,Rankine,Adelaide,0.0
2026,2,Adelaide,Western Bulldogs,12952,Jake,Soligo,Adelaide,0.02137935818842114
2026,2,Adelaide,Western Bulldogs,12892,Riley,Thilthorpe,Adelaide,0.018257834450198823
2026,2,Adelaide,Western Bulldogs,11713,Taylor,Walker,Adelaide,0.0
2026,2,Adelaide,Western Bulldogs,12912,Josh,Worrell,Adelaide,0.0
2026,2,Adelaide,Western Bulldogs,12723,Oskar,Baker,Western Bulldogs,0.017427844412227708
2026,2,Adelaide,Western Bulldogs,12269,Marcus,Bontempelli,Western Bulldogs,2.2933442142172082
2026,2,Adelaide,Western Bulldogs,12916,Lachlan,Bramble,Western Bulldogs,0.004115756434345323
2026,2,Adelaide,Western Bulldogs,12769,Connor,Budarick,Western Bulldogs,0.005306207436734337
2026,2,Adelaide,Western Bulldogs,13265,Jordan,Croft,Western Bulldogs,0.008035748339346907
2026,2,Adelaide,Western Bulldogs,12354,Bailey,Dale,Western Bulldogs,0.005904365944415028
2026,2,Adelaide,Western Bulldogs,13021,Sam,Darcy,Western Bulldogs,0.026712765716222567
2026,2,Adelaide,Western Bulldogs,13178,Sam,Davidson,Western Bulldogs,0.010772393166209052
2026,2,Adelaide,Western Bulldogs,12537,Tim,English,Western Bulldogs,0.025570231312060446
2026,2,Adelaide,Western Bulldogs,13140,Joel,Freijah,Western Bulldogs,1.4889240346406531
2026,2,Adelaide,Western Bulldogs,13213,Cooper,Hynes,Western Bulldogs,0.0031483150273296104
2026,2,Adelaide,Western Bulldogs,13275,Lachie,Jaques,Western Bulldogs,0.006074603181549358
2026,2,Adelaide,Western Bulldogs,12455,Matthew,Kennedy,Western Bulldogs,0.19128503347464051
2026,2,Adelaide,Western Bulldogs,12900,Buku,Khamis,Western Bulldogs,0.015769560423940496
2026,2,Adelaide,Western Bulldogs,11898,Tom,Liberatore,Western Bulldogs,0.46641144653783734
2026,2,Adelaide,Western Bulldogs,12282,Rory,Lobb,Western Bulldogs,0.00741775409062194
2026,2,Adelaide,Western Bulldogs,12594,Aaron,Naughton,Western Bulldogs,0.02918785744602334
2026,2,Adelaide,Western Bulldogs,13061,James,ODonnell,Western Bulldogs,0.01185474067144672
2026,2,Adelaide,Western Bulldogs,12605,Ed,Richards,Western Bulldogs,0.34320105439669024
2026,2,Adelaide,Western Bulldogs,13103,Ryley,Sanders,Western Bulldogs,0.015315366595325744
2026,2,Adelaide,Western Bulldogs,13276,Michael,Sellwood,Western Bulldogs,0.011150019477940518
2026,2,Adelaide,Western Bulldogs,12748,Rhylee,West,Western Bulldogs,0.003489538685455638
2026,2,Adelaide,Western Bulldogs,12441,Bailey,Williams,Western Bulldogs,0.40517713154995644
2026,2,Richmond,Gold Coast,12767,Noah,Anderson,Gold Coast,0.22607598716453545
2026,2,Richmond,Gold Coast,13019,Mac,Andrew,Gold Coast,0.012279245848893797
2026,2,Richmond,Gold Coast,12625,Charlie,Ballard,Gold Coast,0.006996483222180578
2026,2,Richmond,Gold Coast,13119,Sam,Clohesy,Gold Coast,0.018380753367204725
2026,2,Richmond,Gold Coast,12444,Sam,Collins,Gold Coast,0.0516034754964602
2026,2,Richmond,Gold Coast,12942,Alex,Davies,Gold Coast,0.004591372502502051
2026,2,Richmond,Gold Coast,13120,Will,Graham,Gold Coast,0.012598428659009009
2026,2,Richmond,Gold Coast,13049,Bailey,Humphrey,Gold Coast,0.02517679994484827
2026,2,Richmond,Gold Coast,12933,Joel,Jeffrey,Gold Coast,0.16528194109863062
2026,2,Richmond,Gold Coast,12728,Ben,King,Gold Coast,2.3190498533552844
2026,2,Richmond,Gold Coast,13232,Leo,Lombard,Gold Coast,0.004811840056261175
2026,2,Richmond,Gold Coast,12521,Ben,Long,Gold Coast,0.0
2026,2,Richmond,Gold Coast,12331,Touk,Miller,Gold Coast,1.6933476194832637
2026,2,Richmond,Gold Coast,12743,John,Noble,Gold Coast,0.008309131517550306
2026,2,Richmond,Gold Coast,12430,Christian,Petracca,Gold Coast,0.09163565575002638
2026,2,Richmond,Gold Coast,12652,Wil,Powell,Gold Coast,0.04667351858293656
2026,2,Richmond,Gold Coast,13121,Ethan,Read,Gold Coast,0.2906356019826369
2026,2,Richmond,Gold Coast,12403,Daniel,Rioli,Gold Coast,0.0007188320815386124
2026,2,Richmond,Gold Coast,13126,Jake,Rogers,Gold Coast,0.0003972201514874658
2026,2,Richmond,Gold Coast,13041,Bodhi,Uwland,Gold Coast,0.6563896328891262
2026,2,Richmond,Gold Coast,13278,Zeke,Uwland,Gold Coast,0.0003656704543002216
2026,2,Richmond,Gold Coast,12385,Lachie,Weller,Gold Coast,0.0007310079013531929
2026,2,Richmond,Gold Coast,12177,Jarrod,Witts,Gold Coast,0.18762351326980323
2026,2,Richmond,Gold Coast,12712,Jack,Ross,Richmond,0.012819608998426157
2026,2,Richmond,Gold Coast,13189,Harry,Armstrong,Richmond,0.0
2026,2,Richmond,Gold Coast,12686,Noah,Balta,Richmond,0.0
2026,2,Richmond,Gold Coast,13078,Sam,Banks,Richmond,0.0
2026,2,Richmond,Gold Coast,12456,Nathan,Broad,Richmond,0.0
2026,2,Richmond,Gold Coast,13096,Tom,Brown,Richmond,0.0
2026,2,Richmond,Gold Coast,13100,Seth,Campbell,Richmond,0.00819804045744113
2026,2,Richmond,Gold Coast,13145,Steely,Green,Richmond,0.0
2026,2,Richmond,Gold Coast,13290,Sam,Grlj,Richmond,0.0
2026,2,Richmond,Gold Coast,12440,Jacob,Hopper,Richmond,0.048211886876330545
2026,2,Richmond,Gold Coast,13190,Sam,Lalor,Richmond,0.0
2026,2,Richmond,Gold Coast,13113,Mykelti,Lefau,Richmond,0.0
2026,2,Richmond,Gold Coast,11948,Tom,Lynch,Richmond,0.0
2026,2,Richmond,Gold Coast,12941,Ben,Miller,Richmond,0.00592779963854645
2026,2,Richmond,Gold Coast,12374,Toby,Nankervis,Richmond,0.0
2026,2,Richmond,Gold Coast,11917,Dion,Prestia,Richmond,0.0
2026,2,Richmond,Gold Coast,12902,Hugo,Ralphsmith,Richmond,0.0
2026,2,Richmond,Gold Coast,12935,Maurice,Rioli,Richmond,0.0
2026,2,Richmond,Gold Coast,12418,Jayden,Short,Richmond,0.0
2026,2,Richmond,Gold Coast,13014,Tyler,Sonsie,Richmond,0.0009903374281449724
2026,2,Richmond,Gold Coast,12504,Tim,Taranto,Richmond,0.10017874181462139
2026,2,Richmond,Gold Coast,13095,James,Trezise,Richmond,0.0
2026,2,Richmond,Gold Coast,12174,Nick,Vlastuin,Richmond,0.0
2026,2,Greater Western Sydney,St Kilda,13001,Ryan,Angwin,Greater Western Sydney,0.05947615862726452
2026,2,Greater Western Sydney,St Kilda,12782,Lachie,Ash,Greater Western Sydney,0.9727500483150356
2026,2,Greater Western Sydney,St Kilda,12904,Kieren,Briggs,Greater Western Sydney,0.027103361978157464
2026,2,Greater Western Sydney,St Kilda,12910,Callum,Brown,Greater Western Sydney,0.025856478353672246
2026,2,Greater Western Sydney,St Kilda,12846,Jack,Buckley,Greater Western Sydney,0.028982138633318194
2026,2,Greater Western Sydney,St Kilda,12969,Finn,Callaghan,Greater Western Sydney,0.1401260387139947
2026,2,Greater Western Sydney,St Kilda,12028,Stephen,Coniglio,Greater Western Sydney,0.0770264386573511
2026,2,Greater Western Sydney,St Kilda,13222,Josaia,Delana,Greater Western Sydney,0.023859139288944314
2026,2,Greater Western Sydney,St Kilda,13164,Joe,Fonti,Greater Western Sydney,0.030425077580627125
2026,2,Greater Western Sydney,St Kilda,13279,Phoenix,Gothard,Greater Western Sydney,0.029618156579026403
2026,2,Greater Western Sydney,St Kilda,12025,Toby,Greene,Greater Western Sydney,0.06692381036078505
2026,2,Greater Western Sydney,St Kilda,13158,Max,Gruzewski,Greater Western Sydney,0.02566384461696128
2026,2,Greater Western Sydney,St Kilda,12462,Harry,Himmelberg,Greater Western Sydney,0.029743992159644947
2026,2,Greater Western Sydney,St Kilda,12321,Jesse,Hogan,Greater Western Sydney,0.04093114159051345
2026,2,Greater Western Sydney,St Kilda,12750,Connor,Idun,Greater Western Sydney,0.03255393498049927
2026,2,Greater Western Sydney,St Kilda,12377,Jayden,Laverde,Greater Western Sydney,0.027905283139320725
2026,2,Greater Western Sydney,St Kilda,12821,Xavier,OHalloran,Greater Western Sydney,0.03579582506353095
2026,2,Greater Western Sydney,St Kilda,12410,Clayton,Oliver,Greater Western Sydney,0.5406167904856635
2026,2,Greater Western Sydney,St Kilda,12834,Jake,Riccardi,Greater Western Sydney,0.02537175495361818
2026,2,Greater Western Sydney,St Kilda,13045,Harry,Rowston,Greater Western Sydney,0.028800061305408145
2026,2,Greater Western Sydney,St Kilda,12167,Jake,Stringer,Greater Western Sydney,0.014581156338599549
2026,2,Greater Western Sydney,St Kilda,13101,Harvey,Thomas,Greater Western Sydney,0.0733021526461204
2026,2,Greater Western Sydney,St Kilda,12143,Lachie,Whitfield,Greater Western Sydney,0.055405442134915356
2026,2,Greater Western Sydney,St Kilda,13220,Hugh,Boxshall,St Kilda,0.03343011588252161
2026,2,Greater Western Sydney,St Kilda,13035,Anthony,Caminiti,St Kilda,0.030037272664198256
2026,2,Greater Western Sydney,St Kilda,12976,Jack,Carroll,St Kilda,0.028402985385323126
2026,2,Greater Western Sydney,St Kilda,12674,Tom,De Koning,St Kilda,0.04068432760330572
2026,2,Greater Western Sydney,St Kilda,12824,Sam,Flanders,St Kilda,0.09592713431897412
2026,2,Greater Western Sydney,St Kilda,13125,Hugo,Garcia,St Kilda,0.09410181068135934
2026,2,Greater Western Sydney,St Kilda,13193,Max,Hall,St Kilda,0.07143626898852017
2026,2,Greater Western Sydney,St Kilda,12609,Jack,Higgins,St Kilda,0.04633017253347717
2026,2,Greater Western Sydney,St Kilda,12060,Bradley,Hill,St Kilda,0.043418853358773976
2026,2,Greater Western Sydney,St Kilda,12564,Rowan,Marshall,St Kilda,0.09053218753819427
2026,2,Greater Western Sydney,St Kilda,12948,Mitch,Owens,St Kilda,0.03164482078178661
2026,2,Greater Western Sydney,St Kilda,13036,Mattaes,Phillipou,St Kilda,0.0264514530363677
2026,2,Greater Western Sydney,St Kilda,12600,Liam,Ryan,St Kilda,0.028073401330533848
2026,2,Greater Western Sydney,St Kilda,12929,Cooper,Sharman,St Kilda,0.029315015930357805
2026,2,Greater Western Sydney,St Kilda,12458,Jack,Silvagni,St Kilda,0.037502303857741295
2026,2,Greater Western Sydney,St Kilda,12325,Jack,Sinclair,St Kilda,0.8231596320146912
2026,2,Greater Western Sydney,St Kilda,12721,Liam,Stocker,St Kilda,0.03280183549149525
2026,2,Greater Western Sydney,St Kilda,13243,Alix,Tauru,St Kilda,0.038932475468116304
2026,2,Greater Western Sydney,St Kilda,12950,Nasiah,Wanganeen-Milera,St Kilda,0.2727533748857728
2026,2,Greater Western Sydney,St Kilda,12703,Callum,Wilkie,St Kilda,1.2895397818454835
2026,2,Greater Western Sydney,St Kilda,13110,Darcy,Wilson,St Kilda,0.3160355057180906
2026,2,Greater Western Sydney,St Kilda,12967,Marcus,Windhager,St Kilda,0.039255385052616346
2026,2,Greater Western Sydney,St Kilda,12312,Mason,Wood,St Kilda,0.04741565914506714
2026,2,Fremantle,Melbourne,12983,Jye,Amiss,Fremantle,0.0
2026,2,Fremantle,Melbourne,12535,Shai,Bolton,Fremantle,1.963450399299424
2026,2,Fremantle,Melbourne,12589,Andrew,Brayshaw,Fremantle,1.992166901979322
2026,2,Fremantle,Melbourne,12875,Heath,Chapman,Fremantle,0.0
2026,2,Fremantle,Melbourne,12688,Jordan,Clark,Fremantle,0.0
2026,2,Fremantle,Melbourne,12547,Sean,Darcy,Fremantle,0.0
2026,2,Fremantle,Melbourne,13204,Isaiah,Dudley,Fremantle,0.0
2026,2,Fremantle,Melbourne,12966,Neil,Erasmus,Fremantle,0.0
2026,2,Fremantle,Melbourne,12779,Luke,Jackson,Fremantle,0.0
2026,2,Fremantle,Melbourne,13047,Matthew,Johnson,Fremantle,0.0
2026,2,Fremantle,Melbourne,12394,Oscar,McDonald,Fremantle,0.0
2026,2,Fremantle,Melbourne,13033,Judd,McVee,Fremantle,0.0
2026,2,Fremantle,Melbourne,12960,Nathan,ODriscoll,Fremantle,0.0
2026,2,Fremantle,Melbourne,12352,Alex,Pearce,Fremantle,0.0
2026,2,Fremantle,Melbourne,13180,Murphy,Reid,Fremantle,0.0035569333394980668
2026,2,Fremantle,Melbourne,12542,Luke,Ryan,Fremantle,0.0
2026,2,Fremantle,Melbourne,13296,Chris,Scerri,Fremantle,0.0
2026,2,Fremantle,Melbourne,12786,Caleb,Serong,Fremantle,0.0
2026,2,Fremantle,Melbourne,12672,Sam,Switkowski,Fremantle,0.0
2026,2,Fremantle,Melbourne,12887,Josh,Treacy,Fremantle,1.2743102778434805
2026,2,Fremantle,Melbourne,13129,Patrick,Voss,Fremantle,0.0
2026,2,Fremantle,Melbourne,12453,Corey,Wagner,Fremantle,0.0
2026,2,Fremantle,Melbourne,13075,Karl,Worner,Fremantle,0.0
2026,2,Fremantle,Melbourne,12756,Kade,Chandler,Melbourne,0.0
2026,2,Fremantle,Melbourne,13015,Jai,Culley,Melbourne,0.0
2026,2,Fremantle,Melbourne,12598,Bayley,Fritsch,Melbourne,0.0
2026,2,Fremantle,Melbourne,11966,Max,Gawn,Melbourne,0.7140438660882226
2026,2,Fremantle,Melbourne,13098,Blake,Howes,Melbourne,0.0
2026,2,Fremantle,Melbourne,12752,Changkuoth,Jiath,Melbourne,0.0
2026,2,Fremantle,Melbourne,12393,Ed,Langdon,Melbourne,0.0
2026,2,Fremantle,Melbourne,13184,Harvey,Langford,Melbourne,0.0
2026,2,Fremantle,Melbourne,12351,Jake,Lever,Melbourne,0.0
2026,2,Fremantle,Melbourne,13185,Xavier,Lindsay,Melbourne,0.0
2026,2,Fremantle,Melbourne,12639,Brody,Mihocek,Melbourne,0.0
2026,2,Fremantle,Melbourne,12653,Harry,Petty,Melbourne,0.0
2026,2,Fremantle,Melbourne,12771,Kysaiah,Pickett,Melbourne,0.0
2026,2,Fremantle,Melbourne,13286,Latrelle,Pickett,Melbourne,0.0
2026,2,Fremantle,Melbourne,12778,Trent,Rivers,Melbourne,0.0
2026,2,Fremantle,Melbourne,12272,Christian,Salem,Melbourne,0.0
2026,2,Fremantle,Melbourne,12864,Harry,Sharp,Melbourne,0.0
2026,2,Fremantle,Melbourne,12693,Tom,Sparrow,Melbourne,0.0
2026,2,Fremantle,Melbourne,12368,Jack,Steele,Melbourne,0.052471621451380526
2026,2,Fremantle,Melbourne,13123,Koltyn,Tholstrup,Melbourne,0.0
2026,2,Fremantle,Melbourne,12996,Daniel,Turner,Melbourne,0.0
2026,2,Fremantle,Melbourne,13048,Jacob,van Rooyen,Melbourne,0.0
2026,2,Fremantle,Melbourne,13099,Caleb,Windsor,Melbourne,0.0
2026,2,Port Adelaide,Essendon,13237,Lachlan,Blakiston,Essendon,0.008276838152265537
2026,2,Port Adelaide,Essendon,13148,Nate,Caddy,Essendon,0.05243314088140958
2026,2,Port Adelaide,Essendon,12755,Jye,Caldwell,Essendon,0.0
2026,2,Port Adelaide,Essendon,12925,Sam,Durham,Essendon,0.021615390621447482
2026,2,Port Adelaide,Essendon,12696,Xavier,Duursma,Essendon,0.009077430231517464
2026,2,Port Adelaide,Essendon,13281,Hussien,El Achkar,Essendon,0.007528882603904908
2026,2,Port Adelaide,Essendon,12481,Brayden,Fiorini,Essendon,0.00555988186625902
2026,2,Port Adelaide,Essendon,13231,Zak,Johnson,Essendon,0.014281829184900558
2026,2,Port Adelaide,Essendon,13177,Isaac,Kako,Essendon,0.006507452345137383
2026,2,Port Adelaide,Essendon,13282,Max,Kondogiannis,Essendon,0.008403728451825432
2026,2,Port Adelaide,Essendon,12349,Kyle,Langford,Essendon,0.005268699207863875
2026,2,Port Adelaide,Essendon,12491,Andrew,McGrath,Essendon,0.0
2026,2,Port Adelaide,Essendon,12580,Ben,McKay,Essendon,0.011672500266834135
2026,2,Port Adelaide,Essendon,12241,Zach,Merrett,Essendon,0.03097178338154561
2026,2,Port Adelaide,Essendon,13258,Jayden,Nguyen,Essendon,0.006355163212045956
2026,2,Port Adelaide,Essendon,12406,Darcy,Parish,Essendon,0.05519134939541374
2026,2,Port Adelaide,Essendon,12879,Archie,Perkins,Essendon,0.012476740325314673
2026,2,Port Adelaide,Essendon,12874,Jaxon,Prior,Essendon,0.007284239017043359
2026,2,Port Adelaide,Essendon,12437,Mason,Redman,Essendon,0.00998148838589657
2026,2,Port Adelaide,Essendon,12889,Zach,Reid,Essendon,0.00985267908010456
2026,2,Port Adelaide,Essendon,13168,Archie,Roberts,Essendon,0.011078329797317677
2026,2,Port Adelaide,Essendon,13283,Dyson,Sharp,Essendon,0.0073023622081926035
2026,2,Port Adelaide,Essendon,12366,Peter,Wright,Essendon,0.0068169829257388685
2026,2,Port Adelaide,Essendon,12433,Aliir,Aliir,Port Adelaide,0.4598670793399958
2026,2,Port Adelaide,Essendon,12867,Miles,Bergman,Port Adelaide,0.010697573642070851
2026,2,Port Adelaide,Essendon,13188,Joe,Berry,Port Adelaide,0.012680450596247861
2026,2,Port Adelaide,Essendon,13007,Jase,Burgoyne,Port Adelaide,0.05335792610328751
2026,2,Port Adelaide,Essendon,12698,Zak,Butters,Port Adelaide,2.503068517538547
2026,2,Port Adelaide,Essendon,12422,Darcy,Byrne-Jones,Port Adelaide,0.012208217191342458
2026,2,Port Adelaide,Essendon,12695,Willem,Drew,Port Adelaide,0.14861524736442355
2026,2,Port Adelaide,Essendon,12936,Corey,Durdin,Port Adelaide,0.014046173859693667
2026,2,Port Adelaide,Essendon,13156,Logan,Evans,Port Adelaide,0.012831296421173555
2026,2,Port Adelaide,Essendon,12664,Kane,Farrell,Port Adelaide,0.01360214929327907
2026,2,Port Adelaide,Essendon,12766,Mitch,Georgiades,Port Adelaide,0.015919902329579565
2026,2,Port Adelaide,Essendon,12956,Jason,Horne-Francis,Port Adelaide,2.027508981831834
2026,2,Port Adelaide,Essendon,12704,Jack,Lukosius,Port Adelaide,0.05670644932159324
2026,2,Port Adelaide,Essendon,13269,Ewan,Mackinlay,Port Adelaide,0.010519659765564121
2026,2,Port Adelaide,Essendon,12575,Todd,Marshall,Port Adelaide,0.015266297192228573
2026,2,Port Adelaide,Essendon,12946,Jackson,Mead,Port Adelaide,0.01944747803899035
2026,2,Port Adelaide,Essendon,12597,Esava,Ratugolea,Port Adelaide,0.013553979657215437
2026,2,Port Adelaide,Essendon,13139,Joe,Richards,Port Adelaide,0.051963796473645095
2026,2,Port Adelaide,Essendon,12697,Connor,Rozee,Port Adelaide,0.10018835718022046
2026,2,Port Adelaide,Essendon,12890,Jordon,Sweet,Port Adelaide,0.07002828467704672
2026,2,Port Adelaide,Essendon,13289,Jack,Watkins,Port Adelaide,0.04701635682626946
2026,2,Port Adelaide,Essendon,12991,Jacob,Wehr,Port Adelaide,0.009036041128513412
2026,2,Port Adelaide,Essendon,13259,Jack,Whitlock,Port Adelaide,0.013932892676161929
2026,2,West Coast,North Melbourne,13287,Tom,Blamires,North Melbourne,0.0
2026,2,West Coast,North Melbourne,12938,Charlie,Comben,North Melbourne,0.0
2026,2,West Coast,North Melbourne,12975,Paul,Curtis,North Melbourne,0.0
2026,2,West Coast,North Melbourne,12373,Caleb,Daniel,North Melbourne,0.0
2026,2,West Coast,North Melbourne,11905,Jack,Darling,North Melbourne,0.0
2026,2,West Coast,North Melbourne,12590,Luke,Davies-Uniacke,North Melbourne,0.07241619846645639
2026,2,West Coast,North Melbourne,13288,Lachy,Dovaston,North Melbourne,0.0
2026,2,West Coast,North Melbourne,13106,Zane,Duursma,North Melbourne,0.0
2026,2,West Coast,North Melbourne,13186,Jacob,Konstanty,North Melbourne,0.0
2026,2,West Coast,North Melbourne,12563,Nick,Larkey,North Melbourne,1.3365473118535258
2026,2,West Coast,North Melbourne,12511,Griffin,Logue,North Melbourne,0.0
2026,2,West Coast,North Melbourne,12246,Luke,McDonald,North Melbourne,0.0
2026,2,West Coast,North Melbourne,13107,Colby,McKercher,North Melbourne,0.0
2026,2,West Coast,North Melbourne,13187,Finn,OSullivan,North Melbourne,0.0
2026,2,West Coast,North Melbourne,11953,Luke,Parker,North Melbourne,0.0
2026,2,West Coast,North Melbourne,13108,Toby,Pink,North Melbourne,0.0
2026,2,West Coast,North Melbourne,12866,Tom,Powell,North Melbourne,0.0
2026,2,West Coast,North Melbourne,13034,Harry,Sheezel,North Melbourne,0.947524850363219
2026,2,West Coast,North Melbourne,12502,Jy,Simpkin,North Melbourne,0.0
2026,2,West Coast,North Melbourne,12796,Dylan,Stephens,North Melbourne,0.0
2026,2,West Coast,North Melbourne,13263,Cooper,Trembath,North Melbourne,0.0
2026,2,West Coast,North Melbourne,12788,Tristan,Xerri,North Melbourne,0.9437911653737838
2026,2,West Coast,North Melbourne,12557,Cameron,Zurhaar,North Melbourne,0.0
2026,2,West Coast,North Melbourne,12576,Jack,Graham,West Coast,0.024695942257634537
2026,2,West Coast,North Melbourne,13221,Bo,Allan,West Coast,0.0
2026,2,West Coast,North Melbourne,12661,Liam,Baker,West Coast,0.0
2026,2,West Coast,North Melbourne,11937,Jamie,Cripps,West Coast,0.0
2026,2,West Coast,North Melbourne,13210,Hamish,Davis,West Coast,0.0
2026,2,West Coast,North Melbourne,13291,Cooper,Duff-Tytler,West Coast,0.0
2026,2,West Coast,North Melbourne,12334,Liam,Duggan,West Coast,0.0
2026,2,West Coast,North Melbourne,13292,Willem,Duursma,West Coast,0.0
2026,2,West Coast,North Melbourne,12811,Harry,Edwards,West Coast,0.0
2026,2,West Coast,North Melbourne,12870,Matt,Flynn,West Coast,0.0
2026,2,West Coast,North Melbourne,13038,Reuben,Ginbey,West Coast,0.027580647706907144
2026,2,West Coast,North Melbourne,12957,Brady,Hough,West Coast,0.0
2026,2,West Coast,North Melbourne,12595,Tim,Kelly,West Coast,0.026648795845603104
2026,2,West Coast,North Melbourne,13240,Tom,McCarthy,West Coast,0.0
2026,2,West Coast,North Melbourne,13294,Milan,Murdock,West Coast,0.0
2026,2,West Coast,North Melbourne,13267,Jacob,Newton,West Coast,0.0
2026,2,West Coast,North Melbourne,13196,Archer,Reid,West Coast,0.0
2026,2,West Coast,North Melbourne,13111,Harley,Reid,West Coast,2.3583379747956745
2026,2,West Coast,North Melbourne,12774,Deven,Robertson,West Coast,0.03632059630991433
2026,2,West Coast,North Melbourne,13247,Jobe,Shanahan,West Coast,0.0
2026,2,West Coast,North Melbourne,12601,Jake,Waterman,West Coast,0.0
2026,2,West Coast,North Melbourne,12087,Elliot,Yeo,West Coast,0.22613651702534393
2026,2,West Coast,North Melbourne,13043,Tylar,Young,West Coast,0.0
2026,3,Geelong,Adelaide,12849,Sam,Berry,Adelaide,0.08623237668554068
2026,3,Geelong,Adelaide,13165,Hugh,Bond,Adelaide,0.016449893713416805
2026,3,Geelong,Adelaide,12829,Jordon,Butts,Adelaide,0.02148372775611672
2026,3,Geelong,Adelaide,12932,Brayden,Cook,Adelaide,0.023233372810254935
2026,3,Geelong,Adelaide,12629,Isaac,Cumming,Adelaide,0.021036514378925023
2026,3,Geelong,Adelaide,12584,Darcy,Fogarty,Adelaide,0.017341817666530604
2026,3,Geelong,Adelaide,12691,Chayce,Jones,Adelaide,0.01732741091416963
2026,3,Geelong,Adelaide,12434,Ben,Keays,Adelaide,0.005945034772187149
2026,3,Geelong,Adelaide,13219,Finnbar,Maley,Adelaide,0.025790737458288374
2026,3,Geelong,Adelaide,13065,Lachlan,McAndrew,Adelaide,0.01778850206181555
2026,3,Geelong,Adelaide,13027,Max,Michalanney,Adelaide,0.021777243373888436
2026,3,Geelong,Adelaide,12405,Wayne,Milera,Adelaide,0.022086762845995186
2026,3,Geelong,Adelaide,12872,Nick,Murray,Adelaide,0.02180799687831643
2026,3,Geelong,Adelaide,13081,Luke,Nankervis,Adelaide,0.019913909188947296
2026,3,Geelong,Adelaide,12367,Alex,Neal-Bullen,Adelaide,0.01706179531313877
2026,3,Geelong,Adelaide,12934,James,Peatling,Adelaide,0.04718943703107957
2026,3,Geelong,Adelaide,12921,Luke,Pedlar,Adelaide,0.019102360674238275
2026,3,Geelong,Adelaide,12953,Josh,Rachele,Adelaide,0.9017489589345323
2026,3,Geelong,Adelaide,12798,Izak,Rankine,Adelaide,0.046678311356370406
2026,3,Geelong,Adelaide,12952,Jake,Soligo,Adelaide,0.0360684000512391
2026,3,Geelong,Adelaide,13159,Zac,Taylor,Adelaide,0.024041518963059685
2026,3,Geelong,Adelaide,12892,Riley,Thilthorpe,Adelaide,0.029200458885368957
2026,3,Geelong,Adelaide,12912,Josh,Worrell,Adelaide,0.031445443458261335
2026,3,Geelong,Adelaide,12690,Tom,Atkins,Geelong,0.09585605961299816
2026,3,Geelong,Adelaide,12153,Mark,Blicavs,Geelong,0.049726380594154324
2026,3,Geelong,Adelaide,12871,Tanner,Bruhn,Geelong,0.02931970794575539
2026,3,Geelong,Adelaide,12017,Jeremy,Cameron,Geelong,0.029374920353684525
2026,3,Geelong,Adelaide,13062,Jhye,Clark,Geelong,0.023423136594303326
2026,3,Geelong,Adelaide,12891,Sam,De Koning,Geelong,0.1607559683770418
2026,3,Geelong,Adelaide,12974,Oliver,Dempsey,Geelong,0.06228688919610374
2026,3,Geelong,Adelaide,13285,Mitchell,Edwards,Geelong,0.0286096512938233
2026,3,Geelong,Adelaide,12551,Zach,Guthrie,Geelong,0.019433976917979975
2026,3,Geelong,Adelaide,12607,Jack,Henry,Geelong,0.026617401328779697
2026,3,Geelong,Adelaide,12851,Oliver,Henry,Geelong,0.027687959494013134
2026,3,Geelong,Adelaide,12881,Max,Holmes,Geelong,0.5978185592405164
2026,3,Geelong,Adelaide,13160,Lawson,Humphries,Geelong,0.022687486013918193
2026,3,Geelong,Adelaide,13104,Shaun,Mannagh,Geelong,0.47932768675646087
2026,3,Geelong,Adelaide,12236,Jack,Martin,Geelong,0.11199451370143527
2026,3,Geelong,Adelaide,12689,Gryan,Miers,Geelong,0.11941290619552951
2026,3,Geelong,Adelaide,13066,Oisin,Mullin,Geelong,0.015946489837941044
2026,3,Geelong,Adelaide,12992,Shannon,Neale,Geelong,0.02170374118196143
2026,3,Geelong,Adelaide,12531,Mark,OConnor,Geelong,0.017701811285268418
2026,3,Geelong,Adelaide,13122,Connor,OSullivan,Geelong,0.04050524296509084
2026,3,Geelong,Adelaide,12692,Bailey,Smith,Geelong,2.353242603291282
2026,3,Geelong,Adelaide,12505,Tom,Stewart,Geelong,0.15247605163777772
2026,3,Geelong,Adelaide,13217,Oliver,Wiltshire,Geelong,0.02333887101163966
2026,3,Collingwood,Greater Western Sydney,12660,Darcy,Cameron,Collingwood,0.029205888250849524
2026,3,Collingwood,Greater Western Sydney,12061,Jack,Crisp,Collingwood,0.13063688653487598
2026,3,Collingwood,Greater Western Sydney,12573,Josh,Daicos,Collingwood,0.37584583652180065
2026,3,Collingwood,Greater Western Sydney,12943,Nick,Daicos,Collingwood,2.8569175019232187
2026,3,Collingwood,Greater Western Sydney,12318,Jordan,de Goey,Collingwood,0.08125968969595374
2026,3,Collingwood,Greater Western Sydney,12083,Jamie,Elliott,Collingwood,0.024420158921690197
2026,3,Collingwood,Greater Western Sydney,12676,Billy,Frampton,Collingwood,0.04118531573290953
2026,3,Collingwood,Greater Western Sydney,12495,Dan,Houston,Collingwood,0.030962563573749675
2026,3,Collingwood,Greater Western Sydney,11967,Jeremy,Howe,Collingwood,0.005163978930566475
2026,3,Collingwood,Greater Western Sydney,12578,Patrick,Lipinski,Collingwood,0.00939226082301842
2026,3,Collingwood,Greater Western Sydney,13023,Ned,Long,Collingwood,0.01595667491654804
2026,3,Collingwood,Greater Western Sydney,12371,Brayden,Maynard,Collingwood,0.014011282513905144
2026,3,Collingwood,Greater Western Sydney,12876,Beau,McCreery,Collingwood,0.0195587177781319
2026,3,Collingwood,Greater Western Sydney,12291,Daniel,McStay,Collingwood,0.017572413762765488
2026,3,Collingwood,Greater Western Sydney,12300,Tim,Membrey,Collingwood,0.5208794556492147
2026,3,Collingwood,Greater Western Sydney,12372,Darcy,Moore,Collingwood,0.012268902211447028
2026,3,Collingwood,Greater Western Sydney,4182,Scott,Pendlebury,Collingwood,0.06234205616349436
2026,3,Collingwood,Greater Western Sydney,12536,Harry,Perryman,Collingwood,0.01571042351621817
2026,3,Collingwood,Greater Western Sydney,12740,Isaac,Quaynor,Collingwood,0.005789628282475344
2026,3,Collingwood,Greater Western Sydney,12700,Lachie,Schultz,Collingwood,0.037386636571813715
2026,3,Collingwood,Greater Western Sydney,11751,Steele,Sidebottom,Collingwood,0.3073445402495751
2026,3,Collingwood,Greater Western Sydney,13248,Roan,Steele,Collingwood,0.0072410451515070905
2026,3,Collingwood,Greater Western Sydney,13298,Oscar,Steene,Collingwood,0.013407733760605434
2026,3,Collingwood,Greater Western Sydney,13001,Ryan,Angwin,Greater Western Sydney,0.0041154147045914845
2026,3,Collingwood,Greater Western Sydney,12782,Lachie,Ash,Greater Western Sydney,0.0
2026,3,Collingwood,Greater Western Sydney,12904,Kieren,Briggs,Greater Western Sydney,0.011110604656223242
2026,3,Collingwood,Greater Western Sydney,12910,Callum,Brown,Greater Western Sydney,0.0038481307803353614
2026,3,Collingwood,Greater Western Sydney,12969,Finn,Callaghan,Greater Western Sydney,0.5191535848219779
2026,3,Collingwood,Greater Western Sydney,12028,Stephen,Coniglio,Greater Western Sydney,0.00206209077023881
2026,3,Collingwood,Greater Western Sydney,13222,Josaia,Delana,Greater Western Sydney,0.002784790140076353
2026,3,Collingwood,Greater Western Sydney,13164,Joe,Fonti,Greater Western Sydney,0.004979333583709726
2026,3,Collingwood,Greater Western Sydney,13279,Phoenix,Gothard,Greater Western Sydney,0.00672173659519693
2026,3,Collingwood,Greater Western Sydney,12025,Toby,Greene,Greater Western Sydney,0.03975458528254933
2026,3,Collingwood,Greater Western Sydney,13158,Max,Gruzewski,Greater Western Sydney,0.0
2026,3,Collingwood,Greater Western Sydney,13302,Oliver,Hannaford,Greater Western Sydney,0.007453485096534461
2026,3,Collingwood,Greater Western Sydney,12462,Harry,Himmelberg,Greater Western Sydney,0.005128292261456756
2026,3,Collingwood,Greater Western Sydney,12321,Jesse,Hogan,Greater Western Sydney,0.0
2026,3,Collingwood,Greater Western Sydney,12750,Connor,Idun,Greater Western Sydney,0.015595441822469098
2026,3,Collingwood,Greater Western Sydney,12377,Jayden,Laverde,Greater Western Sydney,0.010231228666953255
2026,3,Collingwood,Greater Western Sydney,13174,James,Leake,Greater Western Sydney,0.0053725464711958425
2026,3,Collingwood,Greater Western Sydney,12821,Xavier,OHalloran,Greater Western Sydney,0.0038807212878677654
2026,3,Collingwood,Greater Western Sydney,12410,Clayton,Oliver,Greater Western Sydney,0.4232747719952592
2026,3,Collingwood,Greater Western Sydney,12834,Jake,Riccardi,Greater Western Sydney,0.008276004585903027
2026,3,Collingwood,Greater Western Sydney,12167,Jake,Stringer,Greater Western Sydney,0.0
2026,3,Collingwood,Greater Western Sydney,13101,Harvey,Thomas,Greater Western Sydney,0.012391404904032986
2026,3,Collingwood,Greater Western Sydney,12143,Lachie,Whitfield,Greater Western Sydney,0.279406240132749
2026,3,St Kilda,Brisbane Lions,12277,Charlie,Cameron,Brisbane Lions,0.016326323926402108
2026,3,St Kilda,Brisbane Lions,12655,Oscar,Allen,Brisbane Lions,0.017670948182945175
2026,3,St Kilda,Brisbane Lions,12718,Noah,Answerth,Brisbane Lions,0.006531282742136835
2026,3,St Kilda,Brisbane Lions,13197,Levi,Ashcroft,Brisbane Lions,0.01347487139143166
2026,3,St Kilda,Brisbane Lions,13040,Will,Ashcroft,Brisbane Lions,2.4519596195588385
2026,3,St Kilda,Brisbane Lions,12610,Zac,Bailey,Brisbane Lions,0.4924131214697453
2026,3,St Kilda,Brisbane Lions,12519,Jarrod,Berry,Brisbane Lions,1.2508772576556277
2026,3,St Kilda,Brisbane Lions,12838,Keidean,Coleman,Brisbane Lions,0.02320177969721497
2026,3,St Kilda,Brisbane Lions,12810,Sam,Draper,Brisbane Lions,0.025735969182798687
2026,3,St Kilda,Brisbane Lions,12408,Josh,Dunkley,Brisbane Lions,0.11665376884057732
2026,3,St Kilda,Brisbane Lions,13072,Jaspa,Fletcher,Brisbane Lions,0.009882664806151614
2026,3,St Kilda,Brisbane Lions,12724,Darcy,Fort,Brisbane Lions,0.008253513545955753
2026,3,St Kilda,Brisbane Lions,13235,Ty,Gallop,Brisbane Lions,0.005802861610335758
2026,3,St Kilda,Brisbane Lions,12267,Darcy,Gardiner,Brisbane Lions,0.008501281235964536
2026,3,St Kilda,Brisbane Lions,11894,Ryan,Lester,Brisbane Lions,0.018542122640345073
2026,3,St Kilda,Brisbane Lions,12968,Kai,Lohmann,Brisbane Lions,0.00806263471926345
2026,3,St Kilda,Brisbane Lions,12090,Lincoln,McCarthy,Brisbane Lions,0.004263925201174618
2026,3,St Kilda,Brisbane Lions,13137,Logan,Morris,Brisbane Lions,0.019331940993262377
2026,3,St Kilda,Brisbane Lions,12055,Lachie,Neale,Brisbane Lions,0.7695530917597995
2026,3,St Kilda,Brisbane Lions,12592,Cam,Rayner,Brisbane Lions,0.03303842834148524
2026,3,St Kilda,Brisbane Lions,13138,Bruce,Reville,Brisbane Lions,0.0075016434789628
2026,3,St Kilda,Brisbane Lions,13026,Darcy,Wilmot,Brisbane Lions,0.01950687028265306
2026,3,St Kilda,Brisbane Lions,12076,Dayne,Zorko,Brisbane Lions,0.2938896963030432
2026,3,St Kilda,Brisbane Lions,12490,Dan,Butler,St Kilda,0.003445861097133418
2026,3,St Kilda,Brisbane Lions,12976,Jack,Carroll,St Kilda,0.006196733426350476
2026,3,St Kilda,Brisbane Lions,12674,Tom,De Koning,St Kilda,0.007162019752724636
2026,3,St Kilda,Brisbane Lions,12824,Sam,Flanders,St Kilda,0.008404722321819252
2026,3,St Kilda,Brisbane Lions,13125,Hugo,Garcia,St Kilda,0.002472301290915896
2026,3,St Kilda,Brisbane Lions,13193,Max,Hall,St Kilda,0.0
2026,3,St Kilda,Brisbane Lions,12609,Jack,Higgins,St Kilda,0.00037099602028185536
2026,3,St Kilda,Brisbane Lions,12060,Bradley,Hill,St Kilda,0.0
2026,3,St Kilda,Brisbane Lions,12420,Dougal,Howard,St Kilda,0.002704609921576018
2026,3,St Kilda,Brisbane Lions,12564,Rowan,Marshall,St Kilda,0.008268739785621492
2026,3,St Kilda,Brisbane Lions,12948,Mitch,Owens,St Kilda,0.0
2026,3,St Kilda,Brisbane Lions,13036,Mattaes,Phillipou,St Kilda,0.010474314232204279
2026,3,St Kilda,Brisbane Lions,12600,Liam,Ryan,St Kilda,0.0009448644789439966
2026,3,St Kilda,Brisbane Lions,12929,Cooper,Sharman,St Kilda,0.0
2026,3,St Kilda,Brisbane Lions,12458,Jack,Silvagni,St Kilda,0.003960923245220055
2026,3,St Kilda,Brisbane Lions,12325,Jack,Sinclair,St Kilda,0.015469988708990839
2026,3,St Kilda,Brisbane Lions,12721,Liam,Stocker,St Kilda,0.005526891526119776
2026,3,St Kilda,Brisbane Lions,13243,Alix,Tauru,St Kilda,0.0022863732696963403
2026,3,St Kilda,Brisbane Lions,12950,Nasiah,Wanganeen-Milera,St Kilda,0.2233867868008242
2026,3,St Kilda,Brisbane Lions,12703,Callum,Wilkie,St Kilda,0.06309803791267095
2026,3,St Kilda,Brisbane Lions,13110,Darcy,Wilson,St Kilda,0.0037278010169333855
2026,3,St Kilda,Brisbane Lions,12967,Marcus,Windhager,St Kilda,0.011122417636010972
2026,3,St Kilda,Brisbane Lions,12312,Mason,Wood,St Kilda,0.0
2026,3,Fremantle,Richmond,12983,Jye,Amiss,Fremantle,0.0
2026,3,Fremantle,Richmond,12535,Shai,Bolton,Fremantle,1.2080620248872638
2026,3,Fremantle,Richmond,12589,Andrew,Brayshaw,Fremantle,0.09525764876201553
2026,3,Fremantle,Richmond,12875,Heath,Chapman,Fremantle,0.0
2026,3,Fremantle,Richmond,12688,Jordan,Clark,Fremantle,0.08475864202073283
2026,3,Fremantle,Richmond,12544,Brennan,Cox,Fremantle,0.0
2026,3,Fremantle,Richmond,12547,Sean,Darcy,Fremantle,0.007349237763751695
2026,3,Fremantle,Richmond,13204,Isaiah,Dudley,Fremantle,0.0
2026,3,Fremantle,Richmond,12966,Neil,Erasmus,Fremantle,0.015449350667642497
2026,3,Fremantle,Richmond,12779,Luke,Jackson,Fremantle,0.15573212499677952
2026,3,Fremantle,Richmond,13047,Matthew,Johnson,Fremantle,0.0
2026,3,Fremantle,Richmond,13033,Judd,McVee,Fremantle,0.0
2026,3,Fremantle,Richmond,12141,Jaeger,OMeara,Fremantle,0.0018518422693660774
2026,3,Fremantle,Richmond,12352,Alex,Pearce,Fremantle,0.0
2026,3,Fremantle,Richmond,13180,Murphy,Reid,Fremantle,0.0
2026,3,Fremantle,Richmond,12542,Luke,Ryan,Fremantle,0.0
2026,3,Fremantle,Richmond,13296,Chris,Scerri,Fremantle,0.0
2026,3,Fremantle,Richmond,12786,Caleb,Serong,Fremantle,2.390459188856519
2026,3,Fremantle,Richmond,12672,Sam,Switkowski,Fremantle,0.0
2026,3,Fremantle,Richmond,12887,Josh,Treacy,Fremantle,1.720394401596748
2026,3,Fremantle,Richmond,13129,Patrick,Voss,Fremantle,0.0
2026,3,Fremantle,Richmond,12453,Corey,Wagner,Fremantle,0.011511319302843881
2026,3,Fremantle,Richmond,13075,Karl,Worner,Fremantle,0.0
2026,3,Fremantle,Richmond,12712,Jack,Ross,Richmond,0.007028392679800488
2026,3,Fremantle,Richmond,13242,Jasper,Alger,Richmond,0.0
2026,3,Fremantle,Richmond,13189,Harry,Armstrong,Richmond,0.0
2026,3,Fremantle,Richmond,12686,Noah,Balta,Richmond,0.0
2026,3,Fremantle,Richmond,13078,Sam,Banks,Richmond,0.0
2026,3,Fremantle,Richmond,13096,Tom,Brown,Richmond,0.0
2026,3,Fremantle,Richmond,13100,Seth,Campbell,Richmond,0.0
2026,3,Fremantle,Richmond,13214,Jonty,Faull,Richmond,0.0
2026,3,Fremantle,Richmond,13218,Campbell,Gray,Richmond,0.0
2026,3,Fremantle,Richmond,13145,Steely,Green,Richmond,0.0
2026,3,Fremantle,Richmond,13290,Sam,Grlj,Richmond,0.0
2026,3,Fremantle,Richmond,12440,Jacob,Hopper,Richmond,0.0
2026,3,Fremantle,Richmond,13190,Sam,Lalor,Richmond,0.0
2026,3,Fremantle,Richmond,13113,Mykelti,Lefau,Richmond,0.0
2026,3,Fremantle,Richmond,12941,Ben,Miller,Richmond,0.0
2026,3,Fremantle,Richmond,11917,Dion,Prestia,Richmond,0.0
2026,3,Fremantle,Richmond,12902,Hugo,Ralphsmith,Richmond,0.0
2026,3,Fremantle,Richmond,12935,Maurice,Rioli,Richmond,0.0
2026,3,Fremantle,Richmond,12418,Jayden,Short,Richmond,0.0
2026,3,Fremantle,Richmond,13014,Tyler,Sonsie,Richmond,0.0
2026,3,Fremantle,Richmond,12504,Tim,Taranto,Richmond,0.3021458261997497
2026,3,Fremantle,Richmond,13191,Luke,Trainor,Richmond,0.0
2026,3,Fremantle,Richmond,12174,Nick,Vlastuin,Richmond,0.0
2026,3,Essendon,North Melbourne,13237,Lachlan,Blakiston,Essendon,0.01331221155259341
2026,3,Essendon,North Melbourne,13148,Nate,Caddy,Essendon,0.008961689736894905
2026,3,Essendon,North Melbourne,12755,Jye,Caldwell,Essendon,0.0587760503888054
2026,3,Essendon,North Melbourne,13223,Archer,Day-Wicks,Essendon,0.006058666050719978
2026,3,Essendon,North Melbourne,12925,Sam,Durham,Essendon,0.04254165700851256
2026,3,Essendon,North Melbourne,12696,Xavier,Duursma,Essendon,0.005853593281084427
2026,3,Essendon,North Melbourne,13203,Saad,El-Hawli,Essendon,0.004130041078175776
2026,3,Essendon,North Melbourne,13299,Jacob,Farrow,Essendon,0.009751281265563742
2026,3,Essendon,North Melbourne,12415,Jade,Gresham,Essendon,0.006173528724017
2026,3,Essendon,North Melbourne,12612,Matt,Guelfi,Essendon,0.0035218465333556083
2026,3,Essendon,North Melbourne,13231,Zak,Johnson,Essendon,0.011699393489988389
2026,3,Essendon,North Melbourne,13177,Isaac,Kako,Essendon,0.07338697710808577
2026,3,Essendon,North Melbourne,12349,Kyle,Langford,Essendon,0.007217839532620705
2026,3,Essendon,North Melbourne,13238,Archie,May,Essendon,0.007803231392850888
2026,3,Essendon,North Melbourne,12491,Andrew,McGrath,Essendon,0.008381935734455118
2026,3,Essendon,North Melbourne,12580,Ben,McKay,Essendon,0.009597156951410755
2026,3,Essendon,North Melbourne,12241,Zach,Merrett,Essendon,0.06817138804170625
2026,3,Essendon,North Melbourne,12406,Darcy,Parish,Essendon,0.006432490002466682
2026,3,Essendon,North Melbourne,12879,Archie,Perkins,Essendon,0.005575596839132144
2026,3,Essendon,North Melbourne,12874,Jaxon,Prior,Essendon,0.02058110345901998
2026,3,Essendon,North Melbourne,12889,Zach,Reid,Essendon,0.004899855120804934
2026,3,Essendon,North Melbourne,13168,Archie,Roberts,Essendon,0.06840042129531823
2026,3,Essendon,North Melbourne,12366,Peter,Wright,Essendon,0.05711118040202319
2026,3,Essendon,North Melbourne,13287,Tom,Blamires,North Melbourne,0.011513229074276436
2026,3,Essendon,North Melbourne,12730,Callum,Coleman-Jones,North Melbourne,0.0081401135815489
2026,3,Essendon,North Melbourne,12938,Charlie,Comben,North Melbourne,0.009959318441966045
2026,3,Essendon,North Melbourne,12181,Aidan,Corr,North Melbourne,0.007032583004806057
2026,3,Essendon,North Melbourne,12975,Paul,Curtis,North Melbourne,0.014018453252555133
2026,3,Essendon,North Melbourne,12373,Caleb,Daniel,North Melbourne,0.011820196995929597
2026,3,Essendon,North Melbourne,12590,Luke,Davies-Uniacke,North Melbourne,0.6754874404960624
2026,3,Essendon,North Melbourne,13288,Lachy,Dovaston,North Melbourne,0.008428176571994215
2026,3,Essendon,North Melbourne,13106,Zane,Duursma,North Melbourne,0.09108760741852093
2026,3,Essendon,North Melbourne,12563,Nick,Larkey,North Melbourne,0.018892037040907864
2026,3,Essendon,North Melbourne,12246,Luke,McDonald,North Melbourne,0.025190551591140826
2026,3,Essendon,North Melbourne,13107,Colby,McKercher,North Melbourne,1.287910097350052
2026,3,Essendon,North Melbourne,13187,Finn,OSullivan,North Melbourne,0.6595987077872297
2026,3,Essendon,North Melbourne,11953,Luke,Parker,North Melbourne,0.8506266058319573
2026,3,Essendon,North Melbourne,13108,Toby,Pink,North Melbourne,0.03630511636830788
2026,3,Essendon,North Melbourne,12866,Tom,Powell,North Melbourne,0.034368993085865954
2026,3,Essendon,North Melbourne,13034,Harry,Sheezel,North Melbourne,1.351470290678169
2026,3,Essendon,North Melbourne,12502,Jy,Simpkin,North Melbourne,0.018010243838185936
2026,3,Essendon,North Melbourne,12796,Dylan,Stephens,North Melbourne,0.028665543385235904
2026,3,Essendon,North Melbourne,13263,Cooper,Trembath,North Melbourne,0.017820994938099733
2026,3,Essendon,North Melbourne,13064,George,Wardlaw,North Melbourne,0.07702005535907863
2026,3,Essendon,North Melbourne,12788,Tristan,Xerri,North Melbourne,0.23065303188540343
2026,3,Essendon,North Melbourne,12557,Cameron,Zurhaar,North Melbourne,0.017641477037000922
2026,3,Port Adelaide,West Coast,12433,Aliir,Aliir,Port Adelaide,0.0036962558762636474
2026,3,Port Adelaide,West Coast,13188,Joe,Berry,Port Adelaide,0.004856728317675661
2026,3,Port Adelaide,West Coast,12541,Will,Brodie,Port Adelaide,0.012926962811775515
2026,3,Port Adelaide,West Coast,13007,Jase,Burgoyne,Port Adelaide,0.026697016665484692
2026,3,Port Adelaide,West Coast,12698,Zak,Butters,Port Adelaide,1.6689285657462922
2026,3,Port Adelaide,West Coast,12422,Darcy,Byrne-Jones,Port Adelaide,0.0
2026,3,Port Adelaide,West Coast,12695,Willem,Drew,Port Adelaide,0.028850931062742592
2026,3,Port Adelaide,West Coast,12936,Corey,Durdin,Port Adelaide,0.00501857361436147
2026,3,Port Adelaide,West Coast,13156,Logan,Evans,Port Adelaide,0.005505261297862767
2026,3,Port Adelaide,West Coast,12664,Kane,Farrell,Port Adelaide,0.08412874078217258
2026,3,Port Adelaide,West Coast,12766,Mitch,Georgiades,Port Adelaide,0.09787373779002206
2026,3,Port Adelaide,West Coast,12956,Jason,Horne-Francis,Port Adelaide,0.07677959760096606
2026,3,Port Adelaide,West Coast,12882,Lachie,Jones,Port Adelaide,0.004974170530639359
2026,3,Port Adelaide,West Coast,13301,Josh,Lai,Port Adelaide,0.0074491911222901094
2026,3,Port Adelaide,West Coast,12704,Jack,Lukosius,Port Adelaide,0.008113825497902537
2026,3,Port Adelaide,West Coast,13269,Ewan,Mackinlay,Port Adelaide,0.0024441608682984547
2026,3,Port Adelaide,West Coast,12946,Jackson,Mead,Port Adelaide,0.005649458540234208
2026,3,Port Adelaide,West Coast,12597,Esava,Ratugolea,Port Adelaide,0.007359796770141695
2026,3,Port Adelaide,West Coast,13139,Joe,Richards,Port Adelaide,0.0027349333529284522
2026,3,Port Adelaide,West Coast,12890,Jordon,Sweet,Port Adelaide,0.029800141612887375
2026,3,Port Adelaide,West Coast,13289,Jack,Watkins,Port Adelaide,0.009965856136950134
2026,3,Port Adelaide,West Coast,12991,Jacob,Wehr,Port Adelaide,0.0011649831000036734
2026,3,Port Adelaide,West Coast,13259,Jack,Whitlock,Port Adelaide,0.014991899689491335
2026,3,Port Adelaide,West Coast,12576,Jack,Graham,West Coast,0.022379292660303494
2026,3,Port Adelaide,West Coast,13221,Bo,Allan,West Coast,0.015084199834466398
2026,3,Port Adelaide,West Coast,12661,Liam,Baker,West Coast,0.01362176268069553
2026,3,Port Adelaide,West Coast,11937,Jamie,Cripps,West Coast,0.0
2026,3,Port Adelaide,West Coast,13210,Hamish,Davis,West Coast,0.00976374912558755
2026,3,Port Adelaide,West Coast,13291,Cooper,Duff-Tytler,West Coast,0.009809170502893115
2026,3,Port Adelaide,West Coast,12334,Liam,Duggan,West Coast,0.0
2026,3,Port Adelaide,West Coast,13292,Willem,Duursma,West Coast,0.033861299182468045
2026,3,Port Adelaide,West Coast,12870,Matt,Flynn,West Coast,0.023401823145344954
2026,3,Port Adelaide,West Coast,13038,Reuben,Ginbey,West Coast,0.011527968797898351
2026,3,Port Adelaide,West Coast,12957,Brady,Hough,West Coast,0.011267886232922457
2026,3,Port Adelaide,West Coast,12595,Tim,Kelly,West Coast,0.9076966682497646
2026,3,Port Adelaide,West Coast,13293,Josh,Lindsay,West Coast,0.00897145526530995
2026,3,Port Adelaide,West Coast,13240,Tom,McCarthy,West Coast,0.017782176229253703
2026,3,Port Adelaide,West Coast,13267,Jacob,Newton,West Coast,0.004953675813999685
2026,3,Port Adelaide,West Coast,13196,Archer,Reid,West Coast,0.011015184898860463
2026,3,Port Adelaide,West Coast,13111,Harley,Reid,West Coast,1.2250892802317743
2026,3,Port Adelaide,West Coast,12774,Deven,Robertson,West Coast,0.06312829199817732
2026,3,Port Adelaide,West Coast,12813,Harry,Schoenberg,West Coast,0.006873662748041624
2026,3,Port Adelaide,West Coast,13247,Jobe,Shanahan,West Coast,0.06878182475584996
2026,3,Port Adelaide,West Coast,12601,Jake,Waterman,West Coast,1.371102250928158
2026,3,Port Adelaide,West Coast,12087,Elliot,Yeo,West Coast,0.04099953414464203
2026,3,Port Adelaide,West Coast,13043,Tylar,Young,West Coast,0.012978053778278563
2026,3,Carlton,Melbourne,12498,Ben,Ainsworth,Carlton,0.013220160281855759
2026,3,Carlton,Melbourne,13297,Talor,Byrne,Carlton,0.015953019064483587
2026,3,Carlton,Melbourne,13212,Matt,Carroll,Carlton,0.01360151620403426
2026,3,Carlton,Melbourne,13039,Campbell,Chesser,Carlton,0.015321150927010852
2026,3,Carlton,Melbourne,13028,Lachlan,Cowan,Carlton,0.014073339655350143
2026,3,Carlton,Melbourne,12261,Patrick,Cripps,Carlton,0.18533178802278322
2026,3,Carlton,Melbourne,13273,Harry,Dean,Carlton,0.01761736766297799
2026,3,Carlton,Melbourne,12873,Francis,Evans,Carlton,0.014522425454343891
2026,3,Carlton,Melbourne,12497,Oliver,Florent,Carlton,0.023863915113817264
2026,3,Carlton,Melbourne,12509,Will,Hayward,Carlton,0.010934335908492871
2026,3,Carlton,Melbourne,12411,George,Hewett,Carlton,0.023929513849968487
2026,3,Carlton,Melbourne,13016,Elijah,Hollands,Carlton,0.1270936279664915
2026,3,Carlton,Melbourne,13029,Oliver,Hollands,Carlton,0.007620652854362909
2026,3,Carlton,Melbourne,12937,Brodie,Kemp,Carlton,0.018226072044621056
2026,3,Carlton,Melbourne,12404,Mitch,McGovern,Carlton,0.01878283505558841
2026,3,Carlton,Melbourne,12566,Harry,McKay,Carlton,0.020221651348529757
2026,3,Carlton,Melbourne,13233,Hudson,OKeeffe,Carlton,0.01820277553901699
2026,3,Carlton,Melbourne,12417,Marc,Pittonet,Carlton,0.017754964154498887
2026,3,Carlton,Melbourne,13274,Jagga,Smith,Carlton,0.02369345433355662
2026,3,Carlton,Melbourne,12684,Sam,Walsh,Carlton,0.10345845310937712
2026,3,Carlton,Melbourne,12402,Jacob,Weitering,Carlton,0.01663191670944979
2026,3,Carlton,Melbourne,12175,Zac,Williams,Carlton,0.02246221364784672
2026,3,Carlton,Melbourne,12559,Lewis,Young,Carlton,0.022147427360350903
2026,3,Carlton,Melbourne,12756,Kade,Chandler,Melbourne,0.0339545529667086
2026,3,Carlton,Melbourne,13300,Paddy,Cross,Melbourne,0.019630420436968877
2026,3,Carlton,Melbourne,13015,Jai,Culley,Melbourne,0.04977631867038358
2026,3,Carlton,Melbourne,12598,Bayley,Fritsch,Melbourne,0.27099315842800115
2026,3,Carlton,Melbourne,11966,Max,Gawn,Melbourne,1.014222655056792
2026,3,Carlton,Melbourne,13098,Blake,Howes,Melbourne,0.017570200315762775
2026,3,Carlton,Melbourne,12752,Changkuoth,Jiath,Melbourne,0.02072460976284184
2026,3,Carlton,Melbourne,12393,Ed,Langdon,Melbourne,0.02826960626984081
2026,3,Carlton,Melbourne,13184,Harvey,Langford,Melbourne,0.02732537245388005
2026,3,Carlton,Melbourne,12351,Jake,Lever,Melbourne,0.12231619701820842
2026,3,Carlton,Melbourne,13185,Xavier,Lindsay,Melbourne,0.01940377782991508
2026,3,Carlton,Melbourne,12009,Tom,McDonald,Melbourne,0.02986437508678819
2026,3,Carlton,Melbourne,12639,Brody,Mihocek,Melbourne,0.026721117565470676
2026,3,Carlton,Melbourne,12653,Harry,Petty,Melbourne,0.02771401374149553
2026,3,Carlton,Melbourne,12771,Kysaiah,Pickett,Melbourne,2.2160396669697637
2026,3,Carlton,Melbourne,13286,Latrelle,Pickett,Melbourne,0.01810280432909488
2026,3,Carlton,Melbourne,12272,Christian,Salem,Melbourne,0.021785133601390023
2026,3,Carlton,Melbourne,12864,Harry,Sharp,Melbourne,0.028015170823036912
2026,3,Carlton,Melbourne,12693,Tom,Sparrow,Melbourne,0.5411344968403726
2026,3,Carlton,Melbourne,12368,Jack,Steele,Melbourne,0.5871157532958902
2026,3,Carlton,Melbourne,13123,Koltyn,Tholstrup,Melbourne,0.023459227067946526
2026,3,Carlton,Melbourne,13048,Jacob,van Rooyen,Melbourne,0.020398583156370404
2026,3,Carlton,Melbourne,13099,Caleb,Windsor,Melbourne,0.07079821203726917
2026,4,Brisbane Lions,Collingwood,12277,Charlie,Cameron,Brisbane Lions,0.0
2026,4,Brisbane Lions,Collingwood,12655,Oscar,Allen,Brisbane Lions,0.0
2026,4,Brisbane Lions,Collingwood,13197,Levi,Ashcroft,Brisbane Lions,0.0007032541534633813
2026,4,Brisbane Lions,Collingwood,13040,Will,Ashcroft,Brisbane Lions,2.755808510110958
2026,4,Brisbane Lions,Collingwood,12610,Zac,Bailey,Brisbane Lions,0.9417904485087719
2026,4,Brisbane Lions,Collingwood,12519,Jarrod,Berry,Brisbane Lions,0.0
2026,4,Brisbane Lions,Collingwood,12838,Keidean,Coleman,Brisbane Lions,0.0015769487627827206
2026,4,Brisbane Lions,Collingwood,12810,Sam,Draper,Brisbane Lions,0.053937297895538916
2026,4,Brisbane Lions,Collingwood,12408,Josh,Dunkley,Brisbane Lions,0.013859597377750832
2026,4,Brisbane Lions,Collingwood,13072,Jaspa,Fletcher,Brisbane Lions,0.008649537288196368
2026,4,Brisbane Lions,Collingwood,12724,Darcy,Fort,Brisbane Lions,0.0
2026,4,Brisbane Lions,Collingwood,13235,Ty,Gallop,Brisbane Lions,0.0
2026,4,Brisbane Lions,Collingwood,12654,Darragh,Joyce,Brisbane Lions,0.0
2026,4,Brisbane Lions,Collingwood,11894,Ryan,Lester,Brisbane Lions,0.0
2026,4,Brisbane Lions,Collingwood,12968,Kai,Lohmann,Brisbane Lions,0.18756874585191802
2026,4,Brisbane Lions,Collingwood,12090,Lincoln,McCarthy,Brisbane Lions,0.0
2026,4,Brisbane Lions,Collingwood,13137,Logan,Morris,Brisbane Lions,0.29311366252919696
2026,4,Brisbane Lions,Collingwood,12055,Lachie,Neale,Brisbane Lions,1.4954075216980263
2026,4,Brisbane Lions,Collingwood,12592,Cam,Rayner,Brisbane Lions,0.0
2026,4,Brisbane Lions,Collingwood,13138,Bruce,Reville,Brisbane Lions,0.0
2026,4,Brisbane Lions,Collingwood,13005,James,Tunstill,Brisbane Lions,0.0
2026,4,Brisbane Lions,Collingwood,13026,Darcy,Wilmot,Brisbane Lions,0.0
2026,4,Brisbane Lions,Collingwood,12076,Dayne,Zorko,Brisbane Lions,0.24758447582576665
2026,4,Brisbane Lions,Collingwood,13146,Edward,Allan,Collingwood,0.0
2026,4,Brisbane Lions,Collingwood,12660,Darcy,Cameron,Collingwood,0.0
2026,4,Brisbane Lions,Collingwood,12061,Jack,Crisp,Collingwood,0.0
2026,4,Brisbane Lions,Collingwood,12573,Josh,Daicos,Collingwood,0.0
2026,4,Brisbane Lions,Collingwood,12318,Jordan,de Goey,Collingwood,0.0
2026,4,Brisbane Lions,Collingwood,12083,Jamie,Elliott,Collingwood,0.0
2026,4,Brisbane Lions,Collingwood,12676,Billy,Frampton,Collingwood,0.0
2026,4,Brisbane Lions,Collingwood,13228,Will,Hayes,Collingwood,0.0
2026,4,Brisbane Lions,Collingwood,12495,Dan,Houston,Collingwood,0.0
2026,4,Brisbane Lions,Collingwood,11967,Jeremy,Howe,Collingwood,0.0
2026,4,Brisbane Lions,Collingwood,12578,Patrick,Lipinski,Collingwood,0.0
2026,4,Brisbane Lions,Collingwood,13023,Ned,Long,Collingwood,0.0
2026,4,Brisbane Lions,Collingwood,12371,Brayden,Maynard,Collingwood,0.0
2026,4,Brisbane Lions,Collingwood,12876,Beau,McCreery,Collingwood,0.0
2026,4,Brisbane Lions,Collingwood,12291,Daniel,McStay,Collingwood,0.0
2026,4,Brisbane Lions,Collingwood,12300,Tim,Membrey,Collingwood,0.0
2026,4,Brisbane Lions,Collingwood,12536,Harry,Perryman,Collingwood,0.0
2026,4,Brisbane Lions,Collingwood,12740,Isaac,Quaynor,Collingwood,0.0
2026,4,Brisbane Lions,Collingwood,12700,Lachie,Schultz,Collingwood,0.0
2026,4,Brisbane Lions,Collingwood,11751,Steele,Sidebottom,Collingwood,0.0
2026,4,Brisbane Lions,Collingwood,13248,Roan,Steele,Collingwood,0.0
2026,4,Brisbane Lions,Collingwood,13298,Oscar,Steene,Collingwood,0.0
2026,4,Brisbane Lions,Collingwood,13133,Lachlan,Sullivan,Collingwood,0.0
2026,4,North Melbourne,Carlton,12498,Ben,Ainsworth,Carlton,0.07156439417401575
2026,4,North Melbourne,Carlton,12965,Jordan,Boyd,Carlton,0.02395944275340946
2026,4,North Melbourne,Carlton,13297,Talor,Byrne,Carlton,0.019657292903472002
2026,4,North Melbourne,Carlton,13212,Matt,Carroll,Carlton,0.020984270305903902
2026,4,North Melbourne,Carlton,12603,Adam,Cerra,Carlton,0.045243643879453885
2026,4,North Melbourne,Carlton,13028,Lachlan,Cowan,Carlton,0.026692084067812805
2026,4,North Melbourne,Carlton,12261,Patrick,Cripps,Carlton,0.25551575702364204
2026,4,North Melbourne,Carlton,13303,Wade,Derksen,Carlton,0.025024603430463494
2026,4,North Melbourne,Carlton,12873,Francis,Evans,Carlton,0.02261412273061707
2026,4,North Melbourne,Carlton,12497,Oliver,Florent,Carlton,0.024106053701874092
2026,4,North Melbourne,Carlton,12509,Will,Hayward,Carlton,0.020654510905050733
2026,4,North Melbourne,Carlton,12411,George,Hewett,Carlton,0.1062410549185054
2026,4,North Melbourne,Carlton,13016,Elijah,Hollands,Carlton,0.04913325068068404
2026,4,North Melbourne,Carlton,13029,Oliver,Hollands,Carlton,0.05130699240001896
2026,4,North Melbourne,Carlton,12937,Brodie,Kemp,Carlton,0.022735677018419515
2026,4,North Melbourne,Carlton,12404,Mitch,McGovern,Carlton,0.021711510247865457
2026,4,North Melbourne,Carlton,12566,Harry,McKay,Carlton,0.019803808134743934
2026,4,North Melbourne,Carlton,12508,Nic,Newman,Carlton,0.019110653863628552
2026,4,North Melbourne,Carlton,12417,Marc,Pittonet,Carlton,0.0923320957695654
2026,4,North Melbourne,Carlton,13274,Jagga,Smith,Carlton,0.025139320084952083
2026,4,North Melbourne,Carlton,12684,Sam,Walsh,Carlton,0.0778184657940862
2026,4,North Melbourne,Carlton,12402,Jacob,Weitering,Carlton,0.023131573073697943
2026,4,North Melbourne,Carlton,12559,Lewis,Young,Carlton,0.025922869707750585
2026,4,North Melbourne,Carlton,13256,Zac,Banch,North Melbourne,0.02401862641015425
2026,4,North Melbourne,Carlton,13287,Tom,Blamires,North Melbourne,0.027135107567123024
2026,4,North Melbourne,Carlton,12730,Callum,Coleman-Jones,North Melbourne,0.039053503984682145
2026,4,North Melbourne,Carlton,12938,Charlie,Comben,North Melbourne,0.031237802256056924
2026,4,North Melbourne,Carlton,12181,Aidan,Corr,North Melbourne,0.02502458760808073
2026,4,North Melbourne,Carlton,12975,Paul,Curtis,North Melbourne,0.03666378905261171
2026,4,North Melbourne,Carlton,12373,Caleb,Daniel,North Melbourne,1.9652379405717748
2026,4,North Melbourne,Carlton,11905,Jack,Darling,North Melbourne,0.02500679629088622
2026,4,North Melbourne,Carlton,12590,Luke,Davies-Uniacke,North Melbourne,0.8761604518606048
2026,4,North Melbourne,Carlton,13106,Zane,Duursma,North Melbourne,0.04418808609450396
2026,4,North Melbourne,Carlton,12563,Nick,Larkey,North Melbourne,0.043680478001537945
2026,4,North Melbourne,Carlton,12246,Luke,McDonald,North Melbourne,0.02751923383941045
2026,4,North Melbourne,Carlton,13107,Colby,McKercher,North Melbourne,0.13580715637970633
2026,4,North Melbourne,Carlton,13187,Finn,OSullivan,North Melbourne,0.08647355177145652
2026,4,North Melbourne,Carlton,11953,Luke,Parker,North Melbourne,0.0725795047437711
2026,4,North Melbourne,Carlton,13108,Toby,Pink,North Melbourne,0.02727397372609518
2026,4,North Melbourne,Carlton,12866,Tom,Powell,North Melbourne,0.08764883990186355
2026,4,North Melbourne,Carlton,13034,Harry,Sheezel,North Melbourne,0.30093289119352173
2026,4,North Melbourne,Carlton,12502,Jy,Simpkin,North Melbourne,0.04145212868887656
2026,4,North Melbourne,Carlton,12796,Dylan,Stephens,North Melbourne,0.5342494830800968
2026,4,North Melbourne,Carlton,13263,Cooper,Trembath,North Melbourne,0.4037779050736213
2026,4,North Melbourne,Carlton,13064,George,Wardlaw,North Melbourne,0.026483228959716765
2026,4,North Melbourne,Carlton,12557,Cameron,Zurhaar,North Melbourne,0.027991485365117853
2026,4,Adelaide,Fremantle,12849,Sam,Berry,Adelaide,0.04972114369221401
2026,4,Adelaide,Fremantle,13165,Hugh,Bond,Adelaide,0.0340464169037454
2026,4,Adelaide,Fremantle,13086,James,Borlase,Adelaide,0.039271614035919215
2026,4,Adelaide,Fremantle,12932,Brayden,Cook,Adelaide,0.033065663519546866
2026,4,Adelaide,Fremantle,12516,Jordan,Dawson,Adelaide,0.2476019881105272
2026,4,Adelaide,Fremantle,12691,Chayce,Jones,Adelaide,0.03236293684868321
2026,4,Adelaide,Fremantle,12434,Ben,Keays,Adelaide,0.035014531593148206
2026,4,Adelaide,Fremantle,13219,Finnbar,Maley,Adelaide,0.027834818828515122
2026,4,Adelaide,Fremantle,13065,Lachlan,McAndrew,Adelaide,0.07265798829383768
2026,4,Adelaide,Fremantle,13027,Max,Michalanney,Adelaide,0.0343856497529871
2026,4,Adelaide,Fremantle,12405,Wayne,Milera,Adelaide,0.1560863721761341
2026,4,Adelaide,Fremantle,12872,Nick,Murray,Adelaide,0.03406057761115524
2026,4,Adelaide,Fremantle,12367,Alex,Neal-Bullen,Adelaide,0.032493898640200324
2026,4,Adelaide,Fremantle,12473,Reilly,OBrien,Adelaide,0.03145044191991669
2026,4,Adelaide,Fremantle,12934,James,Peatling,Adelaide,0.44698990206888467
2026,4,Adelaide,Fremantle,12921,Luke,Pedlar,Adelaide,0.029691807649503736
2026,4,Adelaide,Fremantle,12953,Josh,Rachele,Adelaide,0.06848629559925948
2026,4,Adelaide,Fremantle,12798,Izak,Rankine,Adelaide,0.04058310355320665
2026,4,Adelaide,Fremantle,12952,Jake,Soligo,Adelaide,0.03502914773866294
2026,4,Adelaide,Fremantle,13159,Zac,Taylor,Adelaide,0.03200028248936262
2026,4,Adelaide,Fremantle,12892,Riley,Thilthorpe,Adelaide,0.04647441186910856
2026,4,Adelaide,Fremantle,11713,Taylor,Walker,Adelaide,0.02299513587890758
2026,4,Adelaide,Fremantle,12912,Josh,Worrell,Adelaide,0.01777693712653216
2026,4,Adelaide,Fremantle,12983,Jye,Amiss,Fremantle,0.4524333698587195
2026,4,Adelaide,Fremantle,12535,Shai,Bolton,Fremantle,0.11196176749674058
2026,4,Adelaide,Fremantle,12589,Andrew,Brayshaw,Fremantle,0.7509806383019707
2026,4,Adelaide,Fremantle,12875,Heath,Chapman,Fremantle,0.038019715043732714
2026,4,Adelaide,Fremantle,12688,Jordan,Clark,Fremantle,0.031950965285011367
2026,4,Adelaide,Fremantle,12544,Brennan,Cox,Fremantle,0.03754487723905597
2026,4,Adelaide,Fremantle,12547,Sean,Darcy,Fremantle,0.03945595192774822
2026,4,Adelaide,Fremantle,13204,Isaiah,Dudley,Fremantle,0.03336115922974949
2026,4,Adelaide,Fremantle,12966,Neil,Erasmus,Fremantle,0.03418280863664996
2026,4,Adelaide,Fremantle,12779,Luke,Jackson,Fremantle,0.19516105487492655
2026,4,Adelaide,Fremantle,13047,Matthew,Johnson,Fremantle,0.034907082245874875
2026,4,Adelaide,Fremantle,13033,Judd,McVee,Fremantle,0.03614143359574672
2026,4,Adelaide,Fremantle,12141,Jaeger,OMeara,Fremantle,0.03958307541307742
2026,4,Adelaide,Fremantle,12352,Alex,Pearce,Fremantle,0.059099360035745126
2026,4,Adelaide,Fremantle,13180,Murphy,Reid,Fremantle,0.16709252565309826
2026,4,Adelaide,Fremantle,12542,Luke,Ryan,Fremantle,0.03720496369107528
2026,4,Adelaide,Fremantle,13296,Chris,Scerri,Fremantle,0.03299228679278809
2026,4,Adelaide,Fremantle,12786,Caleb,Serong,Fremantle,2.0891723056395435
2026,4,Adelaide,Fremantle,12672,Sam,Switkowski,Fremantle,0.03242205915481524
2026,4,Adelaide,Fremantle,12887,Josh,Treacy,Fremantle,0.039657942209252194
2026,4,Adelaide,Fremantle,13129,Patrick,Voss,Fremantle,0.03069449611361582
2026,4,Adelaide,Fremantle,12453,Corey,Wagner,Fremantle,0.04192515251169376
2026,4,Adelaide,Fremantle,13075,Karl,Worner,Fremantle,0.033973943153816404
2026,4,Richmond,Port Adelaide,12433,Aliir,Aliir,Port Adelaide,2.2088218217567097
2026,4,Richmond,Port Adelaide,12867,Miles,Bergman,Port Adelaide,0.0
2026,4,Richmond,Port Adelaide,13188,Joe,Berry,Port Adelaide,0.0
2026,4,Richmond,Port Adelaide,13007,Jase,Burgoyne,Port Adelaide,0.0
2026,4,Richmond,Port Adelaide,12698,Zak,Butters,Port Adelaide,2.054598494085297
2026,4,Richmond,Port Adelaide,12422,Darcy,Byrne-Jones,Port Adelaide,0.5027553215577167
2026,4,Richmond,Port Adelaide,12695,Willem,Drew,Port Adelaide,0.002677822689519757
2026,4,Richmond,Port Adelaide,12936,Corey,Durdin,Port Adelaide,0.0
2026,4,Richmond,Port Adelaide,13156,Logan,Evans,Port Adelaide,0.0
2026,4,Richmond,Port Adelaide,12664,Kane,Farrell,Port Adelaide,0.6527314720306131
2026,4,Richmond,Port Adelaide,12766,Mitch,Georgiades,Port Adelaide,0.0
2026,4,Richmond,Port Adelaide,12956,Jason,Horne-Francis,Port Adelaide,0.2812170661928361
2026,4,Richmond,Port Adelaide,12882,Lachie,Jones,Port Adelaide,0.0
2026,4,Richmond,Port Adelaide,13301,Josh,Lai,Port Adelaide,0.0
2026,4,Richmond,Port Adelaide,12704,Jack,Lukosius,Port Adelaide,0.0
2026,4,Richmond,Port Adelaide,13269,Ewan,Mackinlay,Port Adelaide,0.0
2026,4,Richmond,Port Adelaide,13139,Joe,Richards,Port Adelaide,0.0
2026,4,Richmond,Port Adelaide,12890,Jordon,Sweet,Port Adelaide,0.2800706508625015
2026,4,Richmond,Port Adelaide,13289,Jack,Watkins,Port Adelaide,0.0
2026,4,Richmond,Port Adelaide,12991,Jacob,Wehr,Port Adelaide,0.0
2026,4,Richmond,Port Adelaide,13259,Jack,Whitlock,Port Adelaide,0.0
2026,4,Richmond,Port Adelaide,12150,Ollie,Wines,Port Adelaide,0.0
2026,4,Richmond,Port Adelaide,13305,Mitch,Zadow,Port Adelaide,0.0
2026,4,Richmond,Port Adelaide,12712,Jack,Ross,Richmond,0.0
2026,4,Richmond,Port Adelaide,13078,Sam,Banks,Richmond,0.0
2026,4,Richmond,Port Adelaide,12456,Nathan,Broad,Richmond,0.0
2026,4,Richmond,Port Adelaide,13096,Tom,Brown,Richmond,0.0
2026,4,Richmond,Port Adelaide,13100,Seth,Campbell,Richmond,0.0
2026,4,Richmond,Port Adelaide,13214,Jonty,Faull,Richmond,0.0
2026,4,Richmond,Port Adelaide,13200,Liam,Fawcett,Richmond,0.0
2026,4,Richmond,Port Adelaide,13218,Campbell,Gray,Richmond,0.0
2026,4,Richmond,Port Adelaide,13145,Steely,Green,Richmond,0.0
2026,4,Richmond,Port Adelaide,13290,Sam,Grlj,Richmond,0.0
2026,4,Richmond,Port Adelaide,12440,Jacob,Hopper,Richmond,0.0
2026,4,Richmond,Port Adelaide,13190,Sam,Lalor,Richmond,0.0
2026,4,Richmond,Port Adelaide,13113,Mykelti,Lefau,Richmond,0.0
2026,4,Richmond,Port Adelaide,13117,Kane,McAuliffe,Richmond,0.0
2026,4,Richmond,Port Adelaide,12941,Ben,Miller,Richmond,0.0
2026,4,Richmond,Port Adelaide,11917,Dion,Prestia,Richmond,0.012691772527387221
2026,4,Richmond,Port Adelaide,12935,Maurice,Rioli,Richmond,0.0
2026,4,Richmond,Port Adelaide,12918,Samson,Ryan,Richmond,0.0
2026,4,Richmond,Port Adelaide,12418,Jayden,Short,Richmond,0.004435578298241136
2026,4,Richmond,Port Adelaide,13014,Tyler,Sonsie,Richmond,0.0
2026,4,Richmond,Port Adelaide,12504,Tim,Taranto,Richmond,0.0
2026,4,Richmond,Port Adelaide,13191,Luke,Trainor,Richmond,0.0
2026,4,Richmond,Port Adelaide,12174,Nick,Vlastuin,Richmond,0.0
2026,4,West Coast,Sydney,12844,Joel,Amartey,Sydney,0.0
2026,4,West Coast,Sydney,13195,Riley,Bice,Sydney,0.0
2026,4,West Coast,Sydney,12699,Nick,Blakey,Sydney,0.0
2026,4,West Coast,Sydney,12015,Harry,Cunningham,Sydney,0.0
2026,4,West Coast,Sydney,12421,Charlie,Curnow,Sydney,0.0
2026,4,West Coast,Sydney,12217,Brodie,Grundy,Sydney,2.2042871360320917
2026,4,West Coast,Sydney,12326,Isaac,Heeney,Sydney,2.334653406093962
2026,4,West Coast,Sydney,12860,James,Jordon,Sydney,0.0
2026,4,West Coast,Sydney,12268,Jake,Lloyd,Sydney,0.0
2026,4,West Coast,Sydney,12627,Tom,McCartin,Sydney,0.0
2026,4,West Coast,Sydney,12861,Logan,McDonald,Sydney,0.0
2026,4,West Coast,Sydney,12711,Justin,McInerney,Sydney,0.0
2026,4,West Coast,Sydney,12526,Lewis,Melican,Sydney,0.0
2026,4,West Coast,Sydney,12413,Callum,Mills,Sydney,0.0
2026,4,West Coast,Sydney,12412,Tom,Papley,Sydney,0.7200248919215543
2026,4,West Coast,Sydney,12140,Dane,Rampe,Sydney,0.0
2026,4,West Coast,Sydney,12994,Matt,Roberts,Sydney,0.0
2026,4,West Coast,Sydney,12714,James,Rowbottom,Sydney,0.0
2026,4,West Coast,Sydney,13022,Jai,Serong,Sydney,0.050782318040136554
2026,4,West Coast,Sydney,12951,Angus,Sheldrick,Sydney,0.0
2026,4,West Coast,Sydney,12797,Chad,Warner,Sydney,0.6902522479123308
2026,4,West Coast,Sydney,13053,Corey,Warner,Sydney,0.0
2026,4,West Coast,Sydney,12818,Sam,Wicks,Sydney,0.0
2026,4,West Coast,Sydney,12576,Jack,Graham,West Coast,0.0
2026,4,West Coast,Sydney,13221,Bo,Allan,West Coast,0.0
2026,4,West Coast,Sydney,12661,Liam,Baker,West Coast,0.0
2026,4,West Coast,Sydney,13209,Sandy,Brock,West Coast,0.0
2026,4,West Coast,Sydney,13250,Malakai,Champion,West Coast,0.0
2026,4,West Coast,Sydney,11937,Jamie,Cripps,West Coast,0.0
2026,4,West Coast,Sydney,13210,Hamish,Davis,West Coast,0.0
2026,4,West Coast,Sydney,13291,Cooper,Duff-Tytler,West Coast,0.0
2026,4,West Coast,Sydney,12334,Liam,Duggan,West Coast,0.0
2026,4,West Coast,Sydney,13292,Willem,Duursma,West Coast,0.0
2026,4,West Coast,Sydney,12870,Matt,Flynn,West Coast,0.0
2026,4,West Coast,Sydney,13038,Reuben,Ginbey,West Coast,0.0
2026,4,West Coast,Sydney,12957,Brady,Hough,West Coast,0.0
2026,4,West Coast,Sydney,12595,Tim,Kelly,West Coast,0.0
2026,4,West Coast,Sydney,13293,Josh,Lindsay,West Coast,0.0
2026,4,West Coast,Sydney,13240,Tom,McCarthy,West Coast,0.0
2026,4,West Coast,Sydney,12839,Matthew,Owies,West Coast,0.0
2026,4,West Coast,Sydney,13196,Archer,Reid,West Coast,0.0
2026,4,West Coast,Sydney,13111,Harley,Reid,West Coast,0.0
2026,4,West Coast,Sydney,12813,Harry,Schoenberg,West Coast,0.0
2026,4,West Coast,Sydney,13247,Jobe,Shanahan,West Coast,0.0
2026,4,West Coast,Sydney,12601,Jake,Waterman,West Coast,0.0
2026,4,West Coast,Sydney,13043,Tylar,Young,West Coast,0.0
2026,4,Melbourne,Gold Coast,12767,Noah,Anderson,Gold Coast,0.06826757023926423
2026,4,Melbourne,Gold Coast,13019,Mac,Andrew,Gold Coast,0.007253223242435405
2026,4,Melbourne,Gold Coast,12625,Charlie,Ballard,Gold Coast,0.009253630713413532
2026,4,Melbourne,Gold Coast,13119,Sam,Clohesy,Gold Coast,0.0037124774148960225
2026,4,Melbourne,Gold Coast,12444,Sam,Collins,Gold Coast,0.004772191286779578
2026,4,Melbourne,Gold Coast,13120,Will,Graham,Gold Coast,0.013819403085302991
2026,4,Melbourne,Gold Coast,13272,Lachlan,Gulbin,Gold Coast,0.0
2026,4,Melbourne,Gold Coast,12933,Joel,Jeffrey,Gold Coast,0.009734668211097027
2026,4,Melbourne,Gold Coast,12728,Ben,King,Gold Coast,0.0030141875911142667
2026,4,Melbourne,Gold Coast,13232,Leo,Lombard,Gold Coast,0.004640222600587048
2026,4,Melbourne,Gold Coast,12521,Ben,Long,Gold Coast,0.007498345890224908
2026,4,Melbourne,Gold Coast,12331,Touk,Miller,Gold Coast,0.0
2026,4,Melbourne,Gold Coast,12743,John,Noble,Gold Coast,0.05932454052752502
2026,4,Melbourne,Gold Coast,12652,Wil,Powell,Gold Coast,0.006887696617551228
2026,4,Melbourne,Gold Coast,13121,Ethan,Read,Gold Coast,0.008769369250501893
2026,4,Melbourne,Gold Coast,12403,Daniel,Rioli,Gold Coast,0.0
2026,4,Melbourne,Gold Coast,13126,Jake,Rogers,Gold Coast,0.0031094620497355806
2026,4,Melbourne,Gold Coast,12768,Matt,Rowell,Gold Coast,0.032359865915879985
2026,4,Melbourne,Gold Coast,13041,Bodhi,Uwland,Gold Coast,0.005704312134599428
2026,4,Melbourne,Gold Coast,13278,Zeke,Uwland,Gold Coast,0.0031885443444141202
2026,4,Melbourne,Gold Coast,13114,Jed,Walter,Gold Coast,0.01592717443326395
2026,4,Melbourne,Gold Coast,12385,Lachie,Weller,Gold Coast,0.0027099818879073277
2026,4,Melbourne,Gold Coast,12177,Jarrod,Witts,Gold Coast,0.004207474141986214
2026,4,Melbourne,Gold Coast,12756,Kade,Chandler,Melbourne,0.007502521906436268
2026,4,Melbourne,Gold Coast,13015,Jai,Culley,Melbourne,0.02153729770926596
2026,4,Melbourne,Gold Coast,11966,Max,Gawn,Melbourne,2.329343091914655
2026,4,Melbourne,Gold Coast,13098,Blake,Howes,Melbourne,0.007087239549943471
2026,4,Melbourne,Gold Coast,12393,Ed,Langdon,Melbourne,0.030129455966697926
2026,4,Melbourne,Gold Coast,13184,Harvey,Langford,Melbourne,0.00722444523472451
2026,4,Melbourne,Gold Coast,13032,Bailey,Laurie,Melbourne,0.0033802545757356216
2026,4,Melbourne,Gold Coast,12351,Jake,Lever,Melbourne,0.005386751987402568
2026,4,Melbourne,Gold Coast,13185,Xavier,Lindsay,Melbourne,0.005705797213563287
2026,4,Melbourne,Gold Coast,12009,Tom,McDonald,Melbourne,0.013218385440968813
2026,4,Melbourne,Gold Coast,11820,Jake,Melksham,Melbourne,0.14389116632903975
2026,4,Melbourne,Gold Coast,12639,Brody,Mihocek,Melbourne,0.019905027020845314
2026,4,Melbourne,Gold Coast,12653,Harry,Petty,Melbourne,0.006679250143742734
2026,4,Melbourne,Gold Coast,12771,Kysaiah,Pickett,Melbourne,1.149040982530999
2026,4,Melbourne,Gold Coast,13286,Latrelle,Pickett,Melbourne,0.005740697545875664
2026,4,Melbourne,Gold Coast,12272,Christian,Salem,Melbourne,0.007475643152479779
2026,4,Melbourne,Gold Coast,12864,Harry,Sharp,Melbourne,0.030707784738251597
2026,4,Melbourne,Gold Coast,12693,Tom,Sparrow,Melbourne,0.1413868477380147
2026,4,Melbourne,Gold Coast,12368,Jack,Steele,Melbourne,1.761466025546351
2026,4,Melbourne,Gold Coast,13123,Koltyn,Tholstrup,Melbourne,0.005047076509884143
2026,4,Melbourne,Gold Coast,12996,Daniel,Turner,Melbourne,0.008920032023061155
2026,4,Melbourne,Gold Coast,13048,Jacob,van Rooyen,Melbourne,0.005499791486841318
2026,4,Melbourne,Gold Coast,13099,Caleb,Windsor,Melbourne,0.00957009216507659
2026,4,Western Bulldogs,Essendon,13237,Lachlan,Blakiston,Essendon,0.0
2026,4,Western Bulldogs,Essendon,12755,Jye,Caldwell,Essendon,0.0
2026,4,Western Bulldogs,Essendon,13223,Archer,Day-Wicks,Essendon,0.0
2026,4,Western Bulldogs,Essendon,12925,Sam,Durham,Essendon,0.0
2026,4,Western Bulldogs,Essendon,12696,Xavier,Duursma,Essendon,0.0
2026,4,Western Bulldogs,Essendon,13198,Tom,Edwards,Essendon,0.0
2026,4,Western Bulldogs,Essendon,13203,Saad,El-Hawli,Essendon,0.0
2026,4,Western Bulldogs,Essendon,13299,Jacob,Farrow,Essendon,0.0
2026,4,Western Bulldogs,Essendon,12415,Jade,Gresham,Essendon,0.0
2026,4,Western Bulldogs,Essendon,12612,Matt,Guelfi,Essendon,0.0
2026,4,Western Bulldogs,Essendon,13231,Zak,Johnson,Essendon,0.0
2026,4,Western Bulldogs,Essendon,13177,Isaac,Kako,Essendon,0.0
2026,4,Western Bulldogs,Essendon,12349,Kyle,Langford,Essendon,0.0
2026,4,Western Bulldogs,Essendon,13238,Archie,May,Essendon,0.0
2026,4,Western Bulldogs,Essendon,12491,Andrew,McGrath,Essendon,0.0
2026,4,Western Bulldogs,Essendon,12580,Ben,McKay,Essendon,0.0
2026,4,Western Bulldogs,Essendon,12241,Zach,Merrett,Essendon,0.4167332456236772
2026,4,Western Bulldogs,Essendon,12406,Darcy,Parish,Essendon,0.0
2026,4,Western Bulldogs,Essendon,12879,Archie,Perkins,Essendon,0.0
2026,4,Western Bulldogs,Essendon,12874,Jaxon,Prior,Essendon,0.0
2026,4,Western Bulldogs,Essendon,12889,Zach,Reid,Essendon,0.0
2026,4,Western Bulldogs,Essendon,13168,Archie,Roberts,Essendon,0.09985388875358825
2026,4,Western Bulldogs,Essendon,12366,Peter,Wright,Essendon,0.0
2026,4,Western Bulldogs,Essendon,12723,Oskar,Baker,Western Bulldogs,0.0
2026,4,Western Bulldogs,Essendon,12269,Marcus,Bontempelli,Western Bulldogs,2.534078404889714
2026,4,Western Bulldogs,Essendon,12916,Lachlan,Bramble,Western Bulldogs,0.0
2026,4,Western Bulldogs,Essendon,12769,Connor,Budarick,Western Bulldogs,0.0
2026,4,Western Bulldogs,Essendon,13265,Jordan,Croft,Western Bulldogs,0.005819009989620885
2026,4,Western Bulldogs,Essendon,12354,Bailey,Dale,Western Bulldogs,0.0
2026,4,Western Bulldogs,Essendon,13021,Sam,Darcy,Western Bulldogs,0.3018817293035493
2026,4,Western Bulldogs,Essendon,13178,Sam,Davidson,Western Bulldogs,0.0
2026,4,Western Bulldogs,Essendon,13179,Josh,Dolan,Western Bulldogs,0.0
2026,4,Western Bulldogs,Essendon,12537,Tim,English,Western Bulldogs,0.010581349613621643
2026,4,Western Bulldogs,Essendon,13140,Joel,Freijah,Western Bulldogs,0.16962491180731404
2026,4,Western Bulldogs,Essendon,13275,Lachie,Jaques,Western Bulldogs,0.0
2026,4,Western Bulldogs,Essendon,13046,Arthur,Jones,Western Bulldogs,0.10475292352858698
2026,4,Western Bulldogs,Essendon,12455,Matthew,Kennedy,Western Bulldogs,1.9224488555662353
2026,4,Western Bulldogs,Essendon,12900,Buku,Khamis,Western Bulldogs,0.0
2026,4,Western Bulldogs,Essendon,12282,Rory,Lobb,Western Bulldogs,0.0006418868197576172
2026,4,Western Bulldogs,Essendon,12854,Lachlan,McNeil,Western Bulldogs,0.0
2026,4,Western Bulldogs,Essendon,12594,Aaron,Naughton,Western Bulldogs,0.0267353233219009
2026,4,Western Bulldogs,Essendon,13061,James,ODonnell,Western Bulldogs,0.0
2026,4,Western Bulldogs,Essendon,13103,Ryley,Sanders,Western Bulldogs,0.37011897569889035
2026,4,Western Bulldogs,Essendon,13276,Michael,Sellwood,Western Bulldogs,0.0
2026,4,Western Bulldogs,Essendon,12748,Rhylee,West,Western Bulldogs,0.0
2026,4,Western Bulldogs,Essendon,12441,Bailey,Williams,Western Bulldogs,0.03672949508095927
2026,4,Hawthorn,Geelong,12690,Tom,Atkins,Geelong,0.056149578238708836
2026,4,Hawthorn,Geelong,12153,Mark,Blicavs,Geelong,0.04346261458438047
2026,4,Hawthorn,Geelong,12499,Jack,Bowes,Geelong,0.05096304815809782
2026,4,Hawthorn,Geelong,12871,Tanner,Bruhn,Geelong,0.06211495496486767
2026,4,Hawthorn,Geelong,12017,Jeremy,Cameron,Geelong,0.04783608782058696
2026,4,Hawthorn,Geelong,12806,Brad,Close,Geelong,0.04459824255332798
2026,4,Hawthorn,Geelong,12891,Sam,De Koning,Geelong,0.048347125395189094
2026,4,Hawthorn,Geelong,12974,Oliver,Dempsey,Geelong,0.04366979806339269
2026,4,Hawthorn,Geelong,13285,Mitchell,Edwards,Geelong,0.07473728961588395
2026,4,Hawthorn,Geelong,12551,Zach,Guthrie,Geelong,0.04157896830706928
2026,4,Hawthorn,Geelong,12607,Jack,Henry,Geelong,0.046730846963837475
2026,4,Hawthorn,Geelong,12851,Oliver,Henry,Geelong,0.05132411015161692
2026,4,Hawthorn,Geelong,12881,Max,Holmes,Geelong,0.38120085918004837
2026,4,Hawthorn,Geelong,13160,Lawson,Humphries,Geelong,0.04671850445609374
2026,4,Hawthorn,Geelong,13104,Shaun,Mannagh,Geelong,0.04617145182534971
2026,4,Hawthorn,Geelong,12236,Jack,Martin,Geelong,0.042446323230880434
2026,4,Hawthorn,Geelong,12689,Gryan,Miers,Geelong,0.042413966337048525
2026,4,Hawthorn,Geelong,13066,Oisin,Mullin,Geelong,0.04494454706207285
2026,4,Hawthorn,Geelong,12992,Shannon,Neale,Geelong,0.09989832671191354
2026,4,Hawthorn,Geelong,13122,Connor,OSullivan,Geelong,0.052243218892527976
2026,4,Hawthorn,Geelong,12692,Bailey,Smith,Geelong,1.2761961457189563
2026,4,Hawthorn,Geelong,12505,Tom,Stewart,Geelong,0.2584302561930125
2026,4,Hawthorn,Geelong,13217,Oliver,Wiltshire,Geelong,0.0469102445609092
2026,4,Hawthorn,Geelong,12383,Tom,Barrass,Hawthorn,0.07095785775088043
2026,4,Hawthorn,Geelong,12558,Josh,Battle,Hawthorn,0.05864771494581805
2026,4,Hawthorn,Geelong,12988,Sam,Butler,Hawthorn,0.04678880740121141
2026,4,Hawthorn,Geelong,12485,Mabior,Chol,Hawthorn,0.04064604874123742
2026,4,Hawthorn,Geelong,13304,Jack,Dalton,Hawthorn,0.049192106541861624
2026,4,Hawthorn,Geelong,12998,Massimo,DAmbrosio,Hawthorn,0.0691864138033603
2026,4,Hawthorn,Geelong,12927,Jack,Ginnivan,Hawthorn,0.1749775141106169
2026,4,Hawthorn,Geelong,11845,Jack,Gunston,Hawthorn,0.22497784036094648
2026,4,Hawthorn,Geelong,12469,Blake,Hardwick,Hawthorn,0.044909517455630044
2026,4,Hawthorn,Geelong,12237,Jarman,Impey,Hawthorn,0.26077821288357417
2026,4,Hawthorn,Geelong,12636,Mitch,Lewis,Hawthorn,0.06807334706420136
2026,4,Hawthorn,Geelong,12954,Connor,Macdonald,Hawthorn,0.562347619047818
2026,4,Hawthorn,Geelong,12856,Lloyd,Meek,Hawthorn,0.052443196967837585
2026,4,Hawthorn,Geelong,12710,Dylan,Moore,Hawthorn,0.05050795190519447
2026,4,Hawthorn,Geelong,12670,Conor,Nash,Hawthorn,0.08601079068863599
2026,4,Hawthorn,Geelong,12915,Jai,Newcombe,Hawthorn,0.30345110660795477
2026,4,Hawthorn,Geelong,12841,Flynn,Perez,Hawthorn,0.04200273707220156
2026,4,Hawthorn,Geelong,12906,Ned,Reeves,Hawthorn,0.0593747361764444
2026,4,Hawthorn,Geelong,12565,Jack,Scrimshaw,Hawthorn,0.04795736899994174
2026,4,Hawthorn,Geelong,12332,James,Sicily,Hawthorn,0.062140164425425665
2026,4,Hawthorn,Geelong,12955,Josh,Ward,Hawthorn,0.4542657265523721
2026,4,Hawthorn,Geelong,13105,Nick,Watson,Hawthorn,0.1440228569936299
2026,4,Hawthorn,Geelong,13057,Josh,Weddle,Hawthorn,0.07725385452191107
2026,5,Adelaide,Carlton,12849,Sam,Berry,Adelaide,0.8326625396807865
2026,5,Adelaide,Carlton,13086,James,Borlase,Adelaide,0.02394981493667537
2026,5,Adelaide,Carlton,12932,Brayden,Cook,Adelaide,0.019920890091747197
2026,5,Adelaide,Carlton,12629,Isaac,Cumming,Adelaide,0.028400577561177566
2026,5,Adelaide,Carlton,12516,Jordan,Dawson,Adelaide,0.3181151965011426
2026,5,Adelaide,Carlton,12727,Mitch,Hinge,Adelaide,0.018608737462811505
2026,5,Adelaide,Carlton,12434,Ben,Keays,Adelaide,0.08392995909582182
2026,5,Adelaide,Carlton,12165,Rory,Laird,Adelaide,0.06546282642596296
2026,5,Adelaide,Carlton,13219,Finnbar,Maley,Adelaide,0.028332716950215393
2026,5,Adelaide,Carlton,13065,Lachlan,McAndrew,Adelaide,0.03754877138475569
2026,5,Adelaide,Carlton,13027,Max,Michalanney,Adelaide,0.029685133613202304
2026,5,Adelaide,Carlton,12405,Wayne,Milera,Adelaide,0.09101569763195536
2026,5,Adelaide,Carlton,12872,Nick,Murray,Adelaide,0.02316197809879989
2026,5,Adelaide,Carlton,13081,Luke,Nankervis,Adelaide,0.02738656055690914
2026,5,Adelaide,Carlton,12367,Alex,Neal-Bullen,Adelaide,0.07869293957030327
2026,5,Adelaide,Carlton,12934,James,Peatling,Adelaide,0.07155745152249404
2026,5,Adelaide,Carlton,12953,Josh,Rachele,Adelaide,2.3872203249979385
2026,5,Adelaide,Carlton,12798,Izak,Rankine,Adelaide,0.4311804351873623
2026,5,Adelaide,Carlton,12952,Jake,Soligo,Adelaide,0.026193911081964567
2026,5,Adelaide,Carlton,13159,Zac,Taylor,Adelaide,0.023201512187483432
2026,5,Adelaide,Carlton,12892,Riley,Thilthorpe,Adelaide,0.03884724757114096
2026,5,Adelaide,Carlton,11713,Taylor,Walker,Adelaide,0.033071708250300154
2026,5,Adelaide,Carlton,12912,Josh,Worrell,Adelaide,0.0561015172926359
2026,5,Adelaide,Carlton,12498,Ben,Ainsworth,Carlton,0.02321465873770074
2026,5,Adelaide,Carlton,12965,Jordan,Boyd,Carlton,0.01794880535130617
2026,5,Adelaide,Carlton,13297,Talor,Byrne,Carlton,0.02037920435708713
2026,5,Adelaide,Carlton,13212,Matt,Carroll,Carlton,0.016678114190875733
2026,5,Adelaide,Carlton,12603,Adam,Cerra,Carlton,0.019669791013683664
2026,5,Adelaide,Carlton,13028,Lachlan,Cowan,Carlton,0.017555775938655906
2026,5,Adelaide,Carlton,12261,Patrick,Cripps,Carlton,0.37892057644383415
2026,5,Adelaide,Carlton,13303,Wade,Derksen,Carlton,0.022785226437720525
2026,5,Adelaide,Carlton,12873,Francis,Evans,Carlton,0.015913120210065336
2026,5,Adelaide,Carlton,12497,Oliver,Florent,Carlton,0.05417583265794327
2026,5,Adelaide,Carlton,12091,Nick,Haynes,Carlton,0.01979193714362166
2026,5,Adelaide,Carlton,13016,Elijah,Hollands,Carlton,0.016801348331895206
2026,5,Adelaide,Carlton,13029,Oliver,Hollands,Carlton,0.024195280164618367
2026,5,Adelaide,Carlton,12937,Brodie,Kemp,Carlton,0.01414276364141754
2026,5,Adelaide,Carlton,12404,Mitch,McGovern,Carlton,0.012962789704482232
2026,5,Adelaide,Carlton,12566,Harry,McKay,Carlton,0.012644013614641798
2026,5,Adelaide,Carlton,12508,Nic,Newman,Carlton,0.016586772190000244
2026,5,Adelaide,Carlton,13233,Hudson,OKeeffe,Carlton,0.020554785547558553
2026,5,Adelaide,Carlton,12417,Marc,Pittonet,Carlton,0.055884489016760026
2026,5,Adelaide,Carlton,13274,Jagga,Smith,Carlton,0.025083288854572207
2026,5,Adelaide,Carlton,12684,Sam,Walsh,Carlton,0.38503387468715167
2026,5,Adelaide,Carlton,12175,Zac,Williams,Carlton,0.00856817022226964
2026,5,Adelaide,Carlton,12559,Lewis,Young,Carlton,0.026260933878046462
2026,5,Collingwood,Fremantle,13306,Angus,Anderson,Collingwood,0.035006596152702685
2026,5,Collingwood,Fremantle,12660,Darcy,Cameron,Collingwood,0.05239345602400369
2026,5,Collingwood,Fremantle,12061,Jack,Crisp,Collingwood,0.18880774195750588
2026,5,Collingwood,Fremantle,12573,Josh,Daicos,Collingwood,0.04397850150543972
2026,5,Collingwood,Fremantle,12943,Nick,Daicos,Collingwood,1.4450939918080006
2026,5,Collingwood,Fremantle,12318,Jordan,de Goey,Collingwood,0.012867817413001036
2026,5,Collingwood,Fremantle,12083,Jamie,Elliott,Collingwood,0.015042516735446303
2026,5,Collingwood,Fremantle,12676,Billy,Frampton,Collingwood,0.05798228411325754
2026,5,Collingwood,Fremantle,12495,Dan,Houston,Collingwood,0.016720213668265937
2026,5,Collingwood,Fremantle,11967,Jeremy,Howe,Collingwood,0.028164125190542576
2026,5,Collingwood,Fremantle,12578,Patrick,Lipinski,Collingwood,0.021102747446652425
2026,5,Collingwood,Fremantle,13023,Ned,Long,Collingwood,0.018724471457811347
2026,5,Collingwood,Fremantle,12371,Brayden,Maynard,Collingwood,0.06474805768782241
2026,5,Collingwood,Fremantle,12876,Beau,McCreery,Collingwood,0.02006772644088504
2026,5,Collingwood,Fremantle,12291,Daniel,McStay,Collingwood,0.012782114970940655
2026,5,Collingwood,Fremantle,12300,Tim,Membrey,Collingwood,0.0006527659968495851
2026,5,Collingwood,Fremantle,4182,Scott,Pendlebury,Collingwood,0.09531285060644938
2026,5,Collingwood,Fremantle,12536,Harry,Perryman,Collingwood,0.022076261771834315
2026,5,Collingwood,Fremantle,12740,Isaac,Quaynor,Collingwood,0.046131585690782906
2026,5,Collingwood,Fremantle,12700,Lachie,Schultz,Collingwood,0.014497630798806904
2026,5,Collingwood,Fremantle,11751,Steele,Sidebottom,Collingwood,0.02160722285984616
2026,5,Collingwood,Fremantle,13248,Roan,Steele,Collingwood,0.019510688029210143
2026,5,Collingwood,Fremantle,13298,Oscar,Steene,Collingwood,0.022160555146015403
2026,5,Collingwood,Fremantle,12983,Jye,Amiss,Fremantle,0.04174005358769729
2026,5,Collingwood,Fremantle,12535,Shai,Bolton,Fremantle,0.10993732490606715
2026,5,Collingwood,Fremantle,12589,Andrew,Brayshaw,Fremantle,0.15806780661837647
2026,5,Collingwood,Fremantle,12875,Heath,Chapman,Fremantle,0.02567623416772614
2026,5,Collingwood,Fremantle,12688,Jordan,Clark,Fremantle,0.37136790213608056
2026,5,Collingwood,Fremantle,12544,Brennan,Cox,Fremantle,0.03052299150277679
2026,5,Collingwood,Fremantle,12547,Sean,Darcy,Fremantle,0.026695330661208005
2026,5,Collingwood,Fremantle,13204,Isaiah,Dudley,Fremantle,0.030083363014829858
2026,5,Collingwood,Fremantle,12966,Neil,Erasmus,Fremantle,0.024030627996276626
2026,5,Collingwood,Fremantle,12779,Luke,Jackson,Fremantle,1.4606919343709006
2026,5,Collingwood,Fremantle,13047,Matthew,Johnson,Fremantle,0.03460291183602163
2026,5,Collingwood,Fremantle,13033,Judd,McVee,Fremantle,0.025584054878112116
2026,5,Collingwood,Fremantle,12141,Jaeger,OMeara,Fremantle,0.036212659003477324
2026,5,Collingwood,Fremantle,12352,Alex,Pearce,Fremantle,0.2698683241262114
2026,5,Collingwood,Fremantle,13180,Murphy,Reid,Fremantle,0.0317566522375452
2026,5,Collingwood,Fremantle,12542,Luke,Ryan,Fremantle,0.6693835085924144
2026,5,Collingwood,Fremantle,13296,Chris,Scerri,Fremantle,0.02337339575397619
2026,5,Collingwood,Fremantle,12786,Caleb,Serong,Fremantle,0.1979617867767678
2026,5,Collingwood,Fremantle,12672,Sam,Switkowski,Fremantle,0.03129706985837369
2026,5,Collingwood,Fremantle,12887,Josh,Treacy,Fremantle,0.024149036892017927
2026,5,Collingwood,Fremantle,13129,Patrick,Voss,Fremantle,0.024957309347023265
2026,5,Collingwood,Fremantle,12453,Corey,Wagner,Fremantle,0.04228935941589404
2026,5,Collingwood,Fremantle,13075,Karl,Worner,Fremantle,0.03431843885737548
2026,5,North Melbourne,Brisbane Lions,12277,Charlie,Cameron,Brisbane Lions,0.02719643414430705
2026,5,North Melbourne,Brisbane Lions,12655,Oscar,Allen,Brisbane Lions,0.08169054752211097
2026,5,North Melbourne,Brisbane Lions,12340,Harris,Andrews,Brisbane Lions,0.02154838474453894
2026,5,North Melbourne,Brisbane Lions,13197,Levi,Ashcroft,Brisbane Lions,0.015226182236727092
2026,5,North Melbourne,Brisbane Lions,13040,Will,Ashcroft,Brisbane Lions,0.16889249953698066
2026,5,North Melbourne,Brisbane Lions,12610,Zac,Bailey,Brisbane Lions,0.7712148965463619
2026,5,North Melbourne,Brisbane Lions,12519,Jarrod,Berry,Brisbane Lions,0.09008413428440998
2026,5,North Melbourne,Brisbane Lions,12838,Keidean,Coleman,Brisbane Lions,0.019093665199229816
2026,5,North Melbourne,Brisbane Lions,12810,Sam,Draper,Brisbane Lions,0.20801897740065475
2026,5,North Melbourne,Brisbane Lions,12408,Josh,Dunkley,Brisbane Lions,0.055569011108050355
2026,5,North Melbourne,Brisbane Lions,13072,Jaspa,Fletcher,Brisbane Lions,0.01211772601588224
2026,5,North Melbourne,Brisbane Lions,12724,Darcy,Fort,Brisbane Lions,0.012556414784919206
2026,5,North Melbourne,Brisbane Lions,13235,Ty,Gallop,Brisbane Lions,0.011590712098573685
2026,5,North Melbourne,Brisbane Lions,11894,Ryan,Lester,Brisbane Lions,0.008769748949852363
2026,5,North Melbourne,Brisbane Lions,12968,Kai,Lohmann,Brisbane Lions,0.0341131619597048
2026,5,North Melbourne,Brisbane Lions,12090,Lincoln,McCarthy,Brisbane Lions,0.018905559451705002
2026,5,North Melbourne,Brisbane Lions,12518,Hugh,McCluggage,Brisbane Lions,0.04587336754487887
2026,5,North Melbourne,Brisbane Lions,13137,Logan,Morris,Brisbane Lions,0.016032720975585397
2026,5,North Melbourne,Brisbane Lions,12055,Lachie,Neale,Brisbane Lions,2.322545326223793
2026,5,North Melbourne,Brisbane Lions,12592,Cam,Rayner,Brisbane Lions,0.05451393826536046
2026,5,North Melbourne,Brisbane Lions,13138,Bruce,Reville,Brisbane Lions,0.010018814272170917
2026,5,North Melbourne,Brisbane Lions,13026,Darcy,Wilmot,Brisbane Lions,0.010046813586484215
2026,5,North Melbourne,Brisbane Lions,12076,Dayne,Zorko,Brisbane Lions,0.010382084107900402
2026,5,North Melbourne,Brisbane Lions,13256,Zac,Banch,North Melbourne,0.0117661748193918
2026,5,North Melbourne,Brisbane Lions,13287,Tom,Blamires,North Melbourne,0.011369521740661864
2026,5,North Melbourne,Brisbane Lions,12730,Callum,Coleman-Jones,North Melbourne,0.012851392423966107
2026,5,North Melbourne,Brisbane Lions,12938,Charlie,Comben,North Melbourne,0.008672417179780961
2026,5,North Melbourne,Brisbane Lions,12181,Aidan,Corr,North Melbourne,0.0058149834019598
2026,5,North Melbourne,Brisbane Lions,12975,Paul,Curtis,North Melbourne,0.0
2026,5,North Melbourne,Brisbane Lions,12373,Caleb,Daniel,North Melbourne,0.006634623993732413
2026,5,North Melbourne,Brisbane Lions,11905,Jack,Darling,North Melbourne,0.00997736595121274
2026,5,North Melbourne,Brisbane Lions,12590,Luke,Davies-Uniacke,North Melbourne,0.8787173755356908
2026,5,North Melbourne,Brisbane Lions,13106,Zane,Duursma,North Melbourne,0.006512993968201491
2026,5,North Melbourne,Brisbane Lions,12563,Nick,Larkey,North Melbourne,0.011180445002646594
2026,5,North Melbourne,Brisbane Lions,12511,Griffin,Logue,North Melbourne,0.013259214749098571
2026,5,North Melbourne,Brisbane Lions,12246,Luke,McDonald,North Melbourne,0.0064189060310467
2026,5,North Melbourne,Brisbane Lions,13107,Colby,McKercher,North Melbourne,0.031799630257029136
2026,5,North Melbourne,Brisbane Lions,11953,Luke,Parker,North Melbourne,0.1408973972961846
2026,5,North Melbourne,Brisbane Lions,12866,Tom,Powell,North Melbourne,0.004203423000980649
2026,5,North Melbourne,Brisbane Lions,13034,Harry,Sheezel,North Melbourne,0.4334679542465913
2026,5,North Melbourne,Brisbane Lions,12502,Jy,Simpkin,North Melbourne,0.31487887910988666
2026,5,North Melbourne,Brisbane Lions,12622,Charlie,Spargo,North Melbourne,0.010424122070204272
2026,5,North Melbourne,Brisbane Lions,12796,Dylan,Stephens,North Melbourne,0.008824768082361966
2026,5,North Melbourne,Brisbane Lions,13263,Cooper,Trembath,North Melbourne,0.03547196903825322
2026,5,North Melbourne,Brisbane Lions,13064,George,Wardlaw,North Melbourne,0.009750684783382707
2026,5,North Melbourne,Brisbane Lions,12557,Cameron,Zurhaar,North Melbourne,0.0011046363460799399
2026,5,Essendon,Melbourne,13237,Lachlan,Blakiston,Essendon,0.0
2026,5,Essendon,Melbourne,13148,Nate,Caddy,Essendon,0.006794810056429883
2026,5,Essendon,Melbourne,12755,Jye,Caldwell,Essendon,0.05598235937646018
2026,5,Essendon,Melbourne,13223,Archer,Day-Wicks,Essendon,0.00457759885611218
2026,5,Essendon,Melbourne,12925,Sam,Durham,Essendon,0.008248796723624118
2026,5,Essendon,Melbourne,12696,Xavier,Duursma,Essendon,0.04024570400415291
2026,5,Essendon,Melbourne,13198,Tom,Edwards,Essendon,0.004819672083911274
2026,5,Essendon,Melbourne,13299,Jacob,Farrow,Essendon,0.026113542465901
2026,5,Essendon,Melbourne,12415,Jade,Gresham,Essendon,0.0
2026,5,Essendon,Melbourne,13177,Isaac,Kako,Essendon,0.13651102647138139
2026,5,Essendon,Melbourne,12349,Kyle,Langford,Essendon,0.03672663604359383
2026,5,Essendon,Melbourne,13238,Archie,May,Essendon,0.0
2026,5,Essendon,Melbourne,12491,Andrew,McGrath,Essendon,0.0
2026,5,Essendon,Melbourne,12580,Ben,McKay,Essendon,0.023034926006212594
2026,5,Essendon,Melbourne,12241,Zach,Merrett,Essendon,0.8973095263927505
2026,5,Essendon,Melbourne,12406,Darcy,Parish,Essendon,1.4160952834957445
2026,5,Essendon,Melbourne,12874,Jaxon,Prior,Essendon,0.0
2026,5,Essendon,Melbourne,12889,Zach,Reid,Essendon,0.008023443866320073
2026,5,Essendon,Melbourne,12631,Jordan,Ridley,Essendon,0.0
2026,5,Essendon,Melbourne,13168,Archie,Roberts,Essendon,2.3830242932501955
2026,5,Essendon,Melbourne,13307,Sullivan,Robey,Essendon,0.0013926036891900272
2026,5,Essendon,Melbourne,13087,Elijah,Tsatas,Essendon,0.03125778245696344
2026,5,Essendon,Melbourne,12366,Peter,Wright,Essendon,0.38518963729311817
2026,5,Essendon,Melbourne,12756,Kade,Chandler,Melbourne,0.0
2026,5,Essendon,Melbourne,13015,Jai,Culley,Melbourne,0.000468570908398188
2026,5,Essendon,Melbourne,12598,Bayley,Fritsch,Melbourne,0.0
2026,5,Essendon,Melbourne,11966,Max,Gawn,Melbourne,0.2181717978042437
2026,5,Essendon,Melbourne,13098,Blake,Howes,Melbourne,0.0
2026,5,Essendon,Melbourne,12393,Ed,Langdon,Melbourne,0.0
2026,5,Essendon,Melbourne,13184,Harvey,Langford,Melbourne,0.0
2026,5,Essendon,Melbourne,12351,Jake,Lever,Melbourne,0.0
2026,5,Essendon,Melbourne,13185,Xavier,Lindsay,Melbourne,0.0022261679700674684
2026,5,Essendon,Melbourne,12009,Tom,McDonald,Melbourne,0.0
2026,5,Essendon,Melbourne,11820,Jake,Melksham,Melbourne,0.0
2026,5,Essendon,Melbourne,12639,Brody,Mihocek,Melbourne,0.0
2026,5,Essendon,Melbourne,12653,Harry,Petty,Melbourne,0.0
2026,5,Essendon,Melbourne,12771,Kysaiah,Pickett,Melbourne,0.30230854171241783
2026,5,Essendon,Melbourne,13286,Latrelle,Pickett,Melbourne,0.0039870498827138355
2026,5,Essendon,Melbourne,12272,Christian,Salem,Melbourne,0.0
2026,5,Essendon,Melbourne,12864,Harry,Sharp,Melbourne,0.0
2026,5,Essendon,Melbourne,12693,Tom,Sparrow,Melbourne,0.0
2026,5,Essendon,Melbourne,12368,Jack,Steele,Melbourne,0.0
2026,5,Essendon,Melbourne,13123,Koltyn,Tholstrup,Melbourne,0.00031113113546324053
2026,5,Essendon,Melbourne,12996,Daniel,Turner,Melbourne,0.0
2026,5,Essendon,Melbourne,13048,Jacob,van Rooyen,Melbourne,0.0023018843223444573
2026,5,Essendon,Melbourne,13099,Caleb,Windsor,Melbourne,0.004877213736263566
2026,5,Sydney,Gold Coast,12767,Noah,Anderson,Gold Coast,0.03905666587938913
2026,5,Sydney,Gold Coast,13019,Mac,Andrew,Gold Coast,0.0
2026,5,Sydney,Gold Coast,12625,Charlie,Ballard,Gold Coast,0.0
2026,5,Sydney,Gold Coast,13119,Sam,Clohesy,Gold Coast,0.0
2026,5,Sydney,Gold Coast,12444,Sam,Collins,Gold Coast,0.0
2026,5,Sydney,Gold Coast,12942,Alex,Davies,Gold Coast,0.0
2026,5,Sydney,Gold Coast,13120,Will,Graham,Gold Coast,0.0
2026,5,Sydney,Gold Coast,13272,Lachlan,Gulbin,Gold Coast,0.0
2026,5,Sydney,Gold Coast,12933,Joel,Jeffrey,Gold Coast,0.0
2026,5,Sydney,Gold Coast,12728,Ben,King,Gold Coast,0.0
2026,5,Sydney,Gold Coast,13232,Leo,Lombard,Gold Coast,0.0
2026,5,Sydney,Gold Coast,12521,Ben,Long,Gold Coast,0.0
2026,5,Sydney,Gold Coast,12331,Touk,Miller,Gold Coast,0.0
2026,5,Sydney,Gold Coast,12743,John,Noble,Gold Coast,0.0
2026,5,Sydney,Gold Coast,12652,Wil,Powell,Gold Coast,0.0
2026,5,Sydney,Gold Coast,13121,Ethan,Read,Gold Coast,0.0
2026,5,Sydney,Gold Coast,12403,Daniel,Rioli,Gold Coast,0.0
2026,5,Sydney,Gold Coast,12768,Matt,Rowell,Gold Coast,0.25945217063352716
2026,5,Sydney,Gold Coast,13041,Bodhi,Uwland,Gold Coast,0.0
2026,5,Sydney,Gold Coast,13278,Zeke,Uwland,Gold Coast,0.0
2026,5,Sydney,Gold Coast,13114,Jed,Walter,Gold Coast,0.0
2026,5,Sydney,Gold Coast,12385,Lachie,Weller,Gold Coast,0.0
2026,5,Sydney,Gold Coast,12177,Jarrod,Witts,Gold Coast,0.0
2026,5,Sydney,Gold Coast,12844,Joel,Amartey,Sydney,0.0
2026,5,Sydney,Gold Coast,13195,Riley,Bice,Sydney,0.0
2026,5,Sydney,Gold Coast,12699,Nick,Blakey,Sydney,0.041423174661639396
2026,5,Sydney,Gold Coast,12015,Harry,Cunningham,Sydney,0.0
2026,5,Sydney,Gold Coast,12421,Charlie,Curnow,Sydney,0.0
2026,5,Sydney,Gold Coast,12217,Brodie,Grundy,Sydney,0.8203045409941694
2026,5,Sydney,Gold Coast,12359,Joel,Hamling,Sydney,0.0
2026,5,Sydney,Gold Coast,12326,Isaac,Heeney,Sydney,2.6089527458728656
2026,5,Sydney,Gold Coast,12860,James,Jordon,Sydney,0.0
2026,5,Sydney,Gold Coast,12268,Jake,Lloyd,Sydney,0.0
2026,5,Sydney,Gold Coast,12627,Tom,McCartin,Sydney,0.127424988326846
2026,5,Sydney,Gold Coast,12861,Logan,McDonald,Sydney,0.0
2026,5,Sydney,Gold Coast,12711,Justin,McInerney,Sydney,1.0722543224957302
2026,5,Sydney,Gold Coast,12413,Callum,Mills,Sydney,0.2588825095033024
2026,5,Sydney,Gold Coast,12412,Tom,Papley,Sydney,0.30744710701539407
2026,5,Sydney,Gold Coast,12140,Dane,Rampe,Sydney,0.0
2026,5,Sydney,Gold Coast,12994,Matt,Roberts,Sydney,0.07438021293262082
2026,5,Sydney,Gold Coast,12903,Malcolm,Rosas,Sydney,0.009880431814382314
2026,5,Sydney,Gold Coast,12714,James,Rowbottom,Sydney,0.0
2026,5,Sydney,Gold Coast,13022,Jai,Serong,Sydney,0.0
2026,5,Sydney,Gold Coast,12797,Chad,Warner,Sydney,0.3805411298667941
2026,5,Sydney,Gold Coast,13053,Corey,Warner,Sydney,0.0
2026,5,Sydney,Gold Coast,12818,Sam,Wicks,Sydney,0.0
2026,5,Hawthorn,Western Bulldogs,12357,Karl,Amon,Hawthorn,0.05640565353630411
2026,5,Hawthorn,Western Bulldogs,12383,Tom,Barrass,Hawthorn,0.04392453064517453
2026,5,Hawthorn,Western Bulldogs,12558,Josh,Battle,Hawthorn,0.3143389323180147
2026,5,Hawthorn,Western Bulldogs,12988,Sam,Butler,Hawthorn,0.012694389836983774
2026,5,Hawthorn,Western Bulldogs,12485,Mabior,Chol,Hawthorn,0.023176571202124033
2026,5,Hawthorn,Western Bulldogs,12998,Massimo,DAmbrosio,Hawthorn,0.04370873852053139
2026,5,Hawthorn,Western Bulldogs,12927,Jack,Ginnivan,Hawthorn,1.3134814516711502
2026,5,Hawthorn,Western Bulldogs,11845,Jack,Gunston,Hawthorn,0.06296277199269823
2026,5,Hawthorn,Western Bulldogs,12469,Blake,Hardwick,Hawthorn,0.1501971957451418
2026,5,Hawthorn,Western Bulldogs,12237,Jarman,Impey,Hawthorn,0.04005396016850063
2026,5,Hawthorn,Western Bulldogs,12636,Mitch,Lewis,Hawthorn,0.28929672144073765
2026,5,Hawthorn,Western Bulldogs,12954,Connor,Macdonald,Hawthorn,0.08401010325134657
2026,5,Hawthorn,Western Bulldogs,13031,Cam,Mackenzie,Hawthorn,0.023610454756903418
2026,5,Hawthorn,Western Bulldogs,12856,Lloyd,Meek,Hawthorn,0.04600696563357687
2026,5,Hawthorn,Western Bulldogs,12710,Dylan,Moore,Hawthorn,0.07554565133927638
2026,5,Hawthorn,Western Bulldogs,12670,Conor,Nash,Hawthorn,0.07408044239838914
2026,5,Hawthorn,Western Bulldogs,12915,Jai,Newcombe,Hawthorn,2.4503674260919315
2026,5,Hawthorn,Western Bulldogs,12841,Flynn,Perez,Hawthorn,0.019979234617656452
2026,5,Hawthorn,Western Bulldogs,12906,Ned,Reeves,Hawthorn,0.052286139970991186
2026,5,Hawthorn,Western Bulldogs,12332,James,Sicily,Hawthorn,0.14770576661288176
2026,5,Hawthorn,Western Bulldogs,12955,Josh,Ward,Hawthorn,0.04894842784721641
2026,5,Hawthorn,Western Bulldogs,13105,Nick,Watson,Hawthorn,0.02977779539182747
2026,5,Hawthorn,Western Bulldogs,13057,Josh,Weddle,Hawthorn,0.03655864205115085
2026,5,Hawthorn,Western Bulldogs,12723,Oskar,Baker,Western Bulldogs,0.019789494361494672
2026,5,Hawthorn,Western Bulldogs,12269,Marcus,Bontempelli,Western Bulldogs,0.19190288544104311
2026,5,Hawthorn,Western Bulldogs,12916,Lachlan,Bramble,Western Bulldogs,0.020006381541036164
2026,5,Hawthorn,Western Bulldogs,12769,Connor,Budarick,Western Bulldogs,0.01845515293308765
2026,5,Hawthorn,Western Bulldogs,13265,Jordan,Croft,Western Bulldogs,0.02201615756534854
2026,5,Hawthorn,Western Bulldogs,12354,Bailey,Dale,Western Bulldogs,0.013819252057531248
2026,5,Hawthorn,Western Bulldogs,13021,Sam,Darcy,Western Bulldogs,0.01088097810491108
2026,5,Hawthorn,Western Bulldogs,13178,Sam,Davidson,Western Bulldogs,0.01428934027256211
2026,5,Hawthorn,Western Bulldogs,13179,Josh,Dolan,Western Bulldogs,0.017570016715309958
2026,5,Hawthorn,Western Bulldogs,13308,Louis,Emmett,Western Bulldogs,0.027128410060074368
2026,5,Hawthorn,Western Bulldogs,13140,Joel,Freijah,Western Bulldogs,0.02763622331616876
2026,5,Hawthorn,Western Bulldogs,13102,Harvey,Gallagher,Western Bulldogs,0.018618712668597645
2026,5,Hawthorn,Western Bulldogs,13213,Cooper,Hynes,Western Bulldogs,0.014481884537739922
2026,5,Hawthorn,Western Bulldogs,12455,Matthew,Kennedy,Western Bulldogs,0.008916048210276598
2026,5,Hawthorn,Western Bulldogs,12900,Buku,Khamis,Western Bulldogs,0.02261118002988273
2026,5,Hawthorn,Western Bulldogs,12282,Rory,Lobb,Western Bulldogs,0.012093158566985132
2026,5,Hawthorn,Western Bulldogs,12594,Aaron,Naughton,Western Bulldogs,0.0045274667624040504
2026,5,Hawthorn,Western Bulldogs,13061,James,ODonnell,Western Bulldogs,0.0293432681435135
2026,5,Hawthorn,Western Bulldogs,12605,Ed,Richards,Western Bulldogs,0.0005742915478688798
2026,5,Hawthorn,Western Bulldogs,13103,Ryley,Sanders,Western Bulldogs,0.03717524382986004
2026,5,Hawthorn,Western Bulldogs,13276,Michael,Sellwood,Western Bulldogs,0.0187905966953109
2026,5,Hawthorn,Western Bulldogs,12748,Rhylee,West,Western Bulldogs,0.0007604705196412459
2026,5,Hawthorn,Western Bulldogs,12441,Bailey,Williams,Western Bulldogs,0.009495419074909903
2026,5,Geelong,West Coast,12690,Tom,Atkins,Geelong,0.5697008667925968
2026,5,Geelong,West Coast,12499,Jack,Bowes,Geelong,0.020196348382516185
2026,5,Geelong,West Coast,12871,Tanner,Bruhn,Geelong,0.7855026986492658
2026,5,Geelong,West Coast,12017,Jeremy,Cameron,Geelong,0.09282188037267385
2026,5,Geelong,West Coast,12806,Brad,Close,Geelong,0.01989220603690042
2026,5,Geelong,West Coast,12891,Sam,De Koning,Geelong,0.018643017053040927
2026,5,Geelong,West Coast,12974,Oliver,Dempsey,Geelong,0.0163572130544337
2026,5,Geelong,West Coast,13285,Mitchell,Edwards,Geelong,0.026444887325025253
2026,5,Geelong,West Coast,12551,Zach,Guthrie,Geelong,0.01674953434754142
2026,5,Geelong,West Coast,12851,Oliver,Henry,Geelong,0.020780122648434356
2026,5,Geelong,West Coast,12881,Max,Holmes,Geelong,1.5575630183113067
2026,5,Geelong,West Coast,13160,Lawson,Humphries,Geelong,0.0020634313141974616
2026,5,Geelong,West Coast,12370,Jake,Kolodjashnij,Geelong,0.01350606778328393
2026,5,Geelong,West Coast,13104,Shaun,Mannagh,Geelong,0.011530692075421161
2026,5,Geelong,West Coast,12689,Gryan,Miers,Geelong,0.013159813731062186
2026,5,Geelong,West Coast,13066,Oisin,Mullin,Geelong,0.010015522384851493
2026,5,Geelong,West Coast,12992,Shannon,Neale,Geelong,0.03319843662261923
2026,5,Geelong,West Coast,12531,Mark,OConnor,Geelong,0.08892064956148157
2026,5,Geelong,West Coast,13122,Connor,OSullivan,Geelong,0.04238656931298085
2026,5,Geelong,West Coast,12692,Bailey,Smith,Geelong,2.0437205718917024
2026,5,Geelong,West Coast,12505,Tom,Stewart,Geelong,0.035819397392056765
2026,5,Geelong,West Coast,13217,Oliver,Wiltshire,Geelong,0.007703009312641435
2026,5,Geelong,West Coast,12619,James,Worpel,Geelong,0.22245318948692294
2026,5,Geelong,West Coast,12576,Jack,Graham,West Coast,0.01964103945279735
2026,5,Geelong,West Coast,13221,Bo,Allan,West Coast,0.009764620412982577
2026,5,Geelong,West Coast,12661,Liam,Baker,West Coast,0.010314109024044987
2026,5,Geelong,West Coast,13209,Sandy,Brock,West Coast,0.010905558236747392
2026,5,Geelong,West Coast,13210,Hamish,Davis,West Coast,0.009449860109758328
2026,5,Geelong,West Coast,13291,Cooper,Duff-Tytler,West Coast,0.009342516684665108
2026,5,Geelong,West Coast,12334,Liam,Duggan,West Coast,0.008240242077278092
2026,5,Geelong,West Coast,13292,Willem,Duursma,West Coast,0.016507548858426948
2026,5,Geelong,West Coast,13038,Reuben,Ginbey,West Coast,0.013819057700510364
2026,5,Geelong,West Coast,13044,Elijah,Hewett,West Coast,0.00704524161497026
2026,5,Geelong,West Coast,12957,Brady,Hough,West Coast,0.01121087615805964
2026,5,Geelong,West Coast,12595,Tim,Kelly,West Coast,0.02783707279059072
2026,5,Geelong,West Coast,13293,Josh,Lindsay,West Coast,0.008005476827570562
2026,5,Geelong,West Coast,13240,Tom,McCarthy,West Coast,0.0
2026,5,Geelong,West Coast,12839,Matthew,Owies,West Coast,0.007808808689843527
2026,5,Geelong,West Coast,13196,Archer,Reid,West Coast,0.012900793199176318
2026,5,Geelong,West Coast,13111,Harley,Reid,West Coast,0.10714975007592338
2026,5,Geelong,West Coast,12774,Deven,Robertson,West Coast,0.008267909259397476
2026,5,Geelong,West Coast,12813,Harry,Schoenberg,West Coast,0.011074614147682443
2026,5,Geelong,West Coast,13247,Jobe,Shanahan,West Coast,0.0
2026,5,Geelong,West Coast,12601,Jake,Waterman,West Coast,0.0
2026,5,Geelong,West Coast,12836,Bailey,Williams,West Coast,0.008530664944611199
2026,5,Geelong,West Coast,13043,Tylar,Young,West Coast,0.013055095884728234
2026,5,Greater Western Sydney,Richmond,13001,Ryan,Angwin,Greater Western Sydney,0.006515087853198524
2026,5,Greater Western Sydney,Richmond,12782,Lachie,Ash,Greater Western Sydney,0.47947189794280454
2026,5,Greater Western Sydney,Richmond,12772,Toby,Bedford,Greater Western Sydney,0.002219074602779504
2026,5,Greater Western Sydney,Richmond,12846,Jack,Buckley,Greater Western Sydney,0.010905762088436324
2026,5,Greater Western Sydney,Richmond,13054,Aaron,Cadman,Greater Western Sydney,0.4102939027287451
2026,5,Greater Western Sydney,Richmond,12969,Finn,Callaghan,Greater Western Sydney,2.245296963431405
2026,5,Greater Western Sydney,Richmond,12028,Stephen,Coniglio,Greater Western Sydney,0.008774111449720023
2026,5,Greater Western Sydney,Richmond,12656,Brent,Daniels,Greater Western Sydney,0.027656804784612573
2026,5,Greater Western Sydney,Richmond,13164,Joe,Fonti,Greater Western Sydney,0.016418296634799167
2026,5,Greater Western Sydney,Richmond,13279,Phoenix,Gothard,Greater Western Sydney,0.01995225618540297
2026,5,Greater Western Sydney,Richmond,12025,Toby,Greene,Greater Western Sydney,0.5318406190404645
2026,5,Greater Western Sydney,Richmond,13302,Oliver,Hannaford,Greater Western Sydney,0.005355327854920706
2026,5,Greater Western Sydney,Richmond,12462,Harry,Himmelberg,Greater Western Sydney,0.004921206146791697
2026,5,Greater Western Sydney,Richmond,12321,Jesse,Hogan,Greater Western Sydney,0.015144323037913156
2026,5,Greater Western Sydney,Richmond,12750,Connor,Idun,Greater Western Sydney,0.013422937156199365
2026,5,Greater Western Sydney,Richmond,12377,Jayden,Laverde,Greater Western Sydney,0.16440892776686664
2026,5,Greater Western Sydney,Richmond,13236,Nick,Madden,Greater Western Sydney,0.21869726206732176
2026,5,Greater Western Sydney,Richmond,12821,Xavier,OHalloran,Greater Western Sydney,0.008719503243487827
2026,5,Greater Western Sydney,Richmond,12410,Clayton,Oliver,Greater Western Sydney,1.1991827180701249
2026,5,Greater Western Sydney,Richmond,12834,Jake,Riccardi,Greater Western Sydney,0.012213757881267755
2026,5,Greater Western Sydney,Richmond,12167,Jake,Stringer,Greater Western Sydney,0.17883326221846288
2026,5,Greater Western Sydney,Richmond,13101,Harvey,Thomas,Greater Western Sydney,0.0031554492343169828
2026,5,Greater Western Sydney,Richmond,12143,Lachie,Whitfield,Greater Western Sydney,0.18101522907385154
2026,5,Greater Western Sydney,Richmond,12712,Jack,Ross,Richmond,0.018489555181967956
2026,5,Greater Western Sydney,Richmond,12686,Noah,Balta,Richmond,0.002169648690271776
2026,5,Greater Western Sydney,Richmond,13078,Sam,Banks,Richmond,0.0030742930026345884
2026,5,Greater Western Sydney,Richmond,12456,Nathan,Broad,Richmond,0.001786099850178159
2026,5,Greater Western Sydney,Richmond,13096,Tom,Brown,Richmond,0.0011364045133472845
2026,5,Greater Western Sydney,Richmond,13100,Seth,Campbell,Richmond,0.004200875834662966
2026,5,Greater Western Sydney,Richmond,13214,Jonty,Faull,Richmond,0.0
2026,5,Greater Western Sydney,Richmond,13200,Liam,Fawcett,Richmond,0.0
2026,5,Greater Western Sydney,Richmond,13218,Campbell,Gray,Richmond,0.001489877420700887
2026,5,Greater Western Sydney,Richmond,13145,Steely,Green,Richmond,0.004679384482505734
2026,5,Greater Western Sydney,Richmond,13290,Sam,Grlj,Richmond,0.001996843246244019
2026,5,Greater Western Sydney,Richmond,13309,Oliver,Hayes-Brown,Richmond,0.005644397663096569
2026,5,Greater Western Sydney,Richmond,12440,Jacob,Hopper,Richmond,0.06626572072628728
2026,5,Greater Western Sydney,Richmond,13190,Sam,Lalor,Richmond,0.013135281595838568
2026,5,Greater Western Sydney,Richmond,13113,Mykelti,Lefau,Richmond,0.031802389131890714
2026,5,Greater Western Sydney,Richmond,12941,Ben,Miller,Richmond,0.01037296082216178
2026,5,Greater Western Sydney,Richmond,11917,Dion,Prestia,Richmond,0.0185801975091102
2026,5,Greater Western Sydney,Richmond,12935,Maurice,Rioli,Richmond,0.0036221808432514114
2026,5,Greater Western Sydney,Richmond,12418,Jayden,Short,Richmond,0.0
2026,5,Greater Western Sydney,Richmond,13014,Tyler,Sonsie,Richmond,0.0007565019689999243
2026,5,Greater Western Sydney,Richmond,12504,Tim,Taranto,Richmond,0.04048930137133095
2026,5,Greater Western Sydney,Richmond,13191,Luke,Trainor,Richmond,0.005649686887455703
2026,5,Greater Western Sydney,Richmond,12174,Nick,Vlastuin,Richmond,0.0002437187655009122
2026,5,Port Adelaide,St Kilda,12433,Aliir,Aliir,Port Adelaide,0.0
2026,5,Port Adelaide,St Kilda,12867,Miles,Bergman,Port Adelaide,0.0
2026,5,Port Adelaide,St Kilda,13188,Joe,Berry,Port Adelaide,0.0
2026,5,Port Adelaide,St Kilda,13007,Jase,Burgoyne,Port Adelaide,0.0
2026,5,Port Adelaide,St Kilda,12698,Zak,Butters,Port Adelaide,2.0895530416095487
2026,5,Port Adelaide,St Kilda,12422,Darcy,Byrne-Jones,Port Adelaide,0.0
2026,5,Port Adelaide,St Kilda,12695,Willem,Drew,Port Adelaide,0.0
2026,5,Port Adelaide,St Kilda,12936,Corey,Durdin,Port Adelaide,0.0
2026,5,Port Adelaide,St Kilda,13156,Logan,Evans,Port Adelaide,0.0
2026,5,Port Adelaide,St Kilda,12664,Kane,Farrell,Port Adelaide,0.0
2026,5,Port Adelaide,St Kilda,12766,Mitch,Georgiades,Port Adelaide,0.0
2026,5,Port Adelaide,St Kilda,12956,Jason,Horne-Francis,Port Adelaide,0.7123996957126484
2026,5,Port Adelaide,St Kilda,12882,Lachie,Jones,Port Adelaide,0.0
2026,5,Port Adelaide,St Kilda,13301,Josh,Lai,Port Adelaide,0.0
2026,5,Port Adelaide,St Kilda,12704,Jack,Lukosius,Port Adelaide,0.0
2026,5,Port Adelaide,St Kilda,13269,Ewan,Mackinlay,Port Adelaide,0.0
2026,5,Port Adelaide,St Kilda,12575,Todd,Marshall,Port Adelaide,0.0
2026,5,Port Adelaide,St Kilda,13139,Joe,Richards,Port Adelaide,0.0
2026,5,Port Adelaide,St Kilda,12890,Jordon,Sweet,Port Adelaide,0.0
2026,5,Port Adelaide,St Kilda,13289,Jack,Watkins,Port Adelaide,0.0
2026,5,Port Adelaide,St Kilda,12991,Jacob,Wehr,Port Adelaide,0.0
2026,5,Port Adelaide,St Kilda,13259,Jack,Whitlock,Port Adelaide,0.0
2026,5,Port Adelaide,St Kilda,12150,Ollie,Wines,Port Adelaide,0.0026279636468406753
2026,5,Port Adelaide,St Kilda,13220,Hugh,Boxshall,St Kilda,0.0
2026,5,Port Adelaide,St Kilda,12490,Dan,Butler,St Kilda,0.0
2026,5,Port Adelaide,St Kilda,12976,Jack,Carroll,St Kilda,0.0
2026,5,Port Adelaide,St Kilda,12591,Hunter,Clark,St Kilda,0.0
2026,5,Port Adelaide,St Kilda,12674,Tom,De Koning,St Kilda,0.0
2026,5,Port Adelaide,St Kilda,12824,Sam,Flanders,St Kilda,0.01146612209845578
2026,5,Port Adelaide,St Kilda,13125,Hugo,Garcia,St Kilda,0.5978703089145582
2026,5,Port Adelaide,St Kilda,13193,Max,Hall,St Kilda,0.001556837193658664
2026,5,Port Adelaide,St Kilda,12609,Jack,Higgins,St Kilda,0.0
2026,5,Port Adelaide,St Kilda,12060,Bradley,Hill,St Kilda,0.0
2026,5,Port Adelaide,St Kilda,12564,Rowan,Marshall,St Kilda,0.0
2026,5,Port Adelaide,St Kilda,12948,Mitch,Owens,St Kilda,0.0
2026,5,Port Adelaide,St Kilda,13036,Mattaes,Phillipou,St Kilda,0.0
2026,5,Port Adelaide,St Kilda,12600,Liam,Ryan,St Kilda,0.0
2026,5,Port Adelaide,St Kilda,12929,Cooper,Sharman,St Kilda,0.0
2026,5,Port Adelaide,St Kilda,12458,Jack,Silvagni,St Kilda,0.058810934231126905
2026,5,Port Adelaide,St Kilda,12325,Jack,Sinclair,St Kilda,0.0
2026,5,Port Adelaide,St Kilda,13243,Alix,Tauru,St Kilda,0.0
2026,5,Port Adelaide,St Kilda,12950,Nasiah,Wanganeen-Milera,St Kilda,2.421733841810322
2026,5,Port Adelaide,St Kilda,12703,Callum,Wilkie,St Kilda,0.04020073451440853
2026,5,Port Adelaide,St Kilda,13110,Darcy,Wilson,St Kilda,0.0
2026,5,Port Adelaide,St Kilda,12967,Marcus,Windhager,St Kilda,0.06378052026543753
2026,5,Port Adelaide,St Kilda,12312,Mason,Wood,St Kilda,0.0
2026,6,Carlton,Collingwood,12498,Ben,Ainsworth,Carlton,0.037801649605965576
2026,6,Carlton,Collingwood,13297,Talor,Byrne,Carlton,0.028896267300104694
2026,6,Carlton,Collingwood,13212,Matt,Carroll,Carlton,0.03033399703395226
2026,6,Carlton,Collingwood,12603,Adam,Cerra,Carlton,0.029896624146220324
2026,6,Carlton,Collingwood,13028,Lachlan,Cowan,Carlton,0.040374829166494514
2026,6,Carlton,Collingwood,12261,Patrick,Cripps,Carlton,0.1734434927917819
2026,6,Carlton,Collingwood,13273,Harry,Dean,Carlton,0.031541825363341575
2026,6,Carlton,Collingwood,12873,Francis,Evans,Carlton,0.030540969118414363
2026,6,Carlton,Collingwood,12497,Oliver,Florent,Carlton,0.05166880807953922
2026,6,Carlton,Collingwood,12091,Nick,Haynes,Carlton,0.0241673031873329
2026,6,Carlton,Collingwood,12509,Will,Hayward,Carlton,0.02595281747239181
2026,6,Carlton,Collingwood,13016,Elijah,Hollands,Carlton,0.030981090381747817
2026,6,Carlton,Collingwood,13029,Oliver,Hollands,Carlton,0.03295218690833723
2026,6,Carlton,Collingwood,12937,Brodie,Kemp,Carlton,0.030052909317958287
2026,6,Carlton,Collingwood,12404,Mitch,McGovern,Carlton,0.04607958395038936
2026,6,Carlton,Collingwood,12566,Harry,McKay,Carlton,0.022795444118213132
2026,6,Carlton,Collingwood,12508,Nic,Newman,Carlton,0.03313955937971788
2026,6,Carlton,Collingwood,12417,Marc,Pittonet,Carlton,0.03443126018510567
2026,6,Carlton,Collingwood,13274,Jagga,Smith,Carlton,0.036636722741418354
2026,6,Carlton,Collingwood,12684,Sam,Walsh,Carlton,0.4175389620842953
2026,6,Carlton,Collingwood,12402,Jacob,Weitering,Carlton,0.03451426131763624
2026,6,Carlton,Collingwood,12175,Zac,Williams,Carlton,0.04994655818125833
2026,6,Carlton,Collingwood,12559,Lewis,Young,Carlton,0.03371451831650518
2026,6,Carlton,Collingwood,13146,Edward,Allan,Collingwood,0.030685278137391275
2026,6,Carlton,Collingwood,13306,Angus,Anderson,Collingwood,0.03312467109267636
2026,6,Carlton,Collingwood,12660,Darcy,Cameron,Collingwood,0.14739022679341213
2026,6,Carlton,Collingwood,12061,Jack,Crisp,Collingwood,0.05561994960526097
2026,6,Carlton,Collingwood,12573,Josh,Daicos,Collingwood,0.054818702825936316
2026,6,Carlton,Collingwood,12943,Nick,Daicos,Collingwood,2.736542277705687
2026,6,Carlton,Collingwood,12083,Jamie,Elliott,Collingwood,0.3512809861489008
2026,6,Carlton,Collingwood,12676,Billy,Frampton,Collingwood,0.03631118243597678
2026,6,Carlton,Collingwood,13228,Will,Hayes,Collingwood,0.03096471852790339
2026,6,Carlton,Collingwood,12495,Dan,Houston,Collingwood,0.07844692681489401
2026,6,Carlton,Collingwood,11967,Jeremy,Howe,Collingwood,0.03216754069539016
2026,6,Carlton,Collingwood,12578,Patrick,Lipinski,Collingwood,0.28944395255685684
2026,6,Carlton,Collingwood,13023,Ned,Long,Collingwood,0.0812614868720087
2026,6,Carlton,Collingwood,12371,Brayden,Maynard,Collingwood,0.030653621171291667
2026,6,Carlton,Collingwood,12876,Beau,McCreery,Collingwood,0.040997747713674426
2026,6,Carlton,Collingwood,12291,Daniel,McStay,Collingwood,0.041633907727403635
2026,6,Carlton,Collingwood,12300,Tim,Membrey,Collingwood,0.03482479717572662
2026,6,Carlton,Collingwood,4182,Scott,Pendlebury,Collingwood,0.11978122331857008
2026,6,Carlton,Collingwood,12536,Harry,Perryman,Collingwood,0.3247389905694973
2026,6,Carlton,Collingwood,12740,Isaac,Quaynor,Collingwood,0.03529347670070376
2026,6,Carlton,Collingwood,12700,Lachie,Schultz,Collingwood,0.0318396602326701
2026,6,Carlton,Collingwood,13248,Roan,Steele,Collingwood,0.032956594751243656
2026,6,Carlton,Collingwood,13298,Oscar,Steene,Collingwood,0.04182044027921787
2026,6,Geelong,Western Bulldogs,12690,Tom,Atkins,Geelong,0.030088232985810467
2026,6,Geelong,Western Bulldogs,12153,Mark,Blicavs,Geelong,0.02760682189280758
2026,6,Geelong,Western Bulldogs,12499,Jack,Bowes,Geelong,0.009550576937483663
2026,6,Geelong,Western Bulldogs,12871,Tanner,Bruhn,Geelong,0.008000643521352614
2026,6,Geelong,Western Bulldogs,12017,Jeremy,Cameron,Geelong,2.8501363538611426
2026,6,Geelong,Western Bulldogs,11700,Patrick,Dangerfield,Geelong,0.06428297212559309
2026,6,Geelong,Western Bulldogs,12891,Sam,De Koning,Geelong,0.004811975130229503
2026,6,Geelong,Western Bulldogs,12974,Oliver,Dempsey,Geelong,0.0
2026,6,Geelong,Western Bulldogs,13285,Mitchell,Edwards,Geelong,0.012843074789300924
2026,6,Geelong,Western Bulldogs,12551,Zach,Guthrie,Geelong,0.022357637484319168
2026,6,Geelong,Western Bulldogs,12851,Oliver,Henry,Geelong,0.005385282328105852
2026,6,Geelong,Western Bulldogs,12881,Max,Holmes,Geelong,0.6764811471343725
2026,6,Geelong,Western Bulldogs,13160,Lawson,Humphries,Geelong,0.22148147798428544
2026,6,Geelong,Western Bulldogs,12370,Jake,Kolodjashnij,Geelong,0.004584303944095826
2026,6,Geelong,Western Bulldogs,13104,Shaun,Mannagh,Geelong,0.014935151910217185
2026,6,Geelong,Western Bulldogs,12236,Jack,Martin,Geelong,0.006687548132422796
2026,6,Geelong,Western Bulldogs,13066,Oisin,Mullin,Geelong,0.004810800520361798
2026,6,Geelong,Western Bulldogs,12992,Shannon,Neale,Geelong,0.005839262287562998
2026,6,Geelong,Western Bulldogs,13122,Connor,OSullivan,Geelong,0.002204366764368206
2026,6,Geelong,Western Bulldogs,12692,Bailey,Smith,Geelong,1.8283409368452284
2026,6,Geelong,Western Bulldogs,12505,Tom,Stewart,Geelong,0.014595550550136642
2026,6,Geelong,Western Bulldogs,13217,Oliver,Wiltshire,Geelong,0.0
2026,6,Geelong,Western Bulldogs,12619,James,Worpel,Geelong,0.02766744239334043
2026,6,Geelong,Western Bulldogs,12723,Oskar,Baker,Western Bulldogs,0.012004024356107338
2026,6,Geelong,Western Bulldogs,12269,Marcus,Bontempelli,Western Bulldogs,0.0
2026,6,Geelong,Western Bulldogs,12916,Lachlan,Bramble,Western Bulldogs,0.0018170694994628772
2026,6,Geelong,Western Bulldogs,13265,Jordan,Croft,Western Bulldogs,0.004996404314568616
2026,6,Geelong,Western Bulldogs,12354,Bailey,Dale,Western Bulldogs,0.014617473103162427
2026,6,Geelong,Western Bulldogs,13021,Sam,Darcy,Western Bulldogs,0.00757417826059771
2026,6,Geelong,Western Bulldogs,13178,Sam,Davidson,Western Bulldogs,0.0
2026,6,Geelong,Western Bulldogs,13308,Louis,Emmett,Western Bulldogs,0.005262488595277128
2026,6,Geelong,Western Bulldogs,13140,Joel,Freijah,Western Bulldogs,0.00591072001470598
2026,6,Geelong,Western Bulldogs,13213,Cooper,Hynes,Western Bulldogs,0.0
2026,6,Geelong,Western Bulldogs,13275,Lachie,Jaques,Western Bulldogs,0.0023487453017241164
2026,6,Geelong,Western Bulldogs,12455,Matthew,Kennedy,Western Bulldogs,0.029594784329627158
2026,6,Geelong,Western Bulldogs,12900,Buku,Khamis,Western Bulldogs,0.0029692954935681267
2026,6,Geelong,Western Bulldogs,13284,Will,Lewis,Western Bulldogs,0.0007300973601684208
2026,6,Geelong,Western Bulldogs,11898,Tom,Liberatore,Western Bulldogs,0.0
2026,6,Geelong,Western Bulldogs,12282,Rory,Lobb,Western Bulldogs,0.0
2026,6,Geelong,Western Bulldogs,12594,Aaron,Naughton,Western Bulldogs,0.0
2026,6,Geelong,Western Bulldogs,13061,James,ODonnell,Western Bulldogs,0.004531024368720062
2026,6,Geelong,Western Bulldogs,12605,Ed,Richards,Western Bulldogs,0.0327355400400509
2026,6,Geelong,Western Bulldogs,13103,Ryley,Sanders,Western Bulldogs,0.02777823663105576
2026,6,Geelong,Western Bulldogs,13276,Michael,Sellwood,Western Bulldogs,0.004438358813791773
2026,6,Geelong,Western Bulldogs,12748,Rhylee,West,Western Bulldogs,0.0
2026,6,Geelong,Western Bulldogs,12441,Bailey,Williams,Western Bulldogs,0.0
2026,6,Sydney,Greater Western Sydney,13020,Leek,Aleer,Greater Western Sydney,0.011667041765240822
2026,6,Sydney,Greater Western Sydney,13001,Ryan,Angwin,Greater Western Sydney,0.011157108299162794
2026,6,Sydney,Greater Western Sydney,12782,Lachie,Ash,Greater Western Sydney,0.04705437042517034
2026,6,Sydney,Greater Western Sydney,12772,Toby,Bedford,Greater Western Sydney,0.008569652756563701
2026,6,Sydney,Greater Western Sydney,12910,Callum,Brown,Greater Western Sydney,0.006122144990106011
2026,6,Sydney,Greater Western Sydney,12846,Jack,Buckley,Greater Western Sydney,0.014066242302696503
2026,6,Sydney,Greater Western Sydney,12969,Finn,Callaghan,Greater Western Sydney,0.04080918133710196
2026,6,Sydney,Greater Western Sydney,13164,Joe,Fonti,Greater Western Sydney,0.010724336490952797
2026,6,Sydney,Greater Western Sydney,13279,Phoenix,Gothard,Greater Western Sydney,0.0
2026,6,Sydney,Greater Western Sydney,12025,Toby,Greene,Greater Western Sydney,0.06223378251137278
2026,6,Sydney,Greater Western Sydney,13302,Oliver,Hannaford,Greater Western Sydney,0.008906920348522657
2026,6,Sydney,Greater Western Sydney,12462,Harry,Himmelberg,Greater Western Sydney,0.012327750410087313
2026,6,Sydney,Greater Western Sydney,12750,Connor,Idun,Greater Western Sydney,0.009325534264708741
2026,6,Sydney,Greater Western Sydney,12377,Jayden,Laverde,Greater Western Sydney,0.014802401676910399
2026,6,Sydney,Greater Western Sydney,13236,Nick,Madden,Greater Western Sydney,0.009954851682330085
2026,6,Sydney,Greater Western Sydney,13088,Toby,McMullin,Greater Western Sydney,0.009060566514828523
2026,6,Sydney,Greater Western Sydney,12821,Xavier,OHalloran,Greater Western Sydney,0.008091630946621426
2026,6,Sydney,Greater Western Sydney,12410,Clayton,Oliver,Greater Western Sydney,1.2199337373613537
2026,6,Sydney,Greater Western Sydney,12834,Jake,Riccardi,Greater Western Sydney,0.0034688826227777143
2026,6,Sydney,Greater Western Sydney,13045,Harry,Rowston,Greater Western Sydney,0.0060832363319351
2026,6,Sydney,Greater Western Sydney,12167,Jake,Stringer,Greater Western Sydney,0.0
2026,6,Sydney,Greater Western Sydney,13101,Harvey,Thomas,Greater Western Sydney,0.007448956375298455
2026,6,Sydney,Greater Western Sydney,12143,Lachie,Whitfield,Greater Western Sydney,0.0
2026,6,Sydney,Greater Western Sydney,12844,Joel,Amartey,Sydney,0.021237276027996816
2026,6,Sydney,Greater Western Sydney,13195,Riley,Bice,Sydney,0.020516706383095943
2026,6,Sydney,Greater Western Sydney,12699,Nick,Blakey,Sydney,1.864791370978344
2026,6,Sydney,Greater Western Sydney,12015,Harry,Cunningham,Sydney,0.00937450776089387
2026,6,Sydney,Greater Western Sydney,12421,Charlie,Curnow,Sydney,0.046922106239328965
2026,6,Sydney,Greater Western Sydney,12217,Brodie,Grundy,Sydney,0.8533836353970371
2026,6,Sydney,Greater Western Sydney,12359,Joel,Hamling,Sydney,0.016741402739779396
2026,6,Sydney,Greater Western Sydney,12326,Isaac,Heeney,Sydney,0.40828902835468506
2026,6,Sydney,Greater Western Sydney,12860,James,Jordon,Sydney,0.04704573921746191
2026,6,Sydney,Greater Western Sydney,12268,Jake,Lloyd,Sydney,0.006851089796489674
2026,6,Sydney,Greater Western Sydney,12627,Tom,McCartin,Sydney,0.054140420832472766
2026,6,Sydney,Greater Western Sydney,12861,Logan,McDonald,Sydney,0.025290511729251248
2026,6,Sydney,Greater Western Sydney,12711,Justin,McInerney,Sydney,0.6641888491710801
2026,6,Sydney,Greater Western Sydney,12413,Callum,Mills,Sydney,0.01518232305032709
2026,6,Sydney,Greater Western Sydney,12412,Tom,Papley,Sydney,0.0295728997207944
2026,6,Sydney,Greater Western Sydney,12994,Matt,Roberts,Sydney,0.053740195100626886
2026,6,Sydney,Greater Western Sydney,12903,Malcolm,Rosas,Sydney,0.009877277596451507
2026,6,Sydney,Greater Western Sydney,12714,James,Rowbottom,Sydney,0.02061452349491447
2026,6,Sydney,Greater Western Sydney,13022,Jai,Serong,Sydney,0.017875135518876057
2026,6,Sydney,Greater Western Sydney,12951,Angus,Sheldrick,Sydney,0.016313252276821347
2026,6,Sydney,Greater Western Sydney,12797,Chad,Warner,Sydney,0.23841666124981797
2026,6,Sydney,Greater Western Sydney,13053,Corey,Warner,Sydney,0.017465446631332624
2026,6,Sydney,Greater Western Sydney,12818,Sam,Wicks,Sydney,0.02036131130860847
2026,6,Gold Coast,Essendon,13237,Lachlan,Blakiston,Essendon,0.0026140964218165277
2026,6,Gold Coast,Essendon,13148,Nate,Caddy,Essendon,0.004342415301914751
2026,6,Gold Coast,Essendon,12755,Jye,Caldwell,Essendon,0.011430826721110154
2026,6,Gold Coast,Essendon,13223,Archer,Day-Wicks,Essendon,0.004193831278227636
2026,6,Gold Coast,Essendon,12925,Sam,Durham,Essendon,0.0
2026,6,Gold Coast,Essendon,12696,Xavier,Duursma,Essendon,0.0
2026,6,Gold Coast,Essendon,13198,Tom,Edwards,Essendon,0.0023381931659699953
2026,6,Gold Coast,Essendon,13203,Saad,El-Hawli,Essendon,0.0003216749188992474
2026,6,Gold Coast,Essendon,13299,Jacob,Farrow,Essendon,0.006924449965149368
2026,6,Gold Coast,Essendon,12415,Jade,Gresham,Essendon,0.0
2026,6,Gold Coast,Essendon,13177,Isaac,Kako,Essendon,0.0005089112003930829
2026,6,Gold Coast,Essendon,12349,Kyle,Langford,Essendon,0.0
2026,6,Gold Coast,Essendon,13238,Archie,May,Essendon,0.0
2026,6,Gold Coast,Essendon,12491,Andrew,McGrath,Essendon,0.034560427041650736
2026,6,Gold Coast,Essendon,12580,Ben,McKay,Essendon,0.0010968124373874533
2026,6,Gold Coast,Essendon,12241,Zach,Merrett,Essendon,0.8623899790592597
2026,6,Gold Coast,Essendon,12406,Darcy,Parish,Essendon,0.6463218738420162
2026,6,Gold Coast,Essendon,12889,Zach,Reid,Essendon,0.002363211874510043
2026,6,Gold Coast,Essendon,12631,Jordan,Ridley,Essendon,0.0
2026,6,Gold Coast,Essendon,13168,Archie,Roberts,Essendon,0.03602256754032649
2026,6,Gold Coast,Essendon,13307,Sullivan,Robey,Essendon,0.0
2026,6,Gold Coast,Essendon,13087,Elijah,Tsatas,Essendon,0.06254232133614265
2026,6,Gold Coast,Essendon,12366,Peter,Wright,Essendon,0.0
2026,6,Gold Coast,Essendon,13251,Oscar,Adams,Gold Coast,0.005239269532979698
2026,6,Gold Coast,Essendon,13019,Mac,Andrew,Gold Coast,0.01668690159530484
2026,6,Gold Coast,Essendon,12625,Charlie,Ballard,Gold Coast,0.004640862703923323
2026,6,Gold Coast,Essendon,12444,Sam,Collins,Gold Coast,0.016275798870405287
2026,6,Gold Coast,Essendon,13120,Will,Graham,Gold Coast,0.002644037010392666
2026,6,Gold Coast,Essendon,13049,Bailey,Humphrey,Gold Coast,0.023929309472152067
2026,6,Gold Coast,Essendon,12933,Joel,Jeffrey,Gold Coast,0.003113942791393617
2026,6,Gold Coast,Essendon,12728,Ben,King,Gold Coast,0.039799826706396084
2026,6,Gold Coast,Essendon,13232,Leo,Lombard,Gold Coast,0.0062268313555737444
2026,6,Gold Coast,Essendon,12521,Ben,Long,Gold Coast,0.0
2026,6,Gold Coast,Essendon,12331,Touk,Miller,Gold Coast,0.32794903945912984
2026,6,Gold Coast,Essendon,12743,John,Noble,Gold Coast,0.00456203227157336
2026,6,Gold Coast,Essendon,12430,Christian,Petracca,Gold Coast,2.039259994515915
2026,6,Gold Coast,Essendon,12652,Wil,Powell,Gold Coast,0.011844385746062702
2026,6,Gold Coast,Essendon,13121,Ethan,Read,Gold Coast,0.009665549974678852
2026,6,Gold Coast,Essendon,12403,Daniel,Rioli,Gold Coast,0.0
2026,6,Gold Coast,Essendon,13126,Jake,Rogers,Gold Coast,0.0
2026,6,Gold Coast,Essendon,12768,Matt,Rowell,Gold Coast,1.7264046111769755
2026,6,Gold Coast,Essendon,13041,Bodhi,Uwland,Gold Coast,0.03559217532514896
2026,6,Gold Coast,Essendon,13278,Zeke,Uwland,Gold Coast,0.00037208180758867786
2026,6,Gold Coast,Essendon,13114,Jed,Walter,Gold Coast,0.0033172556718086468
2026,6,Gold Coast,Essendon,12385,Lachie,Weller,Gold Coast,0.030997717348856136
2026,6,Gold Coast,Essendon,12177,Jarrod,Witts,Gold Coast,0.013506784552894521
2026,6,Hawthorn,Port Adelaide,12357,Karl,Amon,Hawthorn,0.0
2026,6,Hawthorn,Port Adelaide,12383,Tom,Barrass,Hawthorn,0.0
2026,6,Hawthorn,Port Adelaide,12558,Josh,Battle,Hawthorn,0.0
2026,6,Hawthorn,Port Adelaide,12988,Sam,Butler,Hawthorn,0.0
2026,6,Hawthorn,Port Adelaide,12998,Massimo,DAmbrosio,Hawthorn,0.0
2026,6,Hawthorn,Port Adelaide,13135,Calsher,Dear,Hawthorn,0.0
2026,6,Hawthorn,Port Adelaide,12927,Jack,Ginnivan,Hawthorn,0.0
2026,6,Hawthorn,Port Adelaide,12469,Blake,Hardwick,Hawthorn,0.0
2026,6,Hawthorn,Port Adelaide,12237,Jarman,Impey,Hawthorn,0.10204800620886509
2026,6,Hawthorn,Port Adelaide,12636,Mitch,Lewis,Hawthorn,0.19035684301223985
2026,6,Hawthorn,Port Adelaide,12954,Connor,Macdonald,Hawthorn,0.0
2026,6,Hawthorn,Port Adelaide,13031,Cam,Mackenzie,Hawthorn,0.0
2026,6,Hawthorn,Port Adelaide,13311,Will,McCabe,Hawthorn,0.0
2026,6,Hawthorn,Port Adelaide,12856,Lloyd,Meek,Hawthorn,0.0
2026,6,Hawthorn,Port Adelaide,12710,Dylan,Moore,Hawthorn,0.035486065026926805
2026,6,Hawthorn,Port Adelaide,12670,Conor,Nash,Hawthorn,0.06202933645145842
2026,6,Hawthorn,Port Adelaide,12915,Jai,Newcombe,Hawthorn,0.43769877083304054
2026,6,Hawthorn,Port Adelaide,12841,Flynn,Perez,Hawthorn,0.0
2026,6,Hawthorn,Port Adelaide,12906,Ned,Reeves,Hawthorn,0.0
2026,6,Hawthorn,Port Adelaide,12332,James,Sicily,Hawthorn,0.0
2026,6,Hawthorn,Port Adelaide,12955,Josh,Ward,Hawthorn,0.0
2026,6,Hawthorn,Port Adelaide,13105,Nick,Watson,Hawthorn,1.3305243722229518
2026,6,Hawthorn,Port Adelaide,13057,Josh,Weddle,Hawthorn,0.0
2026,6,Hawthorn,Port Adelaide,12433,Aliir,Aliir,Port Adelaide,0.0
2026,6,Hawthorn,Port Adelaide,12867,Miles,Bergman,Port Adelaide,0.0
2026,6,Hawthorn,Port Adelaide,13188,Joe,Berry,Port Adelaide,0.0
2026,6,Hawthorn,Port Adelaide,13007,Jase,Burgoyne,Port Adelaide,0.0
2026,6,Hawthorn,Port Adelaide,12698,Zak,Butters,Port Adelaide,1.988006911171257
2026,6,Hawthorn,Port Adelaide,12422,Darcy,Byrne-Jones,Port Adelaide,0.0
2026,6,Hawthorn,Port Adelaide,12695,Willem,Drew,Port Adelaide,0.04182681805775887
2026,6,Hawthorn,Port Adelaide,12936,Corey,Durdin,Port Adelaide,0.0
2026,6,Hawthorn,Port Adelaide,13156,Logan,Evans,Port Adelaide,0.0
2026,6,Hawthorn,Port Adelaide,12664,Kane,Farrell,Port Adelaide,0.0
2026,6,Hawthorn,Port Adelaide,12766,Mitch,Georgiades,Port Adelaide,0.0
2026,6,Hawthorn,Port Adelaide,12956,Jason,Horne-Francis,Port Adelaide,1.8120228770133773
2026,6,Hawthorn,Port Adelaide,12882,Lachie,Jones,Port Adelaide,0.0
2026,6,Hawthorn,Port Adelaide,13301,Josh,Lai,Port Adelaide,0.0
2026,6,Hawthorn,Port Adelaide,13269,Ewan,Mackinlay,Port Adelaide,0.0
2026,6,Hawthorn,Port Adelaide,12575,Todd,Marshall,Port Adelaide,0.0
2026,6,Hawthorn,Port Adelaide,13199,Christian,Moraes,Port Adelaide,0.0
2026,6,Hawthorn,Port Adelaide,13139,Joe,Richards,Port Adelaide,0.0
2026,6,Hawthorn,Port Adelaide,12890,Jordon,Sweet,Port Adelaide,0.0
2026,6,Hawthorn,Port Adelaide,13073,Dante,Visentini,Port Adelaide,0.0
2026,6,Hawthorn,Port Adelaide,12991,Jacob,Wehr,Port Adelaide,0.0
2026,6,Hawthorn,Port Adelaide,13259,Jack,Whitlock,Port Adelaide,0.0
2026,6,Hawthorn,Port Adelaide,12150,Ollie,Wines,Port Adelaide,0.0
2026,6,Adelaide,St Kilda,12849,Sam,Berry,Adelaide,0.10520773585200453
2026,6,Adelaide,St Kilda,13165,Hugh,Bond,Adelaide,0.03126871360451887
2026,6,Adelaide,St Kilda,12829,Jordon,Butts,Adelaide,0.03415864026608005
2026,6,Adelaide,St Kilda,12932,Brayden,Cook,Adelaide,0.04801887641555175
2026,6,Adelaide,St Kilda,12629,Isaac,Cumming,Adelaide,0.028876124814637704
2026,6,Adelaide,St Kilda,13310,Charlie,Edwards,Adelaide,0.05619258736227016
2026,6,Adelaide,St Kilda,12434,Ben,Keays,Adelaide,0.042629092448488726
2026,6,Adelaide,St Kilda,12165,Rory,Laird,Adelaide,0.04849810466436824
2026,6,Adelaide,St Kilda,13219,Finnbar,Maley,Adelaide,0.026628228141613346
2026,6,Adelaide,St Kilda,13065,Lachlan,McAndrew,Adelaide,0.044155321826674906
2026,6,Adelaide,St Kilda,13027,Max,Michalanney,Adelaide,0.029383977170196817
2026,6,Adelaide,St Kilda,12405,Wayne,Milera,Adelaide,0.2392111102967105
2026,6,Adelaide,St Kilda,12872,Nick,Murray,Adelaide,0.03319773868889066
2026,6,Adelaide,St Kilda,13081,Luke,Nankervis,Adelaide,0.02967161545639811
2026,6,Adelaide,St Kilda,12367,Alex,Neal-Bullen,Adelaide,0.022143537272509655
2026,6,Adelaide,St Kilda,12934,James,Peatling,Adelaide,0.12293112848282416
2026,6,Adelaide,St Kilda,12921,Luke,Pedlar,Adelaide,0.02577546160749426
2026,6,Adelaide,St Kilda,12953,Josh,Rachele,Adelaide,0.11528702342567354
2026,6,Adelaide,St Kilda,12798,Izak,Rankine,Adelaide,0.054198246848949555
2026,6,Adelaide,St Kilda,13159,Zac,Taylor,Adelaide,0.027466044564529845
2026,6,Adelaide,St Kilda,12892,Riley,Thilthorpe,Adelaide,0.10087397649754305
2026,6,Adelaide,St Kilda,11713,Taylor,Walker,Adelaide,2.3622854396266946
2026,6,Adelaide,St Kilda,12912,Josh,Worrell,Adelaide,0.08740790611793259
2026,6,Adelaide,St Kilda,13220,Hugh,Boxshall,St Kilda,0.02419141028906897
2026,6,Adelaide,St Kilda,12490,Dan,Butler,St Kilda,0.02564831594610893
2026,6,Adelaide,St Kilda,12976,Jack,Carroll,St Kilda,0.026843011145349104
2026,6,Adelaide,St Kilda,12591,Hunter,Clark,St Kilda,0.025367477646086083
2026,6,Adelaide,St Kilda,12674,Tom,De Koning,St Kilda,0.030535171867912613
2026,6,Adelaide,St Kilda,12824,Sam,Flanders,St Kilda,0.08288282701090395
2026,6,Adelaide,St Kilda,13125,Hugo,Garcia,St Kilda,0.04473722223417906
2026,6,Adelaide,St Kilda,13193,Max,Hall,St Kilda,0.04063671185632209
2026,6,Adelaide,St Kilda,12609,Jack,Higgins,St Kilda,0.07159104804628837
2026,6,Adelaide,St Kilda,12060,Bradley,Hill,St Kilda,0.026464957097383984
2026,6,Adelaide,St Kilda,12564,Rowan,Marshall,St Kilda,0.20914937527872796
2026,6,Adelaide,St Kilda,12948,Mitch,Owens,St Kilda,0.021293735906891997
2026,6,Adelaide,St Kilda,13036,Mattaes,Phillipou,St Kilda,0.026523845600978074
2026,6,Adelaide,St Kilda,12600,Liam,Ryan,St Kilda,0.023309681668866444
2026,6,Adelaide,St Kilda,12929,Cooper,Sharman,St Kilda,0.02788194431787795
2026,6,Adelaide,St Kilda,12458,Jack,Silvagni,St Kilda,0.03144721027418208
2026,6,Adelaide,St Kilda,12325,Jack,Sinclair,St Kilda,0.8200105837191156
2026,6,Adelaide,St Kilda,12721,Liam,Stocker,St Kilda,0.028001105533095188
2026,6,Adelaide,St Kilda,12950,Nasiah,Wanganeen-Milera,St Kilda,0.15416865438597568
2026,6,Adelaide,St Kilda,12703,Callum,Wilkie,St Kilda,0.4132346364131808
2026,6,Adelaide,St Kilda,13110,Darcy,Wilson,St Kilda,0.07130496356222552
2026,6,Adelaide,St Kilda,12967,Marcus,Windhager,St Kilda,0.034703715072950655
2026,6,Adelaide,St Kilda,12312,Mason,Wood,St Kilda,0.02460576366263224
2026,6,North Melbourne,Richmond,13287,Tom,Blamires,North Melbourne,0.00451322259611085
2026,6,North Melbourne,Richmond,12730,Callum,Coleman-Jones,North Melbourne,0.06843543426963329
2026,6,North Melbourne,Richmond,12938,Charlie,Comben,North Melbourne,0.009815195290506378
2026,6,North Melbourne,Richmond,12181,Aidan,Corr,North Melbourne,0.005045814901229806
2026,6,North Melbourne,Richmond,12975,Paul,Curtis,North Melbourne,1.9316867837144076
2026,6,North Melbourne,Richmond,12373,Caleb,Daniel,North Melbourne,0.07414437435504949
2026,6,North Melbourne,Richmond,11905,Jack,Darling,North Melbourne,0.014888895096130932
2026,6,North Melbourne,Richmond,12590,Luke,Davies-Uniacke,North Melbourne,0.2732921746197003
2026,6,North Melbourne,Richmond,13288,Lachy,Dovaston,North Melbourne,0.0040595654555607265
2026,6,North Melbourne,Richmond,13106,Zane,Duursma,North Melbourne,0.008165021734914579
2026,6,North Melbourne,Richmond,12563,Nick,Larkey,North Melbourne,0.012267132608001757
2026,6,North Melbourne,Richmond,12511,Griffin,Logue,North Melbourne,0.009996556742581413
2026,6,North Melbourne,Richmond,12246,Luke,McDonald,North Melbourne,0.007537547617774904
2026,6,North Melbourne,Richmond,13107,Colby,McKercher,North Melbourne,0.10476451010315185
2026,6,North Melbourne,Richmond,11953,Luke,Parker,North Melbourne,0.12905672145062433
2026,6,North Melbourne,Richmond,12866,Tom,Powell,North Melbourne,0.0315377397561859
2026,6,North Melbourne,Richmond,13034,Harry,Sheezel,North Melbourne,2.9604651377959623
2026,6,North Melbourne,Richmond,12502,Jy,Simpkin,North Melbourne,0.03754943061634822
2026,6,North Melbourne,Richmond,12622,Charlie,Spargo,North Melbourne,0.005241381342002899
2026,6,North Melbourne,Richmond,12796,Dylan,Stephens,North Melbourne,0.015968749760323208
2026,6,North Melbourne,Richmond,13263,Cooper,Trembath,North Melbourne,0.027462800242914722
2026,6,North Melbourne,Richmond,13064,George,Wardlaw,North Melbourne,0.015527254114689342
2026,6,North Melbourne,Richmond,12557,Cameron,Zurhaar,North Melbourne,0.14397532377947783
2026,6,North Melbourne,Richmond,12712,Jack,Ross,Richmond,0.017078642673985716
2026,6,North Melbourne,Richmond,12686,Noah,Balta,Richmond,0.0051018228853928595
2026,6,North Melbourne,Richmond,13078,Sam,Banks,Richmond,0.0059998830825388596
2026,6,North Melbourne,Richmond,12456,Nathan,Broad,Richmond,0.0037266846066368155
2026,6,North Melbourne,Richmond,13100,Seth,Campbell,Richmond,0.0
2026,6,North Melbourne,Richmond,13214,Jonty,Faull,Richmond,0.00478682665316722
2026,6,North Melbourne,Richmond,13200,Liam,Fawcett,Richmond,0.005634193910771618
2026,6,North Melbourne,Richmond,13218,Campbell,Gray,Richmond,0.006149900496846533
2026,6,North Melbourne,Richmond,13145,Steely,Green,Richmond,0.003476547257126661
2026,6,North Melbourne,Richmond,13290,Sam,Grlj,Richmond,0.006027591315757874
2026,6,North Melbourne,Richmond,13190,Sam,Lalor,Richmond,0.01775146157128168
2026,6,North Melbourne,Richmond,13113,Mykelti,Lefau,Richmond,0.0018375936187273846
2026,6,North Melbourne,Richmond,13117,Kane,McAuliffe,Richmond,0.0
2026,6,North Melbourne,Richmond,12941,Ben,Miller,Richmond,0.0075059230465095
2026,6,North Melbourne,Richmond,11917,Dion,Prestia,Richmond,0.0
2026,6,North Melbourne,Richmond,12902,Hugo,Ralphsmith,Richmond,0.0
2026,6,North Melbourne,Richmond,13313,Patrick,Retschko,Richmond,0.006736217189897764
2026,6,North Melbourne,Richmond,12935,Maurice,Rioli,Richmond,0.003760120180934673
2026,6,North Melbourne,Richmond,12918,Samson,Ryan,Richmond,0.0
2026,6,North Melbourne,Richmond,12418,Jayden,Short,Richmond,0.0
2026,6,North Melbourne,Richmond,13014,Tyler,Sonsie,Richmond,0.0033095438955107583
2026,6,North Melbourne,Richmond,12504,Tim,Taranto,Richmond,0.005720279638895248
2026,6,North Melbourne,Richmond,12174,Nick,Vlastuin,Richmond,0.0
2026,6,West Coast,Fremantle,12983,Jye,Amiss,Fremantle,2.3964714993890937
2026,6,West Coast,Fremantle,12535,Shai,Bolton,Fremantle,0.0630814864814212
2026,6,West Coast,Fremantle,12589,Andrew,Brayshaw,Fremantle,0.05726045316836378
2026,6,West Coast,Fremantle,12875,Heath,Chapman,Fremantle,0.12004985569917921
2026,6,West Coast,Fremantle,12688,Jordan,Clark,Fremantle,1.50998203244606
2026,6,West Coast,Fremantle,12544,Brennan,Cox,Fremantle,0.003292551103364451
2026,6,West Coast,Fremantle,12428,Mason,Cox,Fremantle,0.004526972637814865
2026,6,West Coast,Fremantle,13204,Isaiah,Dudley,Fremantle,0.0
2026,6,West Coast,Fremantle,12966,Neil,Erasmus,Fremantle,0.002026721152842849
2026,6,West Coast,Fremantle,12801,Michael,Frederick,Fremantle,0.0
2026,6,West Coast,Fremantle,12779,Luke,Jackson,Fremantle,0.13779831621674468
2026,6,West Coast,Fremantle,13047,Matthew,Johnson,Fremantle,0.00298833614699955
2026,6,West Coast,Fremantle,13033,Judd,McVee,Fremantle,0.015677581511035352
2026,6,West Coast,Fremantle,12352,Alex,Pearce,Fremantle,0.0
2026,6,West Coast,Fremantle,13180,Murphy,Reid,Fremantle,0.4819469373759477
2026,6,West Coast,Fremantle,12542,Luke,Ryan,Fremantle,0.2292517833235666
2026,6,West Coast,Fremantle,12786,Caleb,Serong,Fremantle,0.6921017467073471
2026,6,West Coast,Fremantle,12672,Sam,Switkowski,Fremantle,0.0
2026,6,West Coast,Fremantle,12887,Josh,Treacy,Fremantle,0.004393079022924147
2026,6,West Coast,Fremantle,13129,Patrick,Voss,Fremantle,0.02335249917697788
2026,6,West Coast,Fremantle,12453,Corey,Wagner,Fremantle,0.015940299631674443
2026,6,West Coast,Fremantle,13075,Karl,Worner,Fremantle,0.0
2026,6,West Coast,Fremantle,12777,Hayden,Young,Fremantle,0.12803075109532616
2026,6,West Coast,Fremantle,13221,Bo,Allan,West Coast,0.0
2026,6,West Coast,Fremantle,12661,Liam,Baker,West Coast,0.0
2026,6,West Coast,Fremantle,13209,Sandy,Brock,West Coast,0.0
2026,6,West Coast,Fremantle,11937,Jamie,Cripps,West Coast,0.0
2026,6,West Coast,Fremantle,13210,Hamish,Davis,West Coast,0.0
2026,6,West Coast,Fremantle,13291,Cooper,Duff-Tytler,West Coast,0.0
2026,6,West Coast,Fremantle,12334,Liam,Duggan,West Coast,0.0
2026,6,West Coast,Fremantle,13292,Willem,Duursma,West Coast,0.0
2026,6,West Coast,Fremantle,13038,Reuben,Ginbey,West Coast,0.037501961551590156
2026,6,West Coast,Fremantle,13044,Elijah,Hewett,West Coast,0.0
2026,6,West Coast,Fremantle,12957,Brady,Hough,West Coast,0.0
2026,6,West Coast,Fremantle,12595,Tim,Kelly,West Coast,0.04104153865093863
2026,6,West Coast,Fremantle,13293,Josh,Lindsay,West Coast,0.0
2026,6,West Coast,Fremantle,13240,Tom,McCarthy,West Coast,0.0
2026,6,West Coast,Fremantle,13294,Milan,Murdock,West Coast,0.0
2026,6,West Coast,Fremantle,13196,Archer,Reid,West Coast,0.0
2026,6,West Coast,Fremantle,13111,Harley,Reid,West Coast,0.021160852927745864
2026,6,West Coast,Fremantle,12813,Harry,Schoenberg,West Coast,0.0
2026,6,West Coast,Fremantle,13247,Jobe,Shanahan,West Coast,0.0
2026,6,West Coast,Fremantle,12601,Jake,Waterman,West Coast,0.0
2026,6,West Coast,Fremantle,12836,Bailey,Williams,West Coast,0.0
2026,6,West Coast,Fremantle,12087,Elliot,Yeo,West Coast,0.01212274457629155
2026,6,West Coast,Fremantle,13043,Tylar,Young,West Coast,0.0
2026,6,Melbourne,Brisbane Lions,12277,Charlie,Cameron,Brisbane Lions,0.07575707297036774
2026,6,Melbourne,Brisbane Lions,12655,Oscar,Allen,Brisbane Lions,0.02753274083824242
2026,6,Melbourne,Brisbane Lions,12340,Harris,Andrews,Brisbane Lions,0.41989009684386747
2026,6,Melbourne,Brisbane Lions,12718,Noah,Answerth,Brisbane Lions,0.01945112554228884
2026,6,Melbourne,Brisbane Lions,13197,Levi,Ashcroft,Brisbane Lions,0.02646473232906979
2026,6,Melbourne,Brisbane Lions,13040,Will,Ashcroft,Brisbane Lions,0.16300168545327506
2026,6,Melbourne,Brisbane Lions,12610,Zac,Bailey,Brisbane Lions,0.03880515966405605
2026,6,Melbourne,Brisbane Lions,12519,Jarrod,Berry,Brisbane Lions,0.022699539371980826
2026,6,Melbourne,Brisbane Lions,12838,Keidean,Coleman,Brisbane Lions,0.023636568168528244
2026,6,Melbourne,Brisbane Lions,12810,Sam,Draper,Brisbane Lions,0.02685161858489435
2026,6,Melbourne,Brisbane Lions,12408,Josh,Dunkley,Brisbane Lions,0.05714918978252832
2026,6,Melbourne,Brisbane Lions,13072,Jaspa,Fletcher,Brisbane Lions,0.030624768112562567
2026,6,Melbourne,Brisbane Lions,13235,Ty,Gallop,Brisbane Lions,0.027696636067853636
2026,6,Melbourne,Brisbane Lions,11894,Ryan,Lester,Brisbane Lions,0.023792238542605842
2026,6,Melbourne,Brisbane Lions,12968,Kai,Lohmann,Brisbane Lions,0.030101663073802354
2026,6,Melbourne,Brisbane Lions,12090,Lincoln,McCarthy,Brisbane Lions,0.013584974043380688
2026,6,Melbourne,Brisbane Lions,12518,Hugh,McCluggage,Brisbane Lions,0.0463897408699559
2026,6,Melbourne,Brisbane Lions,13137,Logan,Morris,Brisbane Lions,0.02304153691534766
2026,6,Melbourne,Brisbane Lions,12055,Lachie,Neale,Brisbane Lions,1.0730862256340856
2026,6,Melbourne,Brisbane Lions,12592,Cam,Rayner,Brisbane Lions,0.024103200363094296
2026,6,Melbourne,Brisbane Lions,13138,Bruce,Reville,Brisbane Lions,0.014504706751654967
2026,6,Melbourne,Brisbane Lions,13026,Darcy,Wilmot,Brisbane Lions,0.07607618649169319
2026,6,Melbourne,Brisbane Lions,13277,Zane,Zakostelsky,Brisbane Lions,0.024563124102731648
2026,6,Melbourne,Brisbane Lions,12756,Kade,Chandler,Melbourne,0.5058300166042359
2026,6,Melbourne,Brisbane Lions,13015,Jai,Culley,Melbourne,0.027005017510569468
2026,6,Melbourne,Brisbane Lions,12598,Bayley,Fritsch,Melbourne,0.02960320460354307
2026,6,Melbourne,Brisbane Lions,11966,Max,Gawn,Melbourne,0.20443493342446378
2026,6,Melbourne,Brisbane Lions,13254,Max,Heath,Melbourne,0.02986024280025293
2026,6,Melbourne,Brisbane Lions,13098,Blake,Howes,Melbourne,0.027890006283525365
2026,6,Melbourne,Brisbane Lions,13182,Matthew,Jefferson,Melbourne,0.027062931835943188
2026,6,Melbourne,Brisbane Lions,12393,Ed,Langdon,Melbourne,0.3980493913934916
2026,6,Melbourne,Brisbane Lions,13184,Harvey,Langford,Melbourne,1.7110121110936958
2026,6,Melbourne,Brisbane Lions,13032,Bailey,Laurie,Melbourne,0.024905165099662174
2026,6,Melbourne,Brisbane Lions,12351,Jake,Lever,Melbourne,0.034896456530916733
2026,6,Melbourne,Brisbane Lions,12639,Brody,Mihocek,Melbourne,0.034688098313735316
2026,6,Melbourne,Brisbane Lions,12653,Harry,Petty,Melbourne,0.026785213901154098
2026,6,Melbourne,Brisbane Lions,12771,Kysaiah,Pickett,Melbourne,0.11340995458536743
2026,6,Melbourne,Brisbane Lions,13286,Latrelle,Pickett,Melbourne,0.033109894552298055
2026,6,Melbourne,Brisbane Lions,12864,Harry,Sharp,Melbourne,0.03215293978511494
2026,6,Melbourne,Brisbane Lions,12693,Tom,Sparrow,Melbourne,0.031997458740803036
2026,6,Melbourne,Brisbane Lions,12368,Jack,Steele,Melbourne,0.16032386583111216
2026,6,Melbourne,Brisbane Lions,13312,Xavier,Taylor,Melbourne,0.02517028052404588
2026,6,Melbourne,Brisbane Lions,13123,Koltyn,Tholstrup,Melbourne,0.10498555498266754
2026,6,Melbourne,Brisbane Lions,12996,Daniel,Turner,Melbourne,0.037741095755521856
2026,6,Melbourne,Brisbane Lions,13048,Jacob,van Rooyen,Melbourne,0.04561650691117526
2026,6,Melbourne,Brisbane Lions,13099,Caleb,Windsor,Melbourne,0.024665128418125404
2026,7,Western Bulldogs,Sydney,12844,Joel,Amartey,Sydney,0.0
2026,7,Western Bulldogs,Sydney,13195,Riley,Bice,Sydney,0.0
2026,7,Western Bulldogs,Sydney,12699,Nick,Blakey,Sydney,0.0
2026,7,Western Bulldogs,Sydney,13317,Billy,Cootee,Sydney,0.0
2026,7,Western Bulldogs,Sydney,12015,Harry,Cunningham,Sydney,0.0
2026,7,Western Bulldogs,Sydney,12421,Charlie,Curnow,Sydney,2.6184347791089078
2026,7,Western Bulldogs,Sydney,13318,Will,Edwards,Sydney,0.0
2026,7,Western Bulldogs,Sydney,12217,Brodie,Grundy,Sydney,1.2350018872100714
2026,7,Western Bulldogs,Sydney,12860,James,Jordon,Sydney,0.0
2026,7,Western Bulldogs,Sydney,12268,Jake,Lloyd,Sydney,0.0
2026,7,Western Bulldogs,Sydney,12627,Tom,McCartin,Sydney,0.059198620372924865
2026,7,Western Bulldogs,Sydney,12861,Logan,McDonald,Sydney,0.0
2026,7,Western Bulldogs,Sydney,12711,Justin,McInerney,Sydney,0.0
2026,7,Western Bulldogs,Sydney,12413,Callum,Mills,Sydney,0.0
2026,7,Western Bulldogs,Sydney,12412,Tom,Papley,Sydney,0.017099452425305472
2026,7,Western Bulldogs,Sydney,12140,Dane,Rampe,Sydney,0.0
2026,7,Western Bulldogs,Sydney,12994,Matt,Roberts,Sydney,0.14503876177072333
2026,7,Western Bulldogs,Sydney,12903,Malcolm,Rosas,Sydney,0.0
2026,7,Western Bulldogs,Sydney,12714,James,Rowbottom,Sydney,0.0
2026,7,Western Bulldogs,Sydney,13022,Jai,Serong,Sydney,0.0
2026,7,Western Bulldogs,Sydney,12951,Angus,Sheldrick,Sydney,0.0
2026,7,Western Bulldogs,Sydney,12797,Chad,Warner,Sydney,0.6558471061536975
2026,7,Western Bulldogs,Sydney,12818,Sam,Wicks,Sydney,0.0
2026,7,Western Bulldogs,Sydney,12723,Oskar,Baker,Western Bulldogs,0.0
2026,7,Western Bulldogs,Sydney,12269,Marcus,Bontempelli,Western Bulldogs,1.2693793929605728
2026,7,Western Bulldogs,Sydney,12916,Lachlan,Bramble,Western Bulldogs,0.0
2026,7,Western Bulldogs,Sydney,13216,Jedd,Busslinger,Western Bulldogs,0.0
2026,7,Western Bulldogs,Sydney,12354,Bailey,Dale,Western Bulldogs,0.0
2026,7,Western Bulldogs,Sydney,13178,Sam,Davidson,Western Bulldogs,0.0
2026,7,Western Bulldogs,Sydney,13179,Josh,Dolan,Western Bulldogs,0.0
2026,7,Western Bulldogs,Sydney,13308,Louis,Emmett,Western Bulldogs,0.0
2026,7,Western Bulldogs,Sydney,13140,Joel,Freijah,Western Bulldogs,0.0
2026,7,Western Bulldogs,Sydney,12732,Ryan,Gardner,Western Bulldogs,0.0
2026,7,Western Bulldogs,Sydney,13213,Cooper,Hynes,Western Bulldogs,0.0
2026,7,Western Bulldogs,Sydney,13275,Lachie,Jaques,Western Bulldogs,0.0
2026,7,Western Bulldogs,Sydney,12455,Matthew,Kennedy,Western Bulldogs,0.0
2026,7,Western Bulldogs,Sydney,12900,Buku,Khamis,Western Bulldogs,0.0
2026,7,Western Bulldogs,Sydney,13284,Will,Lewis,Western Bulldogs,0.0
2026,7,Western Bulldogs,Sydney,12594,Aaron,Naughton,Western Bulldogs,0.0
2026,7,Western Bulldogs,Sydney,12605,Ed,Richards,Western Bulldogs,0.0
2026,7,Western Bulldogs,Sydney,13103,Ryley,Sanders,Western Bulldogs,0.0
2026,7,Western Bulldogs,Sydney,13276,Michael,Sellwood,Western Bulldogs,0.0
2026,7,Western Bulldogs,Sydney,13314,Lachlan,Smith,Western Bulldogs,0.0
2026,7,Western Bulldogs,Sydney,12054,Adam,Treloar,Western Bulldogs,0.0
2026,7,Western Bulldogs,Sydney,12748,Rhylee,West,Western Bulldogs,0.0
2026,7,Western Bulldogs,Sydney,12441,Bailey,Williams,Western Bulldogs,0.0
2026,7,Richmond,Melbourne,12756,Kade,Chandler,Melbourne,0.00012438831075994947
2026,7,Richmond,Melbourne,13015,Jai,Culley,Melbourne,0.0
2026,7,Richmond,Melbourne,12598,Bayley,Fritsch,Melbourne,0.07684801553556943
2026,7,Richmond,Melbourne,11966,Max,Gawn,Melbourne,0.4075048856832929
2026,7,Richmond,Melbourne,13254,Max,Heath,Melbourne,0.005985719412342509
2026,7,Richmond,Melbourne,13098,Blake,Howes,Melbourne,0.014174237700228548
2026,7,Richmond,Melbourne,13182,Matthew,Jefferson,Melbourne,0.0
2026,7,Richmond,Melbourne,12752,Changkuoth,Jiath,Melbourne,0.001306080515432296
2026,7,Richmond,Melbourne,12393,Ed,Langdon,Melbourne,0.016449045829589393
2026,7,Richmond,Melbourne,13184,Harvey,Langford,Melbourne,0.02564593260932352
2026,7,Richmond,Melbourne,13032,Bailey,Laurie,Melbourne,0.0
2026,7,Richmond,Melbourne,12351,Jake,Lever,Melbourne,0.0021858239314279113
2026,7,Richmond,Melbourne,12639,Brody,Mihocek,Melbourne,0.009818390498812973
2026,7,Richmond,Melbourne,12771,Kysaiah,Pickett,Melbourne,2.762296310794892
2026,7,Richmond,Melbourne,13286,Latrelle,Pickett,Melbourne,0.0044798703402584026
2026,7,Richmond,Melbourne,12864,Harry,Sharp,Melbourne,0.011874219499550226
2026,7,Richmond,Melbourne,12693,Tom,Sparrow,Melbourne,1.26146592998725
2026,7,Richmond,Melbourne,12368,Jack,Steele,Melbourne,0.36379515658688155
2026,7,Richmond,Melbourne,13312,Xavier,Taylor,Melbourne,0.0
2026,7,Richmond,Melbourne,13123,Koltyn,Tholstrup,Melbourne,0.0
2026,7,Richmond,Melbourne,12996,Daniel,Turner,Melbourne,0.007044711996195511
2026,7,Richmond,Melbourne,13048,Jacob,van Rooyen,Melbourne,0.0007798251328038084
2026,7,Richmond,Melbourne,13099,Caleb,Windsor,Melbourne,0.9294289998934868
2026,7,Richmond,Melbourne,12712,Jack,Ross,Richmond,0.0
2026,7,Richmond,Melbourne,12686,Noah,Balta,Richmond,0.0
2026,7,Richmond,Melbourne,12456,Nathan,Broad,Richmond,0.0
2026,7,Richmond,Melbourne,13096,Tom,Brown,Richmond,0.0
2026,7,Richmond,Melbourne,13315,Tom,Burton,Richmond,0.0
2026,7,Richmond,Melbourne,13100,Seth,Campbell,Richmond,0.0
2026,7,Richmond,Melbourne,13316,Sam,Cumming,Richmond,0.0
2026,7,Richmond,Melbourne,13214,Jonty,Faull,Richmond,0.0
2026,7,Richmond,Melbourne,13218,Campbell,Gray,Richmond,0.0
2026,7,Richmond,Melbourne,13145,Steely,Green,Richmond,0.0
2026,7,Richmond,Melbourne,13290,Sam,Grlj,Richmond,0.0
2026,7,Richmond,Melbourne,12440,Jacob,Hopper,Richmond,0.0
2026,7,Richmond,Melbourne,13190,Sam,Lalor,Richmond,0.016001583549459117
2026,7,Richmond,Melbourne,13113,Mykelti,Lefau,Richmond,0.0
2026,7,Richmond,Melbourne,11948,Tom,Lynch,Richmond,0.0
2026,7,Richmond,Melbourne,13117,Kane,McAuliffe,Richmond,0.0
2026,7,Richmond,Melbourne,12941,Ben,Miller,Richmond,0.0
2026,7,Richmond,Melbourne,11917,Dion,Prestia,Richmond,0.08279087219850195
2026,7,Richmond,Melbourne,12902,Hugo,Ralphsmith,Richmond,0.0
2026,7,Richmond,Melbourne,13313,Patrick,Retschko,Richmond,0.0
2026,7,Richmond,Melbourne,12918,Samson,Ryan,Richmond,0.0
2026,7,Richmond,Melbourne,13095,James,Trezise,Richmond,0.0
2026,7,Richmond,Melbourne,12174,Nick,Vlastuin,Richmond,0.0
2026,7,Hawthorn,Gold Coast,13251,Oscar,Adams,Gold Coast,0.01606184314423797
2026,7,Hawthorn,Gold Coast,12767,Noah,Anderson,Gold Coast,0.09107363726520774
2026,7,Hawthorn,Gold Coast,13019,Mac,Andrew,Gold Coast,0.0
2026,7,Hawthorn,Gold Coast,12444,Sam,Collins,Gold Coast,0.023074327425862223
2026,7,Hawthorn,Gold Coast,13120,Will,Graham,Gold Coast,0.020420261221009924
2026,7,Hawthorn,Gold Coast,13049,Bailey,Humphrey,Gold Coast,0.012532620568896004
2026,7,Hawthorn,Gold Coast,12728,Ben,King,Gold Coast,0.0
2026,7,Hawthorn,Gold Coast,13232,Leo,Lombard,Gold Coast,0.015940265878582934
2026,7,Hawthorn,Gold Coast,12521,Ben,Long,Gold Coast,0.012006977870229443
2026,7,Hawthorn,Gold Coast,12331,Touk,Miller,Gold Coast,0.009533944949075692
2026,7,Hawthorn,Gold Coast,12743,John,Noble,Gold Coast,0.0020935003367826242
2026,7,Hawthorn,Gold Coast,12430,Christian,Petracca,Gold Coast,0.10630331761615947
2026,7,Hawthorn,Gold Coast,12652,Wil,Powell,Gold Coast,0.012884556241741365
2026,7,Hawthorn,Gold Coast,13121,Ethan,Read,Gold Coast,0.017936300357224207
2026,7,Hawthorn,Gold Coast,12403,Daniel,Rioli,Gold Coast,0.010150116499696073
2026,7,Hawthorn,Gold Coast,13126,Jake,Rogers,Gold Coast,0.015258016575552865
2026,7,Hawthorn,Gold Coast,12768,Matt,Rowell,Gold Coast,0.07243935722205906
2026,7,Hawthorn,Gold Coast,12923,Jamarra,Ugle-Hagan,Gold Coast,0.01072805396815171
2026,7,Hawthorn,Gold Coast,13041,Bodhi,Uwland,Gold Coast,0.01434271257408062
2026,7,Hawthorn,Gold Coast,13278,Zeke,Uwland,Gold Coast,0.015683381843982516
2026,7,Hawthorn,Gold Coast,13114,Jed,Walter,Gold Coast,0.018814963028389583
2026,7,Hawthorn,Gold Coast,12385,Lachie,Weller,Gold Coast,0.015795996126584774
2026,7,Hawthorn,Gold Coast,12177,Jarrod,Witts,Gold Coast,0.01877892011432136
2026,7,Hawthorn,Gold Coast,12357,Karl,Amon,Hawthorn,0.5922813319894891
2026,7,Hawthorn,Gold Coast,12383,Tom,Barrass,Hawthorn,0.024131480054076653
2026,7,Hawthorn,Gold Coast,12558,Josh,Battle,Hawthorn,0.14318656285204107
2026,7,Hawthorn,Gold Coast,13304,Jack,Dalton,Hawthorn,0.016406399138414348
2026,7,Hawthorn,Gold Coast,12998,Massimo,DAmbrosio,Hawthorn,0.0913334121166853
2026,7,Hawthorn,Gold Coast,13135,Calsher,Dear,Hawthorn,0.0147815993173912
2026,7,Hawthorn,Gold Coast,12927,Jack,Ginnivan,Hawthorn,0.028658045170909984
2026,7,Hawthorn,Gold Coast,11845,Jack,Gunston,Hawthorn,2.050444048648619
2026,7,Hawthorn,Gold Coast,12469,Blake,Hardwick,Hawthorn,0.011872722297956325
2026,7,Hawthorn,Gold Coast,12237,Jarman,Impey,Hawthorn,0.14342237858827758
2026,7,Hawthorn,Gold Coast,12636,Mitch,Lewis,Hawthorn,0.017479361834318693
2026,7,Hawthorn,Gold Coast,12954,Connor,Macdonald,Hawthorn,0.20579448085389648
2026,7,Hawthorn,Gold Coast,13031,Cam,Mackenzie,Hawthorn,0.052476155169597624
2026,7,Hawthorn,Gold Coast,12843,Finn,Maginness,Hawthorn,0.07047397195668675
2026,7,Hawthorn,Gold Coast,12856,Lloyd,Meek,Hawthorn,0.04835475172966161
2026,7,Hawthorn,Gold Coast,12579,Harry,Morrison,Hawthorn,0.019917560676302317
2026,7,Hawthorn,Gold Coast,12670,Conor,Nash,Hawthorn,0.055035604829152124
2026,7,Hawthorn,Gold Coast,12915,Jai,Newcombe,Hawthorn,1.7465444405563593
2026,7,Hawthorn,Gold Coast,12906,Ned,Reeves,Hawthorn,0.026056863829740148
2026,7,Hawthorn,Gold Coast,12565,Jack,Scrimshaw,Hawthorn,0.031752461151564035
2026,7,Hawthorn,Gold Coast,12955,Josh,Ward,Hawthorn,0.02902442291747821
2026,7,Hawthorn,Gold Coast,13105,Nick,Watson,Hawthorn,0.021372395278983266
2026,7,Hawthorn,Gold Coast,13057,Josh,Weddle,Hawthorn,0.02734647822317522
2026,7,Essendon,Collingwood,13306,Angus,Anderson,Collingwood,0.0
2026,7,Essendon,Collingwood,12660,Darcy,Cameron,Collingwood,0.0
2026,7,Essendon,Collingwood,12061,Jack,Crisp,Collingwood,0.0072404074278292485
2026,7,Essendon,Collingwood,12573,Josh,Daicos,Collingwood,0.32185735669484905
2026,7,Essendon,Collingwood,12943,Nick,Daicos,Collingwood,2.363946315585058
2026,7,Essendon,Collingwood,12318,Jordan,de Goey,Collingwood,0.2414574790812375
2026,7,Essendon,Collingwood,12083,Jamie,Elliott,Collingwood,0.0
2026,7,Essendon,Collingwood,12676,Billy,Frampton,Collingwood,0.0
2026,7,Essendon,Collingwood,13228,Will,Hayes,Collingwood,0.0
2026,7,Essendon,Collingwood,12495,Dan,Houston,Collingwood,0.0
2026,7,Essendon,Collingwood,11967,Jeremy,Howe,Collingwood,0.0
2026,7,Essendon,Collingwood,12578,Patrick,Lipinski,Collingwood,0.0
2026,7,Essendon,Collingwood,12371,Brayden,Maynard,Collingwood,0.0
2026,7,Essendon,Collingwood,12876,Beau,McCreery,Collingwood,0.0
2026,7,Essendon,Collingwood,12291,Daniel,McStay,Collingwood,0.0
2026,7,Essendon,Collingwood,12300,Tim,Membrey,Collingwood,0.0
2026,7,Essendon,Collingwood,4182,Scott,Pendlebury,Collingwood,2.811893439465177
2026,7,Essendon,Collingwood,12536,Harry,Perryman,Collingwood,0.0
2026,7,Essendon,Collingwood,12740,Isaac,Quaynor,Collingwood,0.0
2026,7,Essendon,Collingwood,12700,Lachie,Schultz,Collingwood,0.0
2026,7,Essendon,Collingwood,11751,Steele,Sidebottom,Collingwood,0.0
2026,7,Essendon,Collingwood,13248,Roan,Steele,Collingwood,0.0
2026,7,Essendon,Collingwood,13298,Oscar,Steene,Collingwood,0.0
2026,7,Essendon,Collingwood,13237,Lachlan,Blakiston,Essendon,0.0
2026,7,Essendon,Collingwood,13148,Nate,Caddy,Essendon,0.0
2026,7,Essendon,Collingwood,12755,Jye,Caldwell,Essendon,0.0
2026,7,Essendon,Collingwood,13223,Archer,Day-Wicks,Essendon,0.0
2026,7,Essendon,Collingwood,12925,Sam,Durham,Essendon,0.0
2026,7,Essendon,Collingwood,12696,Xavier,Duursma,Essendon,0.0
2026,7,Essendon,Collingwood,13198,Tom,Edwards,Essendon,0.0
2026,7,Essendon,Collingwood,13203,Saad,El-Hawli,Essendon,0.0
2026,7,Essendon,Collingwood,13299,Jacob,Farrow,Essendon,0.0
2026,7,Essendon,Collingwood,13177,Isaac,Kako,Essendon,0.0
2026,7,Essendon,Collingwood,12349,Kyle,Langford,Essendon,0.0
2026,7,Essendon,Collingwood,13238,Archie,May,Essendon,0.0
2026,7,Essendon,Collingwood,12491,Andrew,McGrath,Essendon,0.0
2026,7,Essendon,Collingwood,12580,Ben,McKay,Essendon,0.0
2026,7,Essendon,Collingwood,12241,Zach,Merrett,Essendon,0.0
2026,7,Essendon,Collingwood,12406,Darcy,Parish,Essendon,0.0
2026,7,Essendon,Collingwood,12874,Jaxon,Prior,Essendon,0.0
2026,7,Essendon,Collingwood,12889,Zach,Reid,Essendon,0.0
2026,7,Essendon,Collingwood,13168,Archie,Roberts,Essendon,0.25360500174437606
2026,7,Essendon,Collingwood,13307,Sullivan,Robey,Essendon,0.0
2026,7,Essendon,Collingwood,13283,Dyson,Sharp,Essendon,0.0
2026,7,Essendon,Collingwood,13087,Elijah,Tsatas,Essendon,0.0
2026,7,Essendon,Collingwood,12366,Peter,Wright,Essendon,0.0
2026,7,Port Adelaide,Geelong,12690,Tom,Atkins,Geelong,0.0
2026,7,Port Adelaide,Geelong,12153,Mark,Blicavs,Geelong,0.0
2026,7,Port Adelaide,Geelong,12499,Jack,Bowes,Geelong,0.0
2026,7,Port Adelaide,Geelong,12871,Tanner,Bruhn,Geelong,0.0
2026,7,Port Adelaide,Geelong,12017,Jeremy,Cameron,Geelong,0.0
2026,7,Port Adelaide,Geelong,12806,Brad,Close,Geelong,0.0
2026,7,Port Adelaide,Geelong,11700,Patrick,Dangerfield,Geelong,0.0
2026,7,Port Adelaide,Geelong,12974,Oliver,Dempsey,Geelong,0.0
2026,7,Port Adelaide,Geelong,13285,Mitchell,Edwards,Geelong,0.0
2026,7,Port Adelaide,Geelong,12551,Zach,Guthrie,Geelong,0.0
2026,7,Port Adelaide,Geelong,12607,Jack,Henry,Geelong,0.0
2026,7,Port Adelaide,Geelong,12851,Oliver,Henry,Geelong,0.0
2026,7,Port Adelaide,Geelong,12881,Max,Holmes,Geelong,0.0
2026,7,Port Adelaide,Geelong,13160,Lawson,Humphries,Geelong,0.0
2026,7,Port Adelaide,Geelong,13104,Shaun,Mannagh,Geelong,0.0
2026,7,Port Adelaide,Geelong,12236,Jack,Martin,Geelong,0.0
2026,7,Port Adelaide,Geelong,13066,Oisin,Mullin,Geelong,0.0
2026,7,Port Adelaide,Geelong,12992,Shannon,Neale,Geelong,0.0
2026,7,Port Adelaide,Geelong,12531,Mark,OConnor,Geelong,0.0
2026,7,Port Adelaide,Geelong,13122,Connor,OSullivan,Geelong,0.0
2026,7,Port Adelaide,Geelong,12692,Bailey,Smith,Geelong,0.06932514605274098
2026,7,Port Adelaide,Geelong,12505,Tom,Stewart,Geelong,0.0
2026,7,Port Adelaide,Geelong,12619,James,Worpel,Geelong,0.0
2026,7,Port Adelaide,Geelong,12433,Aliir,Aliir,Port Adelaide,0.0
2026,7,Port Adelaide,Geelong,12867,Miles,Bergman,Port Adelaide,0.0
2026,7,Port Adelaide,Geelong,13188,Joe,Berry,Port Adelaide,0.0
2026,7,Port Adelaide,Geelong,13007,Jase,Burgoyne,Port Adelaide,0.1602151504182613
2026,7,Port Adelaide,Geelong,12698,Zak,Butters,Port Adelaide,1.1956630505691714
2026,7,Port Adelaide,Geelong,12422,Darcy,Byrne-Jones,Port Adelaide,0.0
2026,7,Port Adelaide,Geelong,12695,Willem,Drew,Port Adelaide,0.04167352629803956
2026,7,Port Adelaide,Geelong,12936,Corey,Durdin,Port Adelaide,0.0
2026,7,Port Adelaide,Geelong,13156,Logan,Evans,Port Adelaide,0.0
2026,7,Port Adelaide,Geelong,12664,Kane,Farrell,Port Adelaide,0.0
2026,7,Port Adelaide,Geelong,12766,Mitch,Georgiades,Port Adelaide,1.607217156478758
2026,7,Port Adelaide,Geelong,12956,Jason,Horne-Francis,Port Adelaide,2.7262973701632363
2026,7,Port Adelaide,Geelong,12882,Lachie,Jones,Port Adelaide,0.0
2026,7,Port Adelaide,Geelong,13301,Josh,Lai,Port Adelaide,0.0
2026,7,Port Adelaide,Geelong,13269,Ewan,Mackinlay,Port Adelaide,0.0
2026,7,Port Adelaide,Geelong,13199,Christian,Moraes,Port Adelaide,0.0
2026,7,Port Adelaide,Geelong,13139,Joe,Richards,Port Adelaide,0.0
2026,7,Port Adelaide,Geelong,12890,Jordon,Sweet,Port Adelaide,0.14549216395204395
2026,7,Port Adelaide,Geelong,13073,Dante,Visentini,Port Adelaide,0.0
2026,7,Port Adelaide,Geelong,13289,Jack,Watkins,Port Adelaide,0.0
2026,7,Port Adelaide,Geelong,12991,Jacob,Wehr,Port Adelaide,0.0
2026,7,Port Adelaide,Geelong,13259,Jack,Whitlock,Port Adelaide,0.0
2026,7,Port Adelaide,Geelong,12150,Ollie,Wines,Port Adelaide,0.05411643606528941
2026,7,Fremantle,Carlton,12498,Ben,Ainsworth,Carlton,0.0
2026,7,Fremantle,Carlton,13297,Talor,Byrne,Carlton,0.0
2026,7,Fremantle,Carlton,13212,Matt,Carroll,Carlton,0.0
2026,7,Fremantle,Carlton,12603,Adam,Cerra,Carlton,0.0
2026,7,Fremantle,Carlton,12822,Matthew,Cottrell,Carlton,0.0
2026,7,Fremantle,Carlton,13028,Lachlan,Cowan,Carlton,0.0
2026,7,Fremantle,Carlton,12261,Patrick,Cripps,Carlton,0.7864288685676957
2026,7,Fremantle,Carlton,13273,Harry,Dean,Carlton,0.0
2026,7,Fremantle,Carlton,12873,Francis,Evans,Carlton,0.0
2026,7,Fremantle,Carlton,12497,Oliver,Florent,Carlton,0.0
2026,7,Fremantle,Carlton,12091,Nick,Haynes,Carlton,0.0
2026,7,Fremantle,Carlton,12509,Will,Hayward,Carlton,0.0
2026,7,Fremantle,Carlton,12937,Brodie,Kemp,Carlton,0.0
2026,7,Fremantle,Carlton,13170,Cooper,Lord,Carlton,0.0
2026,7,Fremantle,Carlton,12404,Mitch,McGovern,Carlton,0.0
2026,7,Fremantle,Carlton,13171,Ashton,Moir,Carlton,0.0
2026,7,Fremantle,Carlton,12508,Nic,Newman,Carlton,0.0
2026,7,Fremantle,Carlton,13172,Liam,Reidy,Carlton,0.0
2026,7,Fremantle,Carlton,13274,Jagga,Smith,Carlton,0.0
2026,7,Fremantle,Carlton,12684,Sam,Walsh,Carlton,0.8899419501459169
2026,7,Fremantle,Carlton,12402,Jacob,Weitering,Carlton,0.0
2026,7,Fremantle,Carlton,12175,Zac,Williams,Carlton,0.0
2026,7,Fremantle,Carlton,12559,Lewis,Young,Carlton,0.0
2026,7,Fremantle,Carlton,12983,Jye,Amiss,Fremantle,0.0
2026,7,Fremantle,Carlton,12535,Shai,Bolton,Fremantle,2.2330455832238822
2026,7,Fremantle,Carlton,12589,Andrew,Brayshaw,Fremantle,0.4379991288917619
2026,7,Fremantle,Carlton,12875,Heath,Chapman,Fremantle,0.0
2026,7,Fremantle,Carlton,12688,Jordan,Clark,Fremantle,0.0
2026,7,Fremantle,Carlton,12544,Brennan,Cox,Fremantle,0.0
2026,7,Fremantle,Carlton,12428,Mason,Cox,Fremantle,0.0
2026,7,Fremantle,Carlton,13204,Isaiah,Dudley,Fremantle,0.0
2026,7,Fremantle,Carlton,12966,Neil,Erasmus,Fremantle,0.0
2026,7,Fremantle,Carlton,12801,Michael,Frederick,Fremantle,0.0
2026,7,Fremantle,Carlton,12779,Luke,Jackson,Fremantle,1.5438053637040208
2026,7,Fremantle,Carlton,13047,Matthew,Johnson,Fremantle,0.0
2026,7,Fremantle,Carlton,13033,Judd,McVee,Fremantle,0.0
2026,7,Fremantle,Carlton,12352,Alex,Pearce,Fremantle,0.0
2026,7,Fremantle,Carlton,13180,Murphy,Reid,Fremantle,0.0
2026,7,Fremantle,Carlton,12542,Luke,Ryan,Fremantle,0.0
2026,7,Fremantle,Carlton,12786,Caleb,Serong,Fremantle,0.07245321363991589
2026,7,Fremantle,Carlton,12820,Jeremy,Sharp,Fremantle,0.0
2026,7,Fremantle,Carlton,12672,Sam,Switkowski,Fremantle,0.0
2026,7,Fremantle,Carlton,12887,Josh,Treacy,Fremantle,0.0
2026,7,Fremantle,Carlton,12453,Corey,Wagner,Fremantle,0.0
2026,7,Fremantle,Carlton,13075,Karl,Worner,Fremantle,0.0
2026,7,Fremantle,Carlton,12777,Hayden,Young,Fremantle,0.03632589182504432
2026,7,St Kilda,West Coast,12490,Dan,Butler,St Kilda,0.0
2026,7,St Kilda,West Coast,13035,Anthony,Caminiti,St Kilda,0.0
2026,7,St Kilda,West Coast,12976,Jack,Carroll,St Kilda,0.0
2026,7,St Kilda,West Coast,12591,Hunter,Clark,St Kilda,0.0
2026,7,St Kilda,West Coast,12674,Tom,De Koning,St Kilda,0.0
2026,7,St Kilda,West Coast,12824,Sam,Flanders,St Kilda,0.04865746307005139
2026,7,St Kilda,West Coast,13125,Hugo,Garcia,St Kilda,1.517568579239497
2026,7,St Kilda,West Coast,13193,Max,Hall,St Kilda,0.0649231217815786
2026,7,St Kilda,West Coast,12609,Jack,Higgins,St Kilda,1.7736611084263472
2026,7,St Kilda,West Coast,12060,Bradley,Hill,St Kilda,0.0574449466807129
2026,7,St Kilda,West Coast,12420,Dougal,Howard,St Kilda,0.0030409672002529283
2026,7,St Kilda,West Coast,12564,Rowan,Marshall,St Kilda,0.09314530269586069
2026,7,St Kilda,West Coast,12948,Mitch,Owens,St Kilda,0.0
2026,7,St Kilda,West Coast,13036,Mattaes,Phillipou,St Kilda,0.0014656240568496322
2026,7,St Kilda,West Coast,12600,Liam,Ryan,St Kilda,0.016588322213345465
2026,7,St Kilda,West Coast,12929,Cooper,Sharman,St Kilda,0.014064030712506056
2026,7,St Kilda,West Coast,12458,Jack,Silvagni,St Kilda,0.003496223304394333
2026,7,St Kilda,West Coast,12325,Jack,Sinclair,St Kilda,0.0479099760808096
2026,7,St Kilda,West Coast,12950,Nasiah,Wanganeen-Milera,St Kilda,1.5789275013534005
2026,7,St Kilda,West Coast,12703,Callum,Wilkie,St Kilda,0.4279983821197864
2026,7,St Kilda,West Coast,13110,Darcy,Wilson,St Kilda,0.02606111558697177
2026,7,St Kilda,West Coast,12967,Marcus,Windhager,St Kilda,0.22917040458265522
2026,7,St Kilda,West Coast,12312,Mason,Wood,St Kilda,0.0
2026,7,St Kilda,West Coast,12962,Jack,Williams,West Coast,0.0
2026,7,St Kilda,West Coast,13221,Bo,Allan,West Coast,0.0
2026,7,St Kilda,West Coast,12661,Liam,Baker,West Coast,0.0
2026,7,St Kilda,West Coast,13209,Sandy,Brock,West Coast,0.0
2026,7,St Kilda,West Coast,13250,Malakai,Champion,West Coast,0.0
2026,7,St Kilda,West Coast,13210,Hamish,Davis,West Coast,0.0
2026,7,St Kilda,West Coast,13291,Cooper,Duff-Tytler,West Coast,0.0
2026,7,St Kilda,West Coast,12334,Liam,Duggan,West Coast,0.0
2026,7,St Kilda,West Coast,13292,Willem,Duursma,West Coast,0.007808904429702207
2026,7,St Kilda,West Coast,13038,Reuben,Ginbey,West Coast,0.0015494114579309133
2026,7,St Kilda,West Coast,13044,Elijah,Hewett,West Coast,0.0
2026,7,St Kilda,West Coast,12957,Brady,Hough,West Coast,0.0
2026,7,St Kilda,West Coast,12595,Tim,Kelly,West Coast,0.0
2026,7,St Kilda,West Coast,13293,Josh,Lindsay,West Coast,0.0
2026,7,St Kilda,West Coast,13070,Ryan,Maric,West Coast,0.0
2026,7,St Kilda,West Coast,13240,Tom,McCarthy,West Coast,0.0
2026,7,St Kilda,West Coast,13294,Milan,Murdock,West Coast,0.0
2026,7,St Kilda,West Coast,13111,Harley,Reid,West Coast,0.0814206609709971
2026,7,St Kilda,West Coast,13247,Jobe,Shanahan,West Coast,0.0
2026,7,St Kilda,West Coast,12601,Jake,Waterman,West Coast,0.0
2026,7,St Kilda,West Coast,12836,Bailey,Williams,West Coast,0.005097954032134308
2026,7,St Kilda,West Coast,12087,Elliot,Yeo,West Coast,0.0
2026,7,St Kilda,West Coast,13043,Tylar,Young,West Coast,0.0
2026,7,Brisbane Lions,Adelaide,12849,Sam,Berry,Adelaide,0.0
2026,7,Brisbane Lions,Adelaide,13165,Hugh,Bond,Adelaide,0.0
2026,7,Brisbane Lions,Adelaide,12829,Jordon,Butts,Adelaide,0.0
2026,7,Brisbane Lions,Adelaide,12932,Brayden,Cook,Adelaide,0.0
2026,7,Brisbane Lions,Adelaide,12629,Isaac,Cumming,Adelaide,0.0
2026,7,Brisbane Lions,Adelaide,12516,Jordan,Dawson,Adelaide,0.17378397471085574
2026,7,Brisbane Lions,Adelaide,13310,Charlie,Edwards,Adelaide,0.0
2026,7,Brisbane Lions,Adelaide,12434,Ben,Keays,Adelaide,0.0
2026,7,Brisbane Lions,Adelaide,12165,Rory,Laird,Adelaide,0.0
2026,7,Brisbane Lions,Adelaide,13219,Finnbar,Maley,Adelaide,0.0
2026,7,Brisbane Lions,Adelaide,13065,Lachlan,McAndrew,Adelaide,0.0
2026,7,Brisbane Lions,Adelaide,13027,Max,Michalanney,Adelaide,0.0
2026,7,Brisbane Lions,Adelaide,12405,Wayne,Milera,Adelaide,0.0
2026,7,Brisbane Lions,Adelaide,12872,Nick,Murray,Adelaide,0.0
2026,7,Brisbane Lions,Adelaide,13280,Toby,Murray,Adelaide,0.0
2026,7,Brisbane Lions,Adelaide,12934,James,Peatling,Adelaide,0.0
2026,7,Brisbane Lions,Adelaide,12921,Luke,Pedlar,Adelaide,0.0
2026,7,Brisbane Lions,Adelaide,12953,Josh,Rachele,Adelaide,0.0
2026,7,Brisbane Lions,Adelaide,12798,Izak,Rankine,Adelaide,0.0
2026,7,Brisbane Lions,Adelaide,13159,Zac,Taylor,Adelaide,0.0
2026,7,Brisbane Lions,Adelaide,12892,Riley,Thilthorpe,Adelaide,0.0
2026,7,Brisbane Lions,Adelaide,11713,Taylor,Walker,Adelaide,0.0
2026,7,Brisbane Lions,Adelaide,12912,Josh,Worrell,Adelaide,0.0
2026,7,Brisbane Lions,Adelaide,12277,Charlie,Cameron,Brisbane Lions,0.9766767258010812
2026,7,Brisbane Lions,Adelaide,12655,Oscar,Allen,Brisbane Lions,0.0
2026,7,Brisbane Lions,Adelaide,12340,Harris,Andrews,Brisbane Lions,0.0
2026,7,Brisbane Lions,Adelaide,13197,Levi,Ashcroft,Brisbane Lions,0.0
2026,7,Brisbane Lions,Adelaide,13040,Will,Ashcroft,Brisbane Lions,1.0571656344610572
2026,7,Brisbane Lions,Adelaide,12610,Zac,Bailey,Brisbane Lions,1.2001838380000744
2026,7,Brisbane Lions,Adelaide,12838,Keidean,Coleman,Brisbane Lions,0.0
2026,7,Brisbane Lions,Adelaide,12810,Sam,Draper,Brisbane Lions,0.010119590937712697
2026,7,Brisbane Lions,Adelaide,12408,Josh,Dunkley,Brisbane Lions,0.0
2026,7,Brisbane Lions,Adelaide,13072,Jaspa,Fletcher,Brisbane Lions,0.0
2026,7,Brisbane Lions,Adelaide,12724,Darcy,Fort,Brisbane Lions,0.0
2026,7,Brisbane Lions,Adelaide,13235,Ty,Gallop,Brisbane Lions,0.0
2026,7,Brisbane Lions,Adelaide,11894,Ryan,Lester,Brisbane Lions,0.0
2026,7,Brisbane Lions,Adelaide,12968,Kai,Lohmann,Brisbane Lions,0.0
2026,7,Brisbane Lions,Adelaide,12090,Lincoln,McCarthy,Brisbane Lions,0.0
2026,7,Brisbane Lions,Adelaide,12518,Hugh,McCluggage,Brisbane Lions,0.0
2026,7,Brisbane Lions,Adelaide,12391,Conor,McKenna,Brisbane Lions,0.0
2026,7,Brisbane Lions,Adelaide,13137,Logan,Morris,Brisbane Lions,0.0
2026,7,Brisbane Lions,Adelaide,12055,Lachie,Neale,Brisbane Lions,2.5820702360873202
2026,7,Brisbane Lions,Adelaide,12592,Cam,Rayner,Brisbane Lions,0.0
2026,7,Brisbane Lions,Adelaide,13138,Bruce,Reville,Brisbane Lions,0.0
2026,7,Brisbane Lions,Adelaide,13005,James,Tunstill,Brisbane Lions,0.0
2026,7,Brisbane Lions,Adelaide,13026,Darcy,Wilmot,Brisbane Lions,0.0
2026,7,Greater Western Sydney,North Melbourne,13020,Leek,Aleer,Greater Western Sydney,0.013620220712030652
2026,7,Greater Western Sydney,North Melbourne,13001,Ryan,Angwin,Greater Western Sydney,0.018413451682281888
2026,7,Greater Western Sydney,North Melbourne,12782,Lachie,Ash,Greater Western Sydney,0.6689194838981551
2026,7,Greater Western Sydney,North Melbourne,12772,Toby,Bedford,Greater Western Sydney,0.005162588143914244
2026,7,Greater Western Sydney,North Melbourne,12846,Jack,Buckley,Greater Western Sydney,0.008425137076913704
2026,7,Greater Western Sydney,North Melbourne,13054,Aaron,Cadman,Greater Western Sydney,0.02879065942363703
2026,7,Greater Western Sydney,North Melbourne,12969,Finn,Callaghan,Greater Western Sydney,0.07293320281517512
2026,7,Greater Western Sydney,North Melbourne,12028,Stephen,Coniglio,Greater Western Sydney,0.023862995543450234
2026,7,Greater Western Sydney,North Melbourne,12656,Brent,Daniels,Greater Western Sydney,0.2556353342937681
2026,7,Greater Western Sydney,North Melbourne,13279,Phoenix,Gothard,Greater Western Sydney,0.0057032913910087316
2026,7,Greater Western Sydney,North Melbourne,12025,Toby,Greene,Greater Western Sydney,2.1099363518016765
2026,7,Greater Western Sydney,North Melbourne,13302,Oliver,Hannaford,Greater Western Sydney,0.00733705962378637
2026,7,Greater Western Sydney,North Melbourne,12462,Harry,Himmelberg,Greater Western Sydney,0.004473147130629636
2026,7,Greater Western Sydney,North Melbourne,12321,Jesse,Hogan,Greater Western Sydney,0.016646522149815733
2026,7,Greater Western Sydney,North Melbourne,12750,Connor,Idun,Greater Western Sydney,0.011129867158485622
2026,7,Greater Western Sydney,North Melbourne,12377,Jayden,Laverde,Greater Western Sydney,0.010215983612163117
2026,7,Greater Western Sydney,North Melbourne,13174,James,Leake,Greater Western Sydney,0.0046782016655691
2026,7,Greater Western Sydney,North Melbourne,13236,Nick,Madden,Greater Western Sydney,0.008765808331398596
2026,7,Greater Western Sydney,North Melbourne,12821,Xavier,OHalloran,Greater Western Sydney,0.0
2026,7,Greater Western Sydney,North Melbourne,12410,Clayton,Oliver,Greater Western Sydney,0.22561994818216385
2026,7,Greater Western Sydney,North Melbourne,12167,Jake,Stringer,Greater Western Sydney,0.03232899584494004
2026,7,Greater Western Sydney,North Melbourne,13101,Harvey,Thomas,Greater Western Sydney,0.0206500796314679
2026,7,Greater Western Sydney,North Melbourne,12143,Lachie,Whitfield,Greater Western Sydney,0.48409921185959853
2026,7,Greater Western Sydney,North Melbourne,12181,Aidan,Corr,North Melbourne,0.007989165276912354
2026,7,Greater Western Sydney,North Melbourne,12975,Paul,Curtis,North Melbourne,0.025424608642639727
2026,7,Greater Western Sydney,North Melbourne,12373,Caleb,Daniel,North Melbourne,0.040047490982290164
2026,7,Greater Western Sydney,North Melbourne,11905,Jack,Darling,North Melbourne,0.0
2026,7,Greater Western Sydney,North Melbourne,12590,Luke,Davies-Uniacke,North Melbourne,0.05575407566171218
2026,7,Greater Western Sydney,North Melbourne,13288,Lachy,Dovaston,North Melbourne,0.003551232732004812
2026,7,Greater Western Sydney,North Melbourne,13106,Zane,Duursma,North Melbourne,0.004483222502847835
2026,7,Greater Western Sydney,North Melbourne,12563,Nick,Larkey,North Melbourne,0.1497357370395662
2026,7,Greater Western Sydney,North Melbourne,12511,Griffin,Logue,North Melbourne,0.010348559290863459
2026,7,Greater Western Sydney,North Melbourne,12246,Luke,McDonald,North Melbourne,0.0
2026,7,Greater Western Sydney,North Melbourne,13107,Colby,McKercher,North Melbourne,0.007348777690495474
2026,7,Greater Western Sydney,North Melbourne,13187,Finn,OSullivan,North Melbourne,0.06079630362347172
2026,7,Greater Western Sydney,North Melbourne,11953,Luke,Parker,North Melbourne,0.04786544585466156
2026,7,Greater Western Sydney,North Melbourne,13108,Toby,Pink,North Melbourne,0.0060240624126975464
2026,7,Greater Western Sydney,North Melbourne,12866,Tom,Powell,North Melbourne,0.014369835946222174
2026,7,Greater Western Sydney,North Melbourne,13034,Harry,Sheezel,North Melbourne,1.1233147896624345
2026,7,Greater Western Sydney,North Melbourne,12502,Jy,Simpkin,North Melbourne,0.0
2026,7,Greater Western Sydney,North Melbourne,12622,Charlie,Spargo,North Melbourne,0.003793664887496918
2026,7,Greater Western Sydney,North Melbourne,12796,Dylan,Stephens,North Melbourne,0.01050282376991906
2026,7,Greater Western Sydney,North Melbourne,13263,Cooper,Trembath,North Melbourne,0.005517386751805749
2026,7,Greater Western Sydney,North Melbourne,13064,George,Wardlaw,North Melbourne,0.010791116637975863
2026,7,Greater Western Sydney,North Melbourne,12788,Tristan,Xerri,North Melbourne,0.3749941586645372
2026,7,Greater Western Sydney,North Melbourne,12557,Cameron,Zurhaar,North Melbourne,0.0
2026,8,Collingwood,Hawthorn,13306,Angus,Anderson,Collingwood,0.03704111426215241
2026,8,Collingwood,Hawthorn,13071,Jack,Buller,Collingwood,0.03186854927259668
2026,8,Collingwood,Hawthorn,12660,Darcy,Cameron,Collingwood,0.03927504247034293
2026,8,Collingwood,Hawthorn,12061,Jack,Crisp,Collingwood,0.06280743744393158
2026,8,Collingwood,Hawthorn,12573,Josh,Daicos,Collingwood,0.039161583003516034
2026,8,Collingwood,Hawthorn,12943,Nick,Daicos,Collingwood,1.2873482227520792
2026,8,Collingwood,Hawthorn,12318,Jordan,de Goey,Collingwood,0.03884686051774948
2026,8,Collingwood,Hawthorn,12083,Jamie,Elliott,Collingwood,0.06320599548467379
2026,8,Collingwood,Hawthorn,12676,Billy,Frampton,Collingwood,0.041376786136719065
2026,8,Collingwood,Hawthorn,13228,Will,Hayes,Collingwood,0.03147125770131422
2026,8,Collingwood,Hawthorn,12495,Dan,Houston,Collingwood,0.6722304521866682
2026,8,Collingwood,Hawthorn,12578,Patrick,Lipinski,Collingwood,0.06466133984033709
2026,8,Collingwood,Hawthorn,13023,Ned,Long,Collingwood,0.17872772981887403
2026,8,Collingwood,Hawthorn,12371,Brayden,Maynard,Collingwood,0.019637311225823614
2026,8,Collingwood,Hawthorn,12291,Daniel,McStay,Collingwood,0.04252116386810127
2026,8,Collingwood,Hawthorn,12372,Darcy,Moore,Collingwood,0.03849138197249073
2026,8,Collingwood,Hawthorn,13147,Wil,Parker,Collingwood,0.03527978408097736
2026,8,Collingwood,Hawthorn,12536,Harry,Perryman,Collingwood,0.033238650484249246
2026,8,Collingwood,Hawthorn,12740,Isaac,Quaynor,Collingwood,0.03213575517267657
2026,8,Collingwood,Hawthorn,12700,Lachie,Schultz,Collingwood,0.03551248074078604
2026,8,Collingwood,Hawthorn,11751,Steele,Sidebottom,Collingwood,0.03891611346780828
2026,8,Collingwood,Hawthorn,13248,Roan,Steele,Collingwood,0.0343057920336373
2026,8,Collingwood,Hawthorn,13298,Oscar,Steene,Collingwood,0.037946109968653594
2026,8,Collingwood,Hawthorn,12357,Karl,Amon,Hawthorn,0.18136694956670646
2026,8,Collingwood,Hawthorn,12383,Tom,Barrass,Hawthorn,0.03797636936824779
2026,8,Collingwood,Hawthorn,12558,Josh,Battle,Hawthorn,0.04340264416176508
2026,8,Collingwood,Hawthorn,12998,Massimo,DAmbrosio,Hawthorn,0.11157594710147624
2026,8,Collingwood,Hawthorn,13135,Calsher,Dear,Hawthorn,0.03316069211942342
2026,8,Collingwood,Hawthorn,12927,Jack,Ginnivan,Hawthorn,0.03545959678561682
2026,8,Collingwood,Hawthorn,11845,Jack,Gunston,Hawthorn,0.03170984231513192
2026,8,Collingwood,Hawthorn,12469,Blake,Hardwick,Hawthorn,0.034377955650514644
2026,8,Collingwood,Hawthorn,12237,Jarman,Impey,Hawthorn,0.0
2026,8,Collingwood,Hawthorn,12636,Mitch,Lewis,Hawthorn,0.035013975796168176
2026,8,Collingwood,Hawthorn,12954,Connor,Macdonald,Hawthorn,1.3803537298709185
2026,8,Collingwood,Hawthorn,13031,Cam,Mackenzie,Hawthorn,0.03729030079088953
2026,8,Collingwood,Hawthorn,12843,Finn,Maginness,Hawthorn,0.03233407653776603
2026,8,Collingwood,Hawthorn,12856,Lloyd,Meek,Hawthorn,0.046142819880813396
2026,8,Collingwood,Hawthorn,12710,Dylan,Moore,Hawthorn,0.036601672596035736
2026,8,Collingwood,Hawthorn,12670,Conor,Nash,Hawthorn,0.07976782211344266
2026,8,Collingwood,Hawthorn,12915,Jai,Newcombe,Hawthorn,0.6125257569045803
2026,8,Collingwood,Hawthorn,12906,Ned,Reeves,Hawthorn,0.06742626328101523
2026,8,Collingwood,Hawthorn,12565,Jack,Scrimshaw,Hawthorn,0.0348453488968843
2026,8,Collingwood,Hawthorn,12332,James,Sicily,Hawthorn,0.04697304991718845
2026,8,Collingwood,Hawthorn,12955,Josh,Ward,Hawthorn,0.04922533211473416
2026,8,Collingwood,Hawthorn,13105,Nick,Watson,Hawthorn,0.056617285460230524
2026,8,Collingwood,Hawthorn,13057,Josh,Weddle,Hawthorn,0.03984565486000151
2026,8,Western Bulldogs,Fremantle,12983,Jye,Amiss,Fremantle,0.007161401649710774
2026,8,Western Bulldogs,Fremantle,12535,Shai,Bolton,Fremantle,1.7221474877197205
2026,8,Western Bulldogs,Fremantle,12589,Andrew,Brayshaw,Fremantle,0.17456314892745375
2026,8,Western Bulldogs,Fremantle,12875,Heath,Chapman,Fremantle,0.01623389358689698
2026,8,Western Bulldogs,Fremantle,12688,Jordan,Clark,Fremantle,0.047707126008048335
2026,8,Western Bulldogs,Fremantle,12544,Brennan,Cox,Fremantle,0.01605403855115057
2026,8,Western Bulldogs,Fremantle,12428,Mason,Cox,Fremantle,0.011745100461419139
2026,8,Western Bulldogs,Fremantle,13204,Isaiah,Dudley,Fremantle,0.011497137068554713
2026,8,Western Bulldogs,Fremantle,12966,Neil,Erasmus,Fremantle,0.027438944822531668
2026,8,Western Bulldogs,Fremantle,12801,Michael,Frederick,Fremantle,0.013587596813020747
2026,8,Western Bulldogs,Fremantle,12779,Luke,Jackson,Fremantle,0.9241086885878586
2026,8,Western Bulldogs,Fremantle,13047,Matthew,Johnson,Fremantle,0.02029422112733987
2026,8,Western Bulldogs,Fremantle,12352,Alex,Pearce,Fremantle,0.014684113934824583
2026,8,Western Bulldogs,Fremantle,13180,Murphy,Reid,Fremantle,0.034132917983451284
2026,8,Western Bulldogs,Fremantle,12542,Luke,Ryan,Fremantle,0.028659920153905498
2026,8,Western Bulldogs,Fremantle,12786,Caleb,Serong,Fremantle,0.1065465779223935
2026,8,Western Bulldogs,Fremantle,12820,Jeremy,Sharp,Fremantle,0.014244545528224161
2026,8,Western Bulldogs,Fremantle,12672,Sam,Switkowski,Fremantle,0.02682312630543273
2026,8,Western Bulldogs,Fremantle,12887,Josh,Treacy,Fremantle,0.154294783810852
2026,8,Western Bulldogs,Fremantle,13129,Patrick,Voss,Fremantle,0.012637186129563776
2026,8,Western Bulldogs,Fremantle,12453,Corey,Wagner,Fremantle,0.013480496412607157
2026,8,Western Bulldogs,Fremantle,13075,Karl,Worner,Fremantle,0.02838699741965501
2026,8,Western Bulldogs,Fremantle,12777,Hayden,Young,Fremantle,0.41985894297150345
2026,8,Western Bulldogs,Fremantle,12269,Marcus,Bontempelli,Western Bulldogs,1.600134412022234
2026,8,Western Bulldogs,Fremantle,12916,Lachlan,Bramble,Western Bulldogs,0.012075827424862939
2026,8,Western Bulldogs,Fremantle,13216,Jedd,Busslinger,Western Bulldogs,0.021129743626443216
2026,8,Western Bulldogs,Fremantle,12608,Nick,Coffield,Western Bulldogs,0.015789349197225917
2026,8,Western Bulldogs,Fremantle,12354,Bailey,Dale,Western Bulldogs,0.037040979364824596
2026,8,Western Bulldogs,Fremantle,13178,Sam,Davidson,Western Bulldogs,0.007460968599450729
2026,8,Western Bulldogs,Fremantle,13179,Josh,Dolan,Western Bulldogs,0.009991994346800903
2026,8,Western Bulldogs,Fremantle,13308,Louis,Emmett,Western Bulldogs,0.01249659189659128
2026,8,Western Bulldogs,Fremantle,12537,Tim,English,Western Bulldogs,0.010682700072335965
2026,8,Western Bulldogs,Fremantle,13140,Joel,Freijah,Western Bulldogs,0.038429436527508125
2026,8,Western Bulldogs,Fremantle,13102,Harvey,Gallagher,Western Bulldogs,0.010709741496189312
2026,8,Western Bulldogs,Fremantle,13046,Arthur,Jones,Western Bulldogs,0.008270946569507725
2026,8,Western Bulldogs,Fremantle,12455,Matthew,Kennedy,Western Bulldogs,0.16115637741591066
2026,8,Western Bulldogs,Fremantle,12900,Buku,Khamis,Western Bulldogs,0.014698432720950233
2026,8,Western Bulldogs,Fremantle,13284,Will,Lewis,Western Bulldogs,0.0071856983728080855
2026,8,Western Bulldogs,Fremantle,12854,Lachlan,McNeil,Western Bulldogs,0.012733415965893313
2026,8,Western Bulldogs,Fremantle,12594,Aaron,Naughton,Western Bulldogs,0.006012250578575245
2026,8,Western Bulldogs,Fremantle,12605,Ed,Richards,Western Bulldogs,0.10922781880740708
2026,8,Western Bulldogs,Fremantle,13103,Ryley,Sanders,Western Bulldogs,0.022176472850746774
2026,8,Western Bulldogs,Fremantle,13276,Michael,Sellwood,Western Bulldogs,0.011895267027924072
2026,8,Western Bulldogs,Fremantle,12776,Laitham,Vandermeer,Western Bulldogs,0.010545692902284192
2026,8,Western Bulldogs,Fremantle,12748,Rhylee,West,Western Bulldogs,0.0007478690365120329
2026,8,Western Bulldogs,Fremantle,12441,Bailey,Williams,Western Bulldogs,0.013119619274997807
2026,8,Adelaide,Port Adelaide,12849,Sam,Berry,Adelaide,1.4858198376786798
2026,8,Adelaide,Port Adelaide,13165,Hugh,Bond,Adelaide,0.02102999398173307
2026,8,Adelaide,Port Adelaide,13086,James,Borlase,Adelaide,0.024175521860735228
2026,8,Adelaide,Port Adelaide,12829,Jordon,Butts,Adelaide,0.02345360916071994
2026,8,Adelaide,Port Adelaide,12932,Brayden,Cook,Adelaide,0.09776907414562992
2026,8,Adelaide,Port Adelaide,12629,Isaac,Cumming,Adelaide,0.021441321188545904
2026,8,Adelaide,Port Adelaide,13132,Daniel,Curtin,Adelaide,0.01854743290091475
2026,8,Adelaide,Port Adelaide,12434,Ben,Keays,Adelaide,0.19141046559525096
2026,8,Adelaide,Port Adelaide,12165,Rory,Laird,Adelaide,0.030853484183802505
2026,8,Adelaide,Port Adelaide,13065,Lachlan,McAndrew,Adelaide,0.020625524924444017
2026,8,Adelaide,Port Adelaide,13027,Max,Michalanney,Adelaide,0.02288112141104089
2026,8,Adelaide,Port Adelaide,12405,Wayne,Milera,Adelaide,0.593530516049172
2026,8,Adelaide,Port Adelaide,13280,Toby,Murray,Adelaide,0.02194931907433641
2026,8,Adelaide,Port Adelaide,12367,Alex,Neal-Bullen,Adelaide,0.020445624098759097
2026,8,Adelaide,Port Adelaide,12934,James,Peatling,Adelaide,0.11206569907556725
2026,8,Adelaide,Port Adelaide,12921,Luke,Pedlar,Adelaide,0.020310054621925717
2026,8,Adelaide,Port Adelaide,12953,Josh,Rachele,Adelaide,0.16013086367601154
2026,8,Adelaide,Port Adelaide,12798,Izak,Rankine,Adelaide,0.1699608940443825
2026,8,Adelaide,Port Adelaide,12952,Jake,Soligo,Adelaide,0.06585379154720995
2026,8,Adelaide,Port Adelaide,13159,Zac,Taylor,Adelaide,0.020637506954770724
2026,8,Adelaide,Port Adelaide,12892,Riley,Thilthorpe,Adelaide,0.035803685431549354
2026,8,Adelaide,Port Adelaide,11713,Taylor,Walker,Adelaide,0.012262345493063171
2026,8,Adelaide,Port Adelaide,12912,Josh,Worrell,Adelaide,0.03259024070501475
2026,8,Adelaide,Port Adelaide,12433,Aliir,Aliir,Port Adelaide,0.5641126975132887
2026,8,Adelaide,Port Adelaide,12867,Miles,Bergman,Port Adelaide,0.025166450178333816
2026,8,Adelaide,Port Adelaide,13188,Joe,Berry,Port Adelaide,0.015215153915567676
2026,8,Adelaide,Port Adelaide,13007,Jase,Burgoyne,Port Adelaide,0.02059988702529338
2026,8,Adelaide,Port Adelaide,12698,Zak,Butters,Port Adelaide,0.6002252659155084
2026,8,Adelaide,Port Adelaide,12422,Darcy,Byrne-Jones,Port Adelaide,0.01711338701112643
2026,8,Adelaide,Port Adelaide,12695,Willem,Drew,Port Adelaide,0.0340422865937479
2026,8,Adelaide,Port Adelaide,12936,Corey,Durdin,Port Adelaide,0.019170774195090074
2026,8,Adelaide,Port Adelaide,13156,Logan,Evans,Port Adelaide,0.0307148469816721
2026,8,Adelaide,Port Adelaide,12664,Kane,Farrell,Port Adelaide,0.01661158799136055
2026,8,Adelaide,Port Adelaide,12766,Mitch,Georgiades,Port Adelaide,0.054884661956369096
2026,8,Adelaide,Port Adelaide,12956,Jason,Horne-Francis,Port Adelaide,0.12713780418256135
2026,8,Adelaide,Port Adelaide,12882,Lachie,Jones,Port Adelaide,0.020197989511761872
2026,8,Adelaide,Port Adelaide,13301,Josh,Lai,Port Adelaide,0.021076463730040313
2026,8,Adelaide,Port Adelaide,13269,Ewan,Mackinlay,Port Adelaide,0.019467180651319544
2026,8,Adelaide,Port Adelaide,12575,Todd,Marshall,Port Adelaide,0.020710706164909377
2026,8,Adelaide,Port Adelaide,13199,Christian,Moraes,Port Adelaide,0.017324021860813738
2026,8,Adelaide,Port Adelaide,13139,Joe,Richards,Port Adelaide,0.02313696665964442
2026,8,Adelaide,Port Adelaide,12890,Jordon,Sweet,Port Adelaide,0.04530465807349335
2026,8,Adelaide,Port Adelaide,13073,Dante,Visentini,Port Adelaide,0.021047730178411318
2026,8,Adelaide,Port Adelaide,12991,Jacob,Wehr,Port Adelaide,0.029008646854452053
2026,8,Adelaide,Port Adelaide,13259,Jack,Whitlock,Port Adelaide,0.017334400700111514
2026,8,Adelaide,Port Adelaide,12150,Ollie,Wines,Port Adelaide,1.01684850435717
2026,8,Essendon,Brisbane Lions,12277,Charlie,Cameron,Brisbane Lions,0.010512711657079588
2026,8,Essendon,Brisbane Lions,12340,Harris,Andrews,Brisbane Lions,0.017157828147271854
2026,8,Essendon,Brisbane Lions,13197,Levi,Ashcroft,Brisbane Lions,0.019796291626062883
2026,8,Essendon,Brisbane Lions,13040,Will,Ashcroft,Brisbane Lions,0.2406209632452946
2026,8,Essendon,Brisbane Lions,12610,Zac,Bailey,Brisbane Lions,0.8158435354268955
2026,8,Essendon,Brisbane Lions,12838,Keidean,Coleman,Brisbane Lions,0.01688865122897116
2026,8,Essendon,Brisbane Lions,13319,Cody,Curtin,Brisbane Lions,0.010436842635944516
2026,8,Essendon,Brisbane Lions,12810,Sam,Draper,Brisbane Lions,0.0163193097881335
2026,8,Essendon,Brisbane Lions,12408,Josh,Dunkley,Brisbane Lions,0.08643014109017139
2026,8,Essendon,Brisbane Lions,13072,Jaspa,Fletcher,Brisbane Lions,0.01811960461572692
2026,8,Essendon,Brisbane Lions,12724,Darcy,Fort,Brisbane Lions,0.025970051532647233
2026,8,Essendon,Brisbane Lions,13235,Ty,Gallop,Brisbane Lions,0.017777399917299312
2026,8,Essendon,Brisbane Lions,11894,Ryan,Lester,Brisbane Lions,0.08369854615844993
2026,8,Essendon,Brisbane Lions,12968,Kai,Lohmann,Brisbane Lions,0.3304735159150576
2026,8,Essendon,Brisbane Lions,12090,Lincoln,McCarthy,Brisbane Lions,0.007184307714777705
2026,8,Essendon,Brisbane Lions,12518,Hugh,McCluggage,Brisbane Lions,1.2527329764229052
2026,8,Essendon,Brisbane Lions,12391,Conor,McKenna,Brisbane Lions,0.02602523718994306
2026,8,Essendon,Brisbane Lions,13137,Logan,Morris,Brisbane Lions,0.23234109361583297
2026,8,Essendon,Brisbane Lions,12055,Lachie,Neale,Brisbane Lions,0.5772875752548028
2026,8,Essendon,Brisbane Lions,12592,Cam,Rayner,Brisbane Lions,0.1491969400062997
2026,8,Essendon,Brisbane Lions,13138,Bruce,Reville,Brisbane Lions,0.010254315645667667
2026,8,Essendon,Brisbane Lions,13026,Darcy,Wilmot,Brisbane Lions,1.5677820620003824
2026,8,Essendon,Brisbane Lions,12076,Dayne,Zorko,Brisbane Lions,0.13383606840566467
2026,8,Essendon,Brisbane Lions,13237,Lachlan,Blakiston,Essendon,0.006172110324898889
2026,8,Essendon,Brisbane Lions,13148,Nate,Caddy,Essendon,0.0
2026,8,Essendon,Brisbane Lions,12755,Jye,Caldwell,Essendon,0.014956436626858327
2026,8,Essendon,Brisbane Lions,12852,Nik,Cox,Essendon,0.006233707454153631
2026,8,Essendon,Brisbane Lions,13223,Archer,Day-Wicks,Essendon,0.007488847952350381
2026,8,Essendon,Brisbane Lions,12925,Sam,Durham,Essendon,0.04324177981643921
2026,8,Essendon,Brisbane Lions,12696,Xavier,Duursma,Essendon,0.006418595054230475
2026,8,Essendon,Brisbane Lions,13198,Tom,Edwards,Essendon,0.006861253076426094
2026,8,Essendon,Brisbane Lions,13203,Saad,El-Hawli,Essendon,0.013193084933449612
2026,8,Essendon,Brisbane Lions,13299,Jacob,Farrow,Essendon,0.008116291699980955
2026,8,Essendon,Brisbane Lions,12415,Jade,Gresham,Essendon,0.007127902907943318
2026,8,Essendon,Brisbane Lions,13282,Max,Kondogiannis,Essendon,0.006297158110718565
2026,8,Essendon,Brisbane Lions,12349,Kyle,Langford,Essendon,0.0
2026,8,Essendon,Brisbane Lions,12491,Andrew,McGrath,Essendon,0.0007656790023002295
2026,8,Essendon,Brisbane Lions,12580,Ben,McKay,Essendon,0.010108335810516367
2026,8,Essendon,Brisbane Lions,12241,Zach,Merrett,Essendon,0.04589174198744061
2026,8,Essendon,Brisbane Lions,13258,Jayden,Nguyen,Essendon,0.0036183901369413133
2026,8,Essendon,Brisbane Lions,12874,Jaxon,Prior,Essendon,0.010435141706203322
2026,8,Essendon,Brisbane Lions,12889,Zach,Reid,Essendon,0.009498556033405265
2026,8,Essendon,Brisbane Lions,13168,Archie,Roberts,Essendon,0.0049812319009661325
2026,8,Essendon,Brisbane Lions,13307,Sullivan,Robey,Essendon,0.03941068795311047
2026,8,Essendon,Brisbane Lions,13283,Dyson,Sharp,Essendon,0.012439638305932943
2026,8,Essendon,Brisbane Lions,12366,Peter,Wright,Essendon,0.07005745996290996
2026,8,West Coast,Richmond,12712,Jack,Ross,Richmond,1.276777754228762
2026,8,West Coast,Richmond,12686,Noah,Balta,Richmond,2.029490164087605
2026,8,West Coast,Richmond,12456,Nathan,Broad,Richmond,0.0
2026,8,West Coast,Richmond,13096,Tom,Brown,Richmond,0.0
2026,8,West Coast,Richmond,13315,Tom,Burton,Richmond,0.0
2026,8,West Coast,Richmond,13100,Seth,Campbell,Richmond,0.22343907166130358
2026,8,West Coast,Richmond,13316,Sam,Cumming,Richmond,0.010562581854183468
2026,8,West Coast,Richmond,13214,Jonty,Faull,Richmond,0.0
2026,8,West Coast,Richmond,13218,Campbell,Gray,Richmond,0.0
2026,8,West Coast,Richmond,13145,Steely,Green,Richmond,0.0
2026,8,West Coast,Richmond,13290,Sam,Grlj,Richmond,0.0
2026,8,West Coast,Richmond,13309,Oliver,Hayes-Brown,Richmond,0.0
2026,8,West Coast,Richmond,12440,Jacob,Hopper,Richmond,0.014146441677132048
2026,8,West Coast,Richmond,13113,Mykelti,Lefau,Richmond,0.0
2026,8,West Coast,Richmond,11948,Tom,Lynch,Richmond,0.0
2026,8,West Coast,Richmond,13117,Kane,McAuliffe,Richmond,0.44552652709389934
2026,8,West Coast,Richmond,12941,Ben,Miller,Richmond,0.0
2026,8,West Coast,Richmond,11917,Dion,Prestia,Richmond,0.0
2026,8,West Coast,Richmond,13313,Patrick,Retschko,Richmond,0.0
2026,8,West Coast,Richmond,12418,Jayden,Short,Richmond,0.0
2026,8,West Coast,Richmond,13014,Tyler,Sonsie,Richmond,0.0
2026,8,West Coast,Richmond,13095,James,Trezise,Richmond,0.0
2026,8,West Coast,Richmond,12174,Nick,Vlastuin,Richmond,0.0
2026,8,West Coast,Richmond,12661,Liam,Baker,West Coast,0.0
2026,8,West Coast,Richmond,13250,Malakai,Champion,West Coast,0.0
2026,8,West Coast,Richmond,12446,Tom,Cole,West Coast,0.0
2026,8,West Coast,Richmond,13210,Hamish,Davis,West Coast,0.0
2026,8,West Coast,Richmond,13291,Cooper,Duff-Tytler,West Coast,0.0
2026,8,West Coast,Richmond,12334,Liam,Duggan,West Coast,0.0
2026,8,West Coast,Richmond,13292,Willem,Duursma,West Coast,0.0
2026,8,West Coast,Richmond,13038,Reuben,Ginbey,West Coast,0.0
2026,8,West Coast,Richmond,13044,Elijah,Hewett,West Coast,0.0
2026,8,West Coast,Richmond,12957,Brady,Hough,West Coast,0.0
2026,8,West Coast,Richmond,12595,Tim,Kelly,West Coast,0.3140838044987799
2026,8,West Coast,Richmond,13293,Josh,Lindsay,West Coast,0.0
2026,8,West Coast,Richmond,13070,Ryan,Maric,West Coast,0.0
2026,8,West Coast,Richmond,13240,Tom,McCarthy,West Coast,0.0
2026,8,West Coast,Richmond,13294,Milan,Murdock,West Coast,0.0
2026,8,West Coast,Richmond,12839,Matthew,Owies,West Coast,0.0
2026,8,West Coast,Richmond,13111,Harley,Reid,West Coast,1.361337732606263
2026,8,West Coast,Richmond,12813,Harry,Schoenberg,West Coast,0.0
2026,8,West Coast,Richmond,13247,Jobe,Shanahan,West Coast,0.0
2026,8,West Coast,Richmond,12601,Jake,Waterman,West Coast,0.16111181031456043
2026,8,West Coast,Richmond,12836,Bailey,Williams,West Coast,0.0
2026,8,West Coast,Richmond,12087,Elliot,Yeo,West Coast,0.16352411197520902
2026,8,West Coast,Richmond,13043,Tylar,Young,West Coast,0.0
2026,8,Geelong,North Melbourne,12690,Tom,Atkins,Geelong,0.056152903452428245
2026,8,Geelong,North Melbourne,12499,Jack,Bowes,Geelong,0.020145314246241754
2026,8,Geelong,North Melbourne,12871,Tanner,Bruhn,Geelong,0.053295728887320724
2026,8,Geelong,North Melbourne,12017,Jeremy,Cameron,Geelong,0.5921566150126969
2026,8,Geelong,North Melbourne,12806,Brad,Close,Geelong,0.01878839898501198
2026,8,Geelong,North Melbourne,11700,Patrick,Dangerfield,Geelong,0.07170371541071319
2026,8,Geelong,North Melbourne,12891,Sam,De Koning,Geelong,0.03261266650800996
2026,8,Geelong,North Melbourne,12974,Oliver,Dempsey,Geelong,0.021553756153370025
2026,8,Geelong,North Melbourne,13285,Mitchell,Edwards,Geelong,0.027655318433930105
2026,8,Geelong,North Melbourne,12551,Zach,Guthrie,Geelong,0.037442745576102714
2026,8,Geelong,North Melbourne,12851,Oliver,Henry,Geelong,0.016238325867111415
2026,8,Geelong,North Melbourne,12881,Max,Holmes,Geelong,2.1765315297489227
2026,8,Geelong,North Melbourne,13160,Lawson,Humphries,Geelong,0.02379274941733995
2026,8,Geelong,North Melbourne,12370,Jake,Kolodjashnij,Geelong,0.020176032179275723
2026,8,Geelong,North Melbourne,13104,Shaun,Mannagh,Geelong,0.9135915051831386
2026,8,Geelong,North Melbourne,12236,Jack,Martin,Geelong,0.027344933399386213
2026,8,Geelong,North Melbourne,13066,Oisin,Mullin,Geelong,0.059668220470530185
2026,8,Geelong,North Melbourne,12992,Shannon,Neale,Geelong,0.055625309977820885
2026,8,Geelong,North Melbourne,12531,Mark,OConnor,Geelong,0.02525725210300076
2026,8,Geelong,North Melbourne,13122,Connor,OSullivan,Geelong,0.0
2026,8,Geelong,North Melbourne,12692,Bailey,Smith,Geelong,0.3939464784845041
2026,8,Geelong,North Melbourne,12505,Tom,Stewart,Geelong,0.029749961058795883
2026,8,Geelong,North Melbourne,12619,James,Worpel,Geelong,0.08588126944525015
2026,8,Geelong,North Melbourne,13287,Tom,Blamires,North Melbourne,0.024153253019969657
2026,8,Geelong,North Melbourne,12938,Charlie,Comben,North Melbourne,0.02464467588915465
2026,8,Geelong,North Melbourne,12181,Aidan,Corr,North Melbourne,0.02092921142604668
2026,8,Geelong,North Melbourne,12975,Paul,Curtis,North Melbourne,0.011993899726831576
2026,8,Geelong,North Melbourne,12373,Caleb,Daniel,North Melbourne,0.011078507957006219
2026,8,Geelong,North Melbourne,11905,Jack,Darling,North Melbourne,0.0
2026,8,Geelong,North Melbourne,12590,Luke,Davies-Uniacke,North Melbourne,0.051356604236445315
2026,8,Geelong,North Melbourne,13288,Lachy,Dovaston,North Melbourne,0.01749452230419033
2026,8,Geelong,North Melbourne,13106,Zane,Duursma,North Melbourne,0.012740080369125086
2026,8,Geelong,North Melbourne,12563,Nick,Larkey,North Melbourne,0.008952540912149677
2026,8,Geelong,North Melbourne,12511,Griffin,Logue,North Melbourne,0.01947210374469558
2026,8,Geelong,North Melbourne,12246,Luke,McDonald,North Melbourne,0.01948188495834064
2026,8,Geelong,North Melbourne,13107,Colby,McKercher,North Melbourne,0.018799190354640345
2026,8,Geelong,North Melbourne,13187,Finn,OSullivan,North Melbourne,0.022115681221199508
2026,8,Geelong,North Melbourne,11953,Luke,Parker,North Melbourne,0.0
2026,8,Geelong,North Melbourne,12866,Tom,Powell,North Melbourne,0.018675012764820538
2026,8,Geelong,North Melbourne,13034,Harry,Sheezel,North Melbourne,0.02595817702806378
2026,8,Geelong,North Melbourne,12502,Jy,Simpkin,North Melbourne,0.09643161812858725
2026,8,Geelong,North Melbourne,12622,Charlie,Spargo,North Melbourne,0.017898594468541952
2026,8,Geelong,North Melbourne,12796,Dylan,Stephens,North Melbourne,0.017611814062386134
2026,8,Geelong,North Melbourne,13263,Cooper,Trembath,North Melbourne,0.023420098130451907
2026,8,Geelong,North Melbourne,12788,Tristan,Xerri,North Melbourne,0.7548596202144741
2026,8,Geelong,North Melbourne,12557,Cameron,Zurhaar,North Melbourne,0.02262217908470316
2026,8,Carlton,St Kilda,12498,Ben,Ainsworth,Carlton,0.00276374772760893
2026,8,Carlton,St Kilda,13212,Matt,Carroll,Carlton,0.0011175244225295495
2026,8,Carlton,St Kilda,12603,Adam,Cerra,Carlton,0.026878537364652386
2026,8,Carlton,St Kilda,12822,Matthew,Cottrell,Carlton,0.0
2026,8,Carlton,St Kilda,13028,Lachlan,Cowan,Carlton,0.0008517976740312643
2026,8,Carlton,St Kilda,12261,Patrick,Cripps,Carlton,0.0
2026,8,Carlton,St Kilda,13273,Harry,Dean,Carlton,0.004272635310922703
2026,8,Carlton,St Kilda,12873,Francis,Evans,Carlton,0.0
2026,8,Carlton,St Kilda,12497,Oliver,Florent,Carlton,0.07942315161190108
2026,8,Carlton,St Kilda,12091,Nick,Haynes,Carlton,0.0
2026,8,Carlton,St Kilda,12509,Will,Hayward,Carlton,0.0
2026,8,Carlton,St Kilda,13029,Oliver,Hollands,Carlton,0.0
2026,8,Carlton,St Kilda,12937,Brodie,Kemp,Carlton,0.007881721644485752
2026,8,Carlton,St Kilda,12404,Mitch,McGovern,Carlton,0.0
2026,8,Carlton,St Kilda,12566,Harry,McKay,Carlton,0.0
2026,8,Carlton,St Kilda,12508,Nic,Newman,Carlton,0.0
2026,8,Carlton,St Kilda,12417,Marc,Pittonet,Carlton,0.002020383341462902
2026,8,Carlton,St Kilda,13172,Liam,Reidy,Carlton,0.0010885330818989365
2026,8,Carlton,St Kilda,12330,Adam,Saad,Carlton,0.0
2026,8,Carlton,St Kilda,13274,Jagga,Smith,Carlton,1.4693051016341735e-05
2026,8,Carlton,St Kilda,12684,Sam,Walsh,Carlton,0.042637435769214596
2026,8,Carlton,St Kilda,12402,Jacob,Weitering,Carlton,0.01608753820048979
2026,8,Carlton,St Kilda,12175,Zac,Williams,Carlton,0.0
2026,8,Carlton,St Kilda,12490,Dan,Butler,St Kilda,0.0017609721568076515
2026,8,Carlton,St Kilda,13035,Anthony,Caminiti,St Kilda,0.004224387713157864
2026,8,Carlton,St Kilda,12976,Jack,Carroll,St Kilda,0.0041782316071303244
2026,8,Carlton,St Kilda,12674,Tom,De Koning,St Kilda,0.047849827859731076
2026,8,Carlton,St Kilda,12824,Sam,Flanders,St Kilda,0.051088670301268624
2026,8,Carlton,St Kilda,13125,Hugo,Garcia,St Kilda,0.04603770957232406
2026,8,Carlton,St Kilda,13193,Max,Hall,St Kilda,0.12260397247330593
2026,8,Carlton,St Kilda,12831,Liam,Henry,St Kilda,0.04071317622038176
2026,8,Carlton,St Kilda,12060,Bradley,Hill,St Kilda,0.15432897397533438
2026,8,Carlton,St Kilda,12420,Dougal,Howard,St Kilda,0.009297563127884255
2026,8,Carlton,St Kilda,12166,Jack,Macrae,St Kilda,0.031663386451440914
2026,8,Carlton,St Kilda,12564,Rowan,Marshall,St Kilda,2.519628526965338
2026,8,Carlton,St Kilda,13194,Liam,OConnell,St Kilda,0.0
2026,8,Carlton,St Kilda,12948,Mitch,Owens,St Kilda,0.09560384013022814
2026,8,Carlton,St Kilda,13036,Mattaes,Phillipou,St Kilda,0.0131424908555272
2026,8,Carlton,St Kilda,12929,Cooper,Sharman,St Kilda,0.5628547435353031
2026,8,Carlton,St Kilda,12458,Jack,Silvagni,St Kilda,0.004567656643777731
2026,8,Carlton,St Kilda,12325,Jack,Sinclair,St Kilda,0.19819317366802008
2026,8,Carlton,St Kilda,12721,Liam,Stocker,St Kilda,0.0026123491997776544
2026,8,Carlton,St Kilda,12950,Nasiah,Wanganeen-Milera,St Kilda,1.8430580496140343
2026,8,Carlton,St Kilda,12703,Callum,Wilkie,St Kilda,0.034224869415708126
2026,8,Carlton,St Kilda,12967,Marcus,Windhager,St Kilda,0.01797957912153704
2026,8,Carlton,St Kilda,12312,Mason,Wood,St Kilda,0.00935015019904205
2026,8,Sydney,Melbourne,12756,Kade,Chandler,Melbourne,0.0
2026,8,Sydney,Melbourne,13300,Paddy,Cross,Melbourne,0.0
2026,8,Sydney,Melbourne,12598,Bayley,Fritsch,Melbourne,0.0
2026,8,Sydney,Melbourne,11966,Max,Gawn,Melbourne,0.04328992489142967
2026,8,Sydney,Melbourne,13254,Max,Heath,Melbourne,0.0
2026,8,Sydney,Melbourne,13098,Blake,Howes,Melbourne,0.0
2026,8,Sydney,Melbourne,13182,Matthew,Jefferson,Melbourne,0.0
2026,8,Sydney,Melbourne,12752,Changkuoth,Jiath,Melbourne,0.0
2026,8,Sydney,Melbourne,12393,Ed,Langdon,Melbourne,0.0
2026,8,Sydney,Melbourne,13184,Harvey,Langford,Melbourne,0.0
2026,8,Sydney,Melbourne,13032,Bailey,Laurie,Melbourne,0.0
2026,8,Sydney,Melbourne,12351,Jake,Lever,Melbourne,0.0
2026,8,Sydney,Melbourne,12639,Brody,Mihocek,Melbourne,0.0
2026,8,Sydney,Melbourne,12653,Harry,Petty,Melbourne,0.0
2026,8,Sydney,Melbourne,12771,Kysaiah,Pickett,Melbourne,0.11987433528042474
2026,8,Sydney,Melbourne,13286,Latrelle,Pickett,Melbourne,0.0
2026,8,Sydney,Melbourne,12864,Harry,Sharp,Melbourne,0.0
2026,8,Sydney,Melbourne,12693,Tom,Sparrow,Melbourne,0.0
2026,8,Sydney,Melbourne,12368,Jack,Steele,Melbourne,0.011900191936543285
2026,8,Sydney,Melbourne,13123,Koltyn,Tholstrup,Melbourne,0.0
2026,8,Sydney,Melbourne,12996,Daniel,Turner,Melbourne,0.0
2026,8,Sydney,Melbourne,13048,Jacob,van Rooyen,Melbourne,0.0
2026,8,Sydney,Melbourne,13099,Caleb,Windsor,Melbourne,0.0037053721227479977
2026,8,Sydney,Melbourne,12844,Joel,Amartey,Sydney,0.1497610940056369
2026,8,Sydney,Melbourne,13195,Riley,Bice,Sydney,0.0
2026,8,Sydney,Melbourne,12699,Nick,Blakey,Sydney,0.12863517828512316
2026,8,Sydney,Melbourne,13317,Billy,Cootee,Sydney,0.0
2026,8,Sydney,Melbourne,12421,Charlie,Curnow,Sydney,0.0
2026,8,Sydney,Melbourne,13318,Will,Edwards,Sydney,0.0
2026,8,Sydney,Melbourne,12217,Brodie,Grundy,Sydney,1.3998080582851493
2026,8,Sydney,Melbourne,12326,Isaac,Heeney,Sydney,1.4317300083267166
2026,8,Sydney,Melbourne,12860,James,Jordon,Sydney,0.0
2026,8,Sydney,Melbourne,12268,Jake,Lloyd,Sydney,0.0
2026,8,Sydney,Melbourne,12861,Logan,McDonald,Sydney,0.0
2026,8,Sydney,Melbourne,12711,Justin,McInerney,Sydney,0.30523146399180584
2026,8,Sydney,Melbourne,12526,Lewis,Melican,Sydney,0.0
2026,8,Sydney,Melbourne,12413,Callum,Mills,Sydney,0.09967795866832915
2026,8,Sydney,Melbourne,12412,Tom,Papley,Sydney,0.0
2026,8,Sydney,Melbourne,12140,Dane,Rampe,Sydney,0.0
2026,8,Sydney,Melbourne,12994,Matt,Roberts,Sydney,0.0
2026,8,Sydney,Melbourne,12903,Malcolm,Rosas,Sydney,2.228471211365416
2026,8,Sydney,Melbourne,12714,James,Rowbottom,Sydney,0.0
2026,8,Sydney,Melbourne,13022,Jai,Serong,Sydney,0.0
2026,8,Sydney,Melbourne,12951,Angus,Sheldrick,Sydney,0.0
2026,8,Sydney,Melbourne,12797,Chad,Warner,Sydney,0.07791520284399903
2026,8,Sydney,Melbourne,12818,Sam,Wicks,Sydney,0.0
2026,8,Gold Coast,Greater Western Sydney,13251,Oscar,Adams,Gold Coast,0.002189138739589787
2026,8,Gold Coast,Greater Western Sydney,12767,Noah,Anderson,Gold Coast,0.2871427942821889
2026,8,Gold Coast,Greater Western Sydney,13019,Mac,Andrew,Gold Coast,0.07413512042209347
2026,8,Gold Coast,Greater Western Sydney,13119,Sam,Clohesy,Gold Coast,0.0032268137014116755
2026,8,Gold Coast,Greater Western Sydney,12444,Sam,Collins,Gold Coast,0.008271080405373445
2026,8,Gold Coast,Greater Western Sydney,12942,Alex,Davies,Gold Coast,0.042889458968911706
2026,8,Gold Coast,Greater Western Sydney,13120,Will,Graham,Gold Coast,0.0028901920118558095
2026,8,Gold Coast,Greater Western Sydney,13272,Lachlan,Gulbin,Gold Coast,0.001979437730650348
2026,8,Gold Coast,Greater Western Sydney,13049,Bailey,Humphrey,Gold Coast,0.011076326669952731
2026,8,Gold Coast,Greater Western Sydney,12933,Joel,Jeffrey,Gold Coast,0.02843022209542813
2026,8,Gold Coast,Greater Western Sydney,12728,Ben,King,Gold Coast,0.020303958928500232
2026,8,Gold Coast,Greater Western Sydney,13232,Leo,Lombard,Gold Coast,0.0036593394746776437
2026,8,Gold Coast,Greater Western Sydney,12521,Ben,Long,Gold Coast,0.009061046619739251
2026,8,Gold Coast,Greater Western Sydney,12331,Touk,Miller,Gold Coast,0.08573061138574392
2026,8,Gold Coast,Greater Western Sydney,13050,Ned,Moyle,Gold Coast,0.0067755661087569325
2026,8,Gold Coast,Greater Western Sydney,12743,John,Noble,Gold Coast,1.8740357615082464
2026,8,Gold Coast,Greater Western Sydney,12430,Christian,Petracca,Gold Coast,2.210099851922142
2026,8,Gold Coast,Greater Western Sydney,12652,Wil,Powell,Gold Coast,0.05494929584549704
2026,8,Gold Coast,Greater Western Sydney,13121,Ethan,Read,Gold Coast,0.007327860002110486
2026,8,Gold Coast,Greater Western Sydney,12403,Daniel,Rioli,Gold Coast,0.019588048804807204
2026,8,Gold Coast,Greater Western Sydney,12923,Jamarra,Ugle-Hagan,Gold Coast,0.09111862599928916
2026,8,Gold Coast,Greater Western Sydney,13041,Bodhi,Uwland,Gold Coast,0.15465657381361075
2026,8,Gold Coast,Greater Western Sydney,12385,Lachie,Weller,Gold Coast,0.026886049620675936
2026,8,Gold Coast,Greater Western Sydney,13020,Leek,Aleer,Greater Western Sydney,0.0008601547314418274
2026,8,Gold Coast,Greater Western Sydney,13001,Ryan,Angwin,Greater Western Sydney,0.0013903373786666746
2026,8,Gold Coast,Greater Western Sydney,12782,Lachie,Ash,Greater Western Sydney,0.013224629013971327
2026,8,Gold Coast,Greater Western Sydney,12772,Toby,Bedford,Greater Western Sydney,0.0
2026,8,Gold Coast,Greater Western Sydney,12904,Kieren,Briggs,Greater Western Sydney,0.0
2026,8,Gold Coast,Greater Western Sydney,12846,Jack,Buckley,Greater Western Sydney,0.0005784105949730185
2026,8,Gold Coast,Greater Western Sydney,13054,Aaron,Cadman,Greater Western Sydney,0.0
2026,8,Gold Coast,Greater Western Sydney,12969,Finn,Callaghan,Greater Western Sydney,0.39141475850548807
2026,8,Gold Coast,Greater Western Sydney,12028,Stephen,Coniglio,Greater Western Sydney,0.0
2026,8,Gold Coast,Greater Western Sydney,12656,Brent,Daniels,Greater Western Sydney,0.006825682472456561
2026,8,Gold Coast,Greater Western Sydney,13164,Joe,Fonti,Greater Western Sydney,0.0
2026,8,Gold Coast,Greater Western Sydney,13279,Phoenix,Gothard,Greater Western Sydney,0.0
2026,8,Gold Coast,Greater Western Sydney,12025,Toby,Greene,Greater Western Sydney,0.0017738730662749686
2026,8,Gold Coast,Greater Western Sydney,12462,Harry,Himmelberg,Greater Western Sydney,0.0
2026,8,Gold Coast,Greater Western Sydney,12321,Jesse,Hogan,Greater Western Sydney,0.0
2026,8,Gold Coast,Greater Western Sydney,12750,Connor,Idun,Greater Western Sydney,0.0
2026,8,Gold Coast,Greater Western Sydney,12377,Jayden,Laverde,Greater Western Sydney,0.0032194854283071356
2026,8,Gold Coast,Greater Western Sydney,13174,James,Leake,Greater Western Sydney,0.0009418359853034259
2026,8,Gold Coast,Greater Western Sydney,12821,Xavier,OHalloran,Greater Western Sydney,0.01499552224478866
2026,8,Gold Coast,Greater Western Sydney,12410,Clayton,Oliver,Greater Western Sydney,0.4751061922356274
2026,8,Gold Coast,Greater Western Sydney,12167,Jake,Stringer,Greater Western Sydney,0.0
2026,8,Gold Coast,Greater Western Sydney,13101,Harvey,Thomas,Greater Western Sydney,0.004400926181260494
2026,8,Gold Coast,Greater Western Sydney,12143,Lachie,Whitfield,Greater Western Sydney,0.05884501709858719
2026,9,Fremantle,Hawthorn,12983,Jye,Amiss,Fremantle,0.0
2026,9,Fremantle,Hawthorn,12535,Shai,Bolton,Fremantle,0.0322633662474795
2026,9,Fremantle,Hawthorn,12589,Andrew,Brayshaw,Fremantle,0.18189884179099972
2026,9,Fremantle,Hawthorn,12875,Heath,Chapman,Fremantle,0.0
2026,9,Fremantle,Hawthorn,12688,Jordan,Clark,Fremantle,0.0
2026,9,Fremantle,Hawthorn,12544,Brennan,Cox,Fremantle,0.0
2026,9,Fremantle,Hawthorn,12428,Mason,Cox,Fremantle,0.0
2026,9,Fremantle,Hawthorn,13204,Isaiah,Dudley,Fremantle,0.0
2026,9,Fremantle,Hawthorn,12966,Neil,Erasmus,Fremantle,0.0
2026,9,Fremantle,Hawthorn,12801,Michael,Frederick,Fremantle,0.46053015219652726
2026,9,Fremantle,Hawthorn,12779,Luke,Jackson,Fremantle,1.7820039393480291
2026,9,Fremantle,Hawthorn,13047,Matthew,Johnson,Fremantle,0.0
2026,9,Fremantle,Hawthorn,13033,Judd,McVee,Fremantle,0.0
2026,9,Fremantle,Hawthorn,12352,Alex,Pearce,Fremantle,0.0
2026,9,Fremantle,Hawthorn,13180,Murphy,Reid,Fremantle,0.029993757415079966
2026,9,Fremantle,Hawthorn,12542,Luke,Ryan,Fremantle,0.0
2026,9,Fremantle,Hawthorn,12786,Caleb,Serong,Fremantle,1.134869158271917
2026,9,Fremantle,Hawthorn,12672,Sam,Switkowski,Fremantle,0.0
2026,9,Fremantle,Hawthorn,12887,Josh,Treacy,Fremantle,0.0029515620876927745
2026,9,Fremantle,Hawthorn,13129,Patrick,Voss,Fremantle,0.0
2026,9,Fremantle,Hawthorn,12453,Corey,Wagner,Fremantle,0.0
2026,9,Fremantle,Hawthorn,13075,Karl,Worner,Fremantle,0.0
2026,9,Fremantle,Hawthorn,12777,Hayden,Young,Fremantle,0.034382973466538624
2026,9,Fremantle,Hawthorn,12357,Karl,Amon,Hawthorn,0.0630935018102759
2026,9,Fremantle,Hawthorn,12383,Tom,Barrass,Hawthorn,0.0
2026,9,Fremantle,Hawthorn,12558,Josh,Battle,Hawthorn,0.0
2026,9,Fremantle,Hawthorn,12988,Sam,Butler,Hawthorn,0.0
2026,9,Fremantle,Hawthorn,12998,Massimo,DAmbrosio,Hawthorn,0.0
2026,9,Fremantle,Hawthorn,12927,Jack,Ginnivan,Hawthorn,0.0
2026,9,Fremantle,Hawthorn,11845,Jack,Gunston,Hawthorn,1.9253603279848146
2026,9,Fremantle,Hawthorn,12469,Blake,Hardwick,Hawthorn,0.0
2026,9,Fremantle,Hawthorn,12237,Jarman,Impey,Hawthorn,0.0
2026,9,Fremantle,Hawthorn,12636,Mitch,Lewis,Hawthorn,0.0
2026,9,Fremantle,Hawthorn,12954,Connor,Macdonald,Hawthorn,0.0
2026,9,Fremantle,Hawthorn,13031,Cam,Mackenzie,Hawthorn,0.0
2026,9,Fremantle,Hawthorn,12856,Lloyd,Meek,Hawthorn,0.0
2026,9,Fremantle,Hawthorn,12710,Dylan,Moore,Hawthorn,0.0
2026,9,Fremantle,Hawthorn,12670,Conor,Nash,Hawthorn,0.04076021808155715
2026,9,Fremantle,Hawthorn,12915,Jai,Newcombe,Hawthorn,0.3118922012978491
2026,9,Fremantle,Hawthorn,13058,Max,Ramsden,Hawthorn,0.0
2026,9,Fremantle,Hawthorn,12906,Ned,Reeves,Hawthorn,0.0
2026,9,Fremantle,Hawthorn,13320,Bodie,Ryan,Hawthorn,0.0
2026,9,Fremantle,Hawthorn,12332,James,Sicily,Hawthorn,0.0
2026,9,Fremantle,Hawthorn,12955,Josh,Ward,Hawthorn,0.0
2026,9,Fremantle,Hawthorn,13105,Nick,Watson,Hawthorn,0.0
2026,9,Fremantle,Hawthorn,13057,Josh,Weddle,Hawthorn,0.0
2026,9,Brisbane Lions,Carlton,12277,Charlie,Cameron,Brisbane Lions,0.0
2026,9,Brisbane Lions,Carlton,12340,Harris,Andrews,Brisbane Lions,0.0
2026,9,Brisbane Lions,Carlton,13197,Levi,Ashcroft,Brisbane Lions,0.10010443585108007
2026,9,Brisbane Lions,Carlton,13040,Will,Ashcroft,Brisbane Lions,0.13922607794490907
2026,9,Brisbane Lions,Carlton,12610,Zac,Bailey,Brisbane Lions,0.0032442719061815655
2026,9,Brisbane Lions,Carlton,12838,Keidean,Coleman,Brisbane Lions,0.009877704211760775
2026,9,Brisbane Lions,Carlton,13319,Cody,Curtin,Brisbane Lions,0.0
2026,9,Brisbane Lions,Carlton,12810,Sam,Draper,Brisbane Lions,0.002544516049398272
2026,9,Brisbane Lions,Carlton,12408,Josh,Dunkley,Brisbane Lions,0.07242273814390845
2026,9,Brisbane Lions,Carlton,13072,Jaspa,Fletcher,Brisbane Lions,0.002807801098707997
2026,9,Brisbane Lions,Carlton,12724,Darcy,Fort,Brisbane Lions,0.0
2026,9,Brisbane Lions,Carlton,12654,Darragh,Joyce,Brisbane Lions,0.0
2026,9,Brisbane Lions,Carlton,11894,Ryan,Lester,Brisbane Lions,0.7267127312219528
2026,9,Brisbane Lions,Carlton,12968,Kai,Lohmann,Brisbane Lions,0.0
2026,9,Brisbane Lions,Carlton,12090,Lincoln,McCarthy,Brisbane Lions,0.0
2026,9,Brisbane Lions,Carlton,12518,Hugh,McCluggage,Brisbane Lions,0.3030748722896946
2026,9,Brisbane Lions,Carlton,12391,Conor,McKenna,Brisbane Lions,0.0
2026,9,Brisbane Lions,Carlton,13137,Logan,Morris,Brisbane Lions,0.10546289637349043
2026,9,Brisbane Lions,Carlton,12055,Lachie,Neale,Brisbane Lions,2.418303235567806
2026,9,Brisbane Lions,Carlton,12592,Cam,Rayner,Brisbane Lions,0.0011283171756044635
2026,9,Brisbane Lions,Carlton,13138,Bruce,Reville,Brisbane Lions,0.066142417629538
2026,9,Brisbane Lions,Carlton,13026,Darcy,Wilmot,Brisbane Lions,0.0
2026,9,Brisbane Lions,Carlton,12076,Dayne,Zorko,Brisbane Lions,0.0
2026,9,Brisbane Lions,Carlton,13365,Billy,Wilson,Carlton,0.0
2026,9,Brisbane Lions,Carlton,12498,Ben,Ainsworth,Carlton,0.0059591255831265965
2026,9,Brisbane Lions,Carlton,13212,Matt,Carroll,Carlton,0.0
2026,9,Brisbane Lions,Carlton,12603,Adam,Cerra,Carlton,0.0
2026,9,Brisbane Lions,Carlton,13028,Lachlan,Cowan,Carlton,0.0
2026,9,Brisbane Lions,Carlton,12261,Patrick,Cripps,Carlton,1.0877892902414428
2026,9,Brisbane Lions,Carlton,13273,Harry,Dean,Carlton,0.0
2026,9,Brisbane Lions,Carlton,12873,Francis,Evans,Carlton,0.0
2026,9,Brisbane Lions,Carlton,12497,Oliver,Florent,Carlton,0.0
2026,9,Brisbane Lions,Carlton,12091,Nick,Haynes,Carlton,0.0
2026,9,Brisbane Lions,Carlton,12509,Will,Hayward,Carlton,0.18234479894997827
2026,9,Brisbane Lions,Carlton,12411,George,Hewett,Carlton,0.010503265754543063
2026,9,Brisbane Lions,Carlton,13029,Oliver,Hollands,Carlton,0.0
2026,9,Brisbane Lions,Carlton,12937,Brodie,Kemp,Carlton,0.0
2026,9,Brisbane Lions,Carlton,12404,Mitch,McGovern,Carlton,0.0
2026,9,Brisbane Lions,Carlton,12566,Harry,McKay,Carlton,0.4568825852675983
2026,9,Brisbane Lions,Carlton,12508,Nic,Newman,Carlton,0.0
2026,9,Brisbane Lions,Carlton,12417,Marc,Pittonet,Carlton,0.0
2026,9,Brisbane Lions,Carlton,12330,Adam,Saad,Carlton,0.0
2026,9,Brisbane Lions,Carlton,13274,Jagga,Smith,Carlton,0.027968733912687616
2026,9,Brisbane Lions,Carlton,12684,Sam,Walsh,Carlton,0.27750018482193956
2026,9,Brisbane Lions,Carlton,12402,Jacob,Weitering,Carlton,0.0
2026,9,Brisbane Lions,Carlton,12175,Zac,Williams,Carlton,0.0
2026,9,Port Adelaide,Western Bulldogs,12433,Aliir,Aliir,Port Adelaide,0.07752897209966722
2026,9,Port Adelaide,Western Bulldogs,12867,Miles,Bergman,Port Adelaide,0.0
2026,9,Port Adelaide,Western Bulldogs,13188,Joe,Berry,Port Adelaide,0.0
2026,9,Port Adelaide,Western Bulldogs,13007,Jase,Burgoyne,Port Adelaide,0.02156771987145783
2026,9,Port Adelaide,Western Bulldogs,12698,Zak,Butters,Port Adelaide,0.6902716137044418
2026,9,Port Adelaide,Western Bulldogs,12422,Darcy,Byrne-Jones,Port Adelaide,0.007015395554251536
2026,9,Port Adelaide,Western Bulldogs,12695,Willem,Drew,Port Adelaide,0.007622272938497371
2026,9,Port Adelaide,Western Bulldogs,12936,Corey,Durdin,Port Adelaide,0.00333565263981494
2026,9,Port Adelaide,Western Bulldogs,13156,Logan,Evans,Port Adelaide,0.0
2026,9,Port Adelaide,Western Bulldogs,12664,Kane,Farrell,Port Adelaide,0.009127765211124956
2026,9,Port Adelaide,Western Bulldogs,12766,Mitch,Georgiades,Port Adelaide,0.606344190717731
2026,9,Port Adelaide,Western Bulldogs,12956,Jason,Horne-Francis,Port Adelaide,0.04609764270726641
2026,9,Port Adelaide,Western Bulldogs,12882,Lachie,Jones,Port Adelaide,0.002780651372832865
2026,9,Port Adelaide,Western Bulldogs,13301,Josh,Lai,Port Adelaide,0.004561911397377766
2026,9,Port Adelaide,Western Bulldogs,13269,Ewan,Mackinlay,Port Adelaide,0.001230445526093965
2026,9,Port Adelaide,Western Bulldogs,13199,Christian,Moraes,Port Adelaide,0.0
2026,9,Port Adelaide,Western Bulldogs,13139,Joe,Richards,Port Adelaide,0.0
2026,9,Port Adelaide,Western Bulldogs,12890,Jordon,Sweet,Port Adelaide,0.002443985492359546
2026,9,Port Adelaide,Western Bulldogs,13073,Dante,Visentini,Port Adelaide,0.005417068193634378
2026,9,Port Adelaide,Western Bulldogs,13289,Jack,Watkins,Port Adelaide,0.0
2026,9,Port Adelaide,Western Bulldogs,12991,Jacob,Wehr,Port Adelaide,0.0
2026,9,Port Adelaide,Western Bulldogs,13259,Jack,Whitlock,Port Adelaide,0.002998339728270233
2026,9,Port Adelaide,Western Bulldogs,12150,Ollie,Wines,Port Adelaide,0.02121313255842045
2026,9,Port Adelaide,Western Bulldogs,12723,Oskar,Baker,Western Bulldogs,0.0026194349988307663
2026,9,Port Adelaide,Western Bulldogs,12269,Marcus,Bontempelli,Western Bulldogs,2.2743317768252025
2026,9,Port Adelaide,Western Bulldogs,12916,Lachlan,Bramble,Western Bulldogs,0.0014661324002672948
2026,9,Port Adelaide,Western Bulldogs,12769,Connor,Budarick,Western Bulldogs,0.032065068722658026
2026,9,Port Adelaide,Western Bulldogs,13216,Jedd,Busslinger,Western Bulldogs,0.007360674328531986
2026,9,Port Adelaide,Western Bulldogs,12608,Nick,Coffield,Western Bulldogs,0.006520690882525543
2026,9,Port Adelaide,Western Bulldogs,12354,Bailey,Dale,Western Bulldogs,0.08124688260902208
2026,9,Port Adelaide,Western Bulldogs,12537,Tim,English,Western Bulldogs,0.09502063589906459
2026,9,Port Adelaide,Western Bulldogs,13140,Joel,Freijah,Western Bulldogs,0.20730358477807762
2026,9,Port Adelaide,Western Bulldogs,13102,Harvey,Gallagher,Western Bulldogs,0.0015702906444786334
2026,9,Port Adelaide,Western Bulldogs,13213,Cooper,Hynes,Western Bulldogs,0.0004697865924057575
2026,9,Port Adelaide,Western Bulldogs,13046,Arthur,Jones,Western Bulldogs,0.010081660933108022
2026,9,Port Adelaide,Western Bulldogs,12455,Matthew,Kennedy,Western Bulldogs,0.0793526715508684
2026,9,Port Adelaide,Western Bulldogs,12900,Buku,Khamis,Western Bulldogs,0.00249469869727314
2026,9,Port Adelaide,Western Bulldogs,13284,Will,Lewis,Western Bulldogs,0.01663108902567787
2026,9,Port Adelaide,Western Bulldogs,12854,Lachlan,McNeil,Western Bulldogs,0.0
2026,9,Port Adelaide,Western Bulldogs,12594,Aaron,Naughton,Western Bulldogs,0.016208778911938344
2026,9,Port Adelaide,Western Bulldogs,12605,Ed,Richards,Western Bulldogs,0.3910111468270814
2026,9,Port Adelaide,Western Bulldogs,13103,Ryley,Sanders,Western Bulldogs,1.198663643785251
2026,9,Port Adelaide,Western Bulldogs,13276,Michael,Sellwood,Western Bulldogs,0.04735121647958201
2026,9,Port Adelaide,Western Bulldogs,13314,Lachlan,Smith,Western Bulldogs,0.00453262228360723
2026,9,Port Adelaide,Western Bulldogs,12748,Rhylee,West,Western Bulldogs,0.014140753108394336
2026,9,Port Adelaide,Western Bulldogs,12441,Bailey,Williams,Western Bulldogs,0.0
2026,9,North Melbourne,Sydney,13287,Tom,Blamires,North Melbourne,0.014017181088542108
2026,9,North Melbourne,Sydney,12938,Charlie,Comben,North Melbourne,0.02424572645047396
2026,9,North Melbourne,Sydney,12975,Paul,Curtis,North Melbourne,0.01980248292543607
2026,9,North Melbourne,Sydney,12373,Caleb,Daniel,North Melbourne,0.002976702345717397
2026,9,North Melbourne,Sydney,11905,Jack,Darling,North Melbourne,0.0
2026,9,North Melbourne,Sydney,12590,Luke,Davies-Uniacke,North Melbourne,1.9499293277247116
2026,9,North Melbourne,Sydney,13144,Wil,Dawson,North Melbourne,0.0174437989474657
2026,9,North Melbourne,Sydney,13106,Zane,Duursma,North Melbourne,0.013126831306964903
2026,9,North Melbourne,Sydney,13186,Jacob,Konstanty,North Melbourne,0.019901799933633446
2026,9,North Melbourne,Sydney,12563,Nick,Larkey,North Melbourne,0.009577242056158841
2026,9,North Melbourne,Sydney,12511,Griffin,Logue,North Melbourne,0.018081182112660993
2026,9,North Melbourne,Sydney,12246,Luke,McDonald,North Melbourne,0.015285275829461653
2026,9,North Melbourne,Sydney,13107,Colby,McKercher,North Melbourne,0.10776009330641588
2026,9,North Melbourne,Sydney,13187,Finn,OSullivan,North Melbourne,0.1417303972092808
2026,9,North Melbourne,Sydney,11953,Luke,Parker,North Melbourne,0.3516976214006856
2026,9,North Melbourne,Sydney,13034,Harry,Sheezel,North Melbourne,0.8229951732825281
2026,9,North Melbourne,Sydney,12502,Jy,Simpkin,North Melbourne,0.008986747106943638
2026,9,North Melbourne,Sydney,12622,Charlie,Spargo,North Melbourne,0.014853376081981007
2026,9,North Melbourne,Sydney,12796,Dylan,Stephens,North Melbourne,0.01312835197393225
2026,9,North Melbourne,Sydney,13263,Cooper,Trembath,North Melbourne,0.015693750004448864
2026,9,North Melbourne,Sydney,13064,George,Wardlaw,North Melbourne,0.04027545940808144
2026,9,North Melbourne,Sydney,12788,Tristan,Xerri,North Melbourne,0.11058544580779933
2026,9,North Melbourne,Sydney,12557,Cameron,Zurhaar,North Melbourne,0.03252955353909932
2026,9,North Melbourne,Sydney,12844,Joel,Amartey,Sydney,0.018630836855554667
2026,9,North Melbourne,Sydney,13195,Riley,Bice,Sydney,0.017076001714705802
2026,9,North Melbourne,Sydney,12699,Nick,Blakey,Sydney,0.17525133733745327
2026,9,North Melbourne,Sydney,13317,Billy,Cootee,Sydney,0.014752551216308502
2026,9,North Melbourne,Sydney,12015,Harry,Cunningham,Sydney,0.010014084332938433
2026,9,North Melbourne,Sydney,13318,Will,Edwards,Sydney,0.025600267901663615
2026,9,North Melbourne,Sydney,12217,Brodie,Grundy,Sydney,0.03540059827849562
2026,9,North Melbourne,Sydney,12326,Isaac,Heeney,Sydney,1.2968794667307328
2026,9,North Melbourne,Sydney,12860,James,Jordon,Sydney,0.022954384585556903
2026,9,North Melbourne,Sydney,12268,Jake,Lloyd,Sydney,0.030983087162891304
2026,9,North Melbourne,Sydney,12861,Logan,McDonald,Sydney,0.04231379959956487
2026,9,North Melbourne,Sydney,12711,Justin,McInerney,Sydney,0.058720085680736375
2026,9,North Melbourne,Sydney,12745,Hayden,McLean,Sydney,0.0512383877403392
2026,9,North Melbourne,Sydney,12526,Lewis,Melican,Sydney,0.02280116250303757
2026,9,North Melbourne,Sydney,12413,Callum,Mills,Sydney,0.052399690248553954
2026,9,North Melbourne,Sydney,12412,Tom,Papley,Sydney,0.07819975203534672
2026,9,North Melbourne,Sydney,12140,Dane,Rampe,Sydney,0.010464873291639393
2026,9,North Melbourne,Sydney,12994,Matt,Roberts,Sydney,0.016336812426203412
2026,9,North Melbourne,Sydney,12903,Malcolm,Rosas,Sydney,0.016101439067577966
2026,9,North Melbourne,Sydney,12714,James,Rowbottom,Sydney,0.023945244105645164
2026,9,North Melbourne,Sydney,12951,Angus,Sheldrick,Sydney,0.03183805015080243
2026,9,North Melbourne,Sydney,12797,Chad,Warner,Sydney,0.1606467193919101
2026,9,North Melbourne,Sydney,12818,Sam,Wicks,Sydney,0.022827847800689638
2026,9,Greater Western Sydney,Essendon,13237,Lachlan,Blakiston,Essendon,0.021593855557060573
2026,9,Greater Western Sydney,Essendon,12899,Nick,Bryan,Essendon,0.01990968578688232
2026,9,Greater Western Sydney,Essendon,13148,Nate,Caddy,Essendon,0.018769289804548728
2026,9,Greater Western Sydney,Essendon,12852,Nik,Cox,Essendon,0.02191206792238294
2026,9,Greater Western Sydney,Essendon,13223,Archer,Day-Wicks,Essendon,0.01650994877911549
2026,9,Greater Western Sydney,Essendon,12925,Sam,Durham,Essendon,0.18172851180430316
2026,9,Greater Western Sydney,Essendon,12696,Xavier,Duursma,Essendon,0.018801327643395815
2026,9,Greater Western Sydney,Essendon,13299,Jacob,Farrow,Essendon,0.017797368812710823
2026,9,Greater Western Sydney,Essendon,13231,Zak,Johnson,Essendon,0.01630020178839489
2026,9,Greater Western Sydney,Essendon,12349,Kyle,Langford,Essendon,0.013053748402765466
2026,9,Greater Western Sydney,Essendon,13238,Archie,May,Essendon,0.023915237227036812
2026,9,Greater Western Sydney,Essendon,12491,Andrew,McGrath,Essendon,0.011905416565841738
2026,9,Greater Western Sydney,Essendon,12241,Zach,Merrett,Essendon,0.16364125322519527
2026,9,Greater Western Sydney,Essendon,13258,Jayden,Nguyen,Essendon,0.024450599698844278
2026,9,Greater Western Sydney,Essendon,12406,Darcy,Parish,Essendon,0.013960768089209404
2026,9,Greater Western Sydney,Essendon,12879,Archie,Perkins,Essendon,0.020450344775210544
2026,9,Greater Western Sydney,Essendon,12874,Jaxon,Prior,Essendon,0.016075246896941814
2026,9,Greater Western Sydney,Essendon,12437,Mason,Redman,Essendon,0.017588298081704895
2026,9,Greater Western Sydney,Essendon,12889,Zach,Reid,Essendon,0.017471195005064916
2026,9,Greater Western Sydney,Essendon,13168,Archie,Roberts,Essendon,1.0291343985107375
2026,9,Greater Western Sydney,Essendon,13307,Sullivan,Robey,Essendon,0.03606227436942455
2026,9,Greater Western Sydney,Essendon,13283,Dyson,Sharp,Essendon,0.03449147061354657
2026,9,Greater Western Sydney,Essendon,12366,Peter,Wright,Essendon,0.16506354363311415
2026,9,Greater Western Sydney,Essendon,12782,Lachie,Ash,Greater Western Sydney,0.39731533889179366
2026,9,Greater Western Sydney,Essendon,12772,Toby,Bedford,Greater Western Sydney,0.025113052141717468
2026,9,Greater Western Sydney,Essendon,12904,Kieren,Briggs,Greater Western Sydney,0.046045835745869845
2026,9,Greater Western Sydney,Essendon,12846,Jack,Buckley,Greater Western Sydney,0.021022247771571856
2026,9,Greater Western Sydney,Essendon,13054,Aaron,Cadman,Greater Western Sydney,0.012623414816923336
2026,9,Greater Western Sydney,Essendon,12969,Finn,Callaghan,Greater Western Sydney,0.9306514350612508
2026,9,Greater Western Sydney,Essendon,12028,Stephen,Coniglio,Greater Western Sydney,0.02814302798814683
2026,9,Greater Western Sydney,Essendon,12656,Brent,Daniels,Greater Western Sydney,0.10634568395629429
2026,9,Greater Western Sydney,Essendon,13164,Joe,Fonti,Greater Western Sydney,0.02596714873729275
2026,9,Greater Western Sydney,Essendon,13279,Phoenix,Gothard,Greater Western Sydney,0.022951696259526325
2026,9,Greater Western Sydney,Essendon,12025,Toby,Greene,Greater Western Sydney,0.6564619172658028
2026,9,Greater Western Sydney,Essendon,13158,Max,Gruzewski,Greater Western Sydney,0.01766919915741566
2026,9,Greater Western Sydney,Essendon,13302,Oliver,Hannaford,Greater Western Sydney,0.02056098780430876
2026,9,Greater Western Sydney,Essendon,12462,Harry,Himmelberg,Greater Western Sydney,0.01671804763512333
2026,9,Greater Western Sydney,Essendon,12750,Connor,Idun,Greater Western Sydney,0.058769638230765364
2026,9,Greater Western Sydney,Essendon,12377,Jayden,Laverde,Greater Western Sydney,0.14981087348932898
2026,9,Greater Western Sydney,Essendon,13174,James,Leake,Greater Western Sydney,0.02025923719623693
2026,9,Greater Western Sydney,Essendon,13088,Toby,McMullin,Greater Western Sydney,0.016625789642477407
2026,9,Greater Western Sydney,Essendon,12410,Clayton,Oliver,Greater Western Sydney,0.5873968237960925
2026,9,Greater Western Sydney,Essendon,12834,Jake,Riccardi,Greater Western Sydney,0.03752377242050106
2026,9,Greater Western Sydney,Essendon,12167,Jake,Stringer,Greater Western Sydney,0.05285087914450566
2026,9,Greater Western Sydney,Essendon,13101,Harvey,Thomas,Greater Western Sydney,0.02960700688772551
2026,9,Greater Western Sydney,Essendon,12143,Lachie,Whitfield,Greater Western Sydney,0.7989808929589529
2026,9,Gold Coast,St Kilda,13251,Oscar,Adams,Gold Coast,0.043329024193682494
2026,9,Gold Coast,St Kilda,12767,Noah,Anderson,Gold Coast,0.9266052701436115
2026,9,Gold Coast,St Kilda,13019,Mac,Andrew,Gold Coast,0.11647832557532255
2026,9,Gold Coast,St Kilda,12444,Sam,Collins,Gold Coast,0.051665228489310475
2026,9,Gold Coast,St Kilda,12942,Alex,Davies,Gold Coast,0.042328385408383865
2026,9,Gold Coast,St Kilda,13120,Will,Graham,Gold Coast,0.04372214293501252
2026,9,Gold Coast,St Kilda,13272,Lachlan,Gulbin,Gold Coast,0.03888039415740231
2026,9,Gold Coast,St Kilda,13049,Bailey,Humphrey,Gold Coast,0.18633601563741936
2026,9,Gold Coast,St Kilda,12933,Joel,Jeffrey,Gold Coast,0.045353113320322824
2026,9,Gold Coast,St Kilda,13257,Ben,Jepson,Gold Coast,0.037606175033245634
2026,9,Gold Coast,St Kilda,12728,Ben,King,Gold Coast,0.24319781935121748
2026,9,Gold Coast,St Kilda,13232,Leo,Lombard,Gold Coast,0.04477396477221897
2026,9,Gold Coast,St Kilda,12521,Ben,Long,Gold Coast,0.044279080795490866
2026,9,Gold Coast,St Kilda,12331,Touk,Miller,Gold Coast,0.4780209800974754
2026,9,Gold Coast,St Kilda,13050,Ned,Moyle,Gold Coast,0.051401703227646686
2026,9,Gold Coast,St Kilda,12743,John,Noble,Gold Coast,0.7791167759754848
2026,9,Gold Coast,St Kilda,12430,Christian,Petracca,Gold Coast,0.2738770604146413
2026,9,Gold Coast,St Kilda,12652,Wil,Powell,Gold Coast,0.043488089589834356
2026,9,Gold Coast,St Kilda,13121,Ethan,Read,Gold Coast,0.03790259484324958
2026,9,Gold Coast,St Kilda,12403,Daniel,Rioli,Gold Coast,0.6929528301326884
2026,9,Gold Coast,St Kilda,12923,Jamarra,Ugle-Hagan,Gold Coast,0.0440144705578952
2026,9,Gold Coast,St Kilda,13041,Bodhi,Uwland,Gold Coast,0.40390739271265413
2026,9,Gold Coast,St Kilda,12385,Lachie,Weller,Gold Coast,0.04193633257671285
2026,9,Gold Coast,St Kilda,12802,Ryan,Byrnes,St Kilda,0.03928534853908948
2026,9,Gold Coast,St Kilda,13035,Anthony,Caminiti,St Kilda,0.037135505299316904
2026,9,Gold Coast,St Kilda,12976,Jack,Carroll,St Kilda,0.04044181328324169
2026,9,Gold Coast,St Kilda,12674,Tom,De Koning,St Kilda,0.0445064270307832
2026,9,Gold Coast,St Kilda,12824,Sam,Flanders,St Kilda,0.05085368924061642
2026,9,Gold Coast,St Kilda,13125,Hugo,Garcia,St Kilda,0.07779987532607673
2026,9,Gold Coast,St Kilda,13193,Max,Hall,St Kilda,0.0621595077528026
2026,9,Gold Coast,St Kilda,12831,Liam,Henry,St Kilda,0.038860058347177276
2026,9,Gold Coast,St Kilda,12060,Bradley,Hill,St Kilda,0.015146210618823805
2026,9,Gold Coast,St Kilda,12420,Dougal,Howard,St Kilda,0.03905844958288977
2026,9,Gold Coast,St Kilda,12166,Jack,Macrae,St Kilda,0.05417779273852248
2026,9,Gold Coast,St Kilda,12564,Rowan,Marshall,St Kilda,0.044828619563899566
2026,9,Gold Coast,St Kilda,13194,Liam,OConnell,St Kilda,0.04125217093926113
2026,9,Gold Coast,St Kilda,12948,Mitch,Owens,St Kilda,0.042831763090169825
2026,9,Gold Coast,St Kilda,13036,Mattaes,Phillipou,St Kilda,0.03636415618344273
2026,9,Gold Coast,St Kilda,12929,Cooper,Sharman,St Kilda,0.040998105836777585
2026,9,Gold Coast,St Kilda,12458,Jack,Silvagni,St Kilda,0.04662982317074839
2026,9,Gold Coast,St Kilda,12325,Jack,Sinclair,St Kilda,0.03127481051852858
2026,9,Gold Coast,St Kilda,12721,Liam,Stocker,St Kilda,0.038249986804654704
2026,9,Gold Coast,St Kilda,12703,Callum,Wilkie,St Kilda,0.042191424926494484
2026,9,Gold Coast,St Kilda,13110,Darcy,Wilson,St Kilda,0.29320499292828567
2026,9,Gold Coast,St Kilda,12967,Marcus,Windhager,St Kilda,0.09678365285954653
2026,9,Gold Coast,St Kilda,12312,Mason,Wood,St Kilda,0.03479264547129195
2026,9,Geelong,Collingwood,13306,Angus,Anderson,Collingwood,0.03733818459119616
2026,9,Geelong,Collingwood,13071,Jack,Buller,Collingwood,0.0235201983155897
2026,9,Geelong,Collingwood,12660,Darcy,Cameron,Collingwood,0.0404397001876317
2026,9,Geelong,Collingwood,12061,Jack,Crisp,Collingwood,0.028048002046902124
2026,9,Geelong,Collingwood,12573,Josh,Daicos,Collingwood,0.032027530849619026
2026,9,Geelong,Collingwood,12943,Nick,Daicos,Collingwood,0.08762229889656684
2026,9,Geelong,Collingwood,12318,Jordan,de Goey,Collingwood,0.2496320916106048
2026,9,Geelong,Collingwood,12083,Jamie,Elliott,Collingwood,0.037921377330050424
2026,9,Geelong,Collingwood,12676,Billy,Frampton,Collingwood,0.0473643683395993
2026,9,Geelong,Collingwood,12495,Dan,Houston,Collingwood,0.02070640433713379
2026,9,Geelong,Collingwood,11967,Jeremy,Howe,Collingwood,0.005754603370406744
2026,9,Geelong,Collingwood,12578,Patrick,Lipinski,Collingwood,0.03401960811262507
2026,9,Geelong,Collingwood,13023,Ned,Long,Collingwood,0.03397499670687025
2026,9,Geelong,Collingwood,12371,Brayden,Maynard,Collingwood,0.031220777523283186
2026,9,Geelong,Collingwood,12876,Beau,McCreery,Collingwood,0.040600793412760586
2026,9,Geelong,Collingwood,12291,Daniel,McStay,Collingwood,0.029102344041659303
2026,9,Geelong,Collingwood,12372,Darcy,Moore,Collingwood,0.03649432608163837
2026,9,Geelong,Collingwood,4182,Scott,Pendlebury,Collingwood,0.1501640530297812
2026,9,Geelong,Collingwood,12740,Isaac,Quaynor,Collingwood,0.03950984051195032
2026,9,Geelong,Collingwood,12700,Lachie,Schultz,Collingwood,0.03595499579664983
2026,9,Geelong,Collingwood,11751,Steele,Sidebottom,Collingwood,0.0249301123609907
2026,9,Geelong,Collingwood,13248,Roan,Steele,Collingwood,0.03684532718562135
2026,9,Geelong,Collingwood,13298,Oscar,Steene,Collingwood,0.044106292780233744
2026,9,Geelong,Collingwood,12690,Tom,Atkins,Geelong,0.04037975710483101
2026,9,Geelong,Collingwood,12499,Jack,Bowes,Geelong,0.0421390652875213
2026,9,Geelong,Collingwood,12871,Tanner,Bruhn,Geelong,0.04046966103113951
2026,9,Geelong,Collingwood,12017,Jeremy,Cameron,Geelong,0.10124759846766537
2026,9,Geelong,Collingwood,12806,Brad,Close,Geelong,0.043278359970504374
2026,9,Geelong,Collingwood,11700,Patrick,Dangerfield,Geelong,0.15006073244823398
2026,9,Geelong,Collingwood,12891,Sam,De Koning,Geelong,0.047325948548044464
2026,9,Geelong,Collingwood,12974,Oliver,Dempsey,Geelong,0.04728515155689535
2026,9,Geelong,Collingwood,12551,Zach,Guthrie,Geelong,0.04677025092816485
2026,9,Geelong,Collingwood,12851,Oliver,Henry,Geelong,0.16038290800875837
2026,9,Geelong,Collingwood,12881,Max,Holmes,Geelong,0.5419667062641962
2026,9,Geelong,Collingwood,13160,Lawson,Humphries,Geelong,0.16061474145258126
2026,9,Geelong,Collingwood,12370,Jake,Kolodjashnij,Geelong,0.04745897371027623
2026,9,Geelong,Collingwood,13104,Shaun,Mannagh,Geelong,0.07944612496704963
2026,9,Geelong,Collingwood,12236,Jack,Martin,Geelong,0.045203442888928455
2026,9,Geelong,Collingwood,13066,Oisin,Mullin,Geelong,0.19790037072296612
2026,9,Geelong,Collingwood,12992,Shannon,Neale,Geelong,0.11067671920278292
2026,9,Geelong,Collingwood,12531,Mark,OConnor,Geelong,0.045371001385779666
2026,9,Geelong,Collingwood,13122,Connor,OSullivan,Geelong,0.047839252963812015
2026,9,Geelong,Collingwood,12692,Bailey,Smith,Geelong,2.6502767529348867
2026,9,Geelong,Collingwood,11847,Rhys,Stanley,Geelong,0.054395027177808475
2026,9,Geelong,Collingwood,12505,Tom,Stewart,Geelong,0.04802819009564756
2026,9,Geelong,Collingwood,12619,James,Worpel,Geelong,0.10418503545921093
2026,9,Melbourne,West Coast,12931,Jake,Bowey,Melbourne,0.1864058237663984
2026,9,Melbourne,West Coast,12756,Kade,Chandler,Melbourne,0.4751080668178518
2026,9,Melbourne,West Coast,13300,Paddy,Cross,Melbourne,0.06089952390318669
2026,9,Melbourne,West Coast,12598,Bayley,Fritsch,Melbourne,0.030971935063691138
2026,9,Melbourne,West Coast,11966,Max,Gawn,Melbourne,0.5965145067703603
2026,9,Melbourne,West Coast,13254,Max,Heath,Melbourne,0.03530963455572894
2026,9,Melbourne,West Coast,13098,Blake,Howes,Melbourne,0.032387494624463053
2026,9,Melbourne,West Coast,13182,Matthew,Jefferson,Melbourne,0.03639542063187495
2026,9,Melbourne,West Coast,12752,Changkuoth,Jiath,Melbourne,0.058960278760228274
2026,9,Melbourne,West Coast,12393,Ed,Langdon,Melbourne,0.6913244259632406
2026,9,Melbourne,West Coast,13184,Harvey,Langford,Melbourne,0.034722399780935706
2026,9,Melbourne,West Coast,13032,Bailey,Laurie,Melbourne,0.024715831655546746
2026,9,Melbourne,West Coast,12351,Jake,Lever,Melbourne,0.06680968739889608
2026,9,Melbourne,West Coast,13161,Andy,Moniz-Wakefield,Melbourne,0.03234887000561176
2026,9,Melbourne,West Coast,12653,Harry,Petty,Melbourne,0.04592153008981799
2026,9,Melbourne,West Coast,12771,Kysaiah,Pickett,Melbourne,0.05259223565412963
2026,9,Melbourne,West Coast,13286,Latrelle,Pickett,Melbourne,0.03418983435553605
2026,9,Melbourne,West Coast,12864,Harry,Sharp,Melbourne,0.03212832433988677
2026,9,Melbourne,West Coast,12693,Tom,Sparrow,Melbourne,0.2763637370061576
2026,9,Melbourne,West Coast,12368,Jack,Steele,Melbourne,0.20830206436230547
2026,9,Melbourne,West Coast,13123,Koltyn,Tholstrup,Melbourne,0.05116856406135101
2026,9,Melbourne,West Coast,13048,Jacob,van Rooyen,Melbourne,1.9290499659465166
2026,9,Melbourne,West Coast,13099,Caleb,Windsor,Melbourne,0.07157683406706236
2026,9,Melbourne,West Coast,12661,Liam,Baker,West Coast,0.023040446667583366
2026,9,Melbourne,West Coast,13250,Malakai,Champion,West Coast,0.030731493482742286
2026,9,Melbourne,West Coast,12446,Tom,Cole,West Coast,0.03794136610085028
2026,9,Melbourne,West Coast,13210,Hamish,Davis,West Coast,0.02580517594551723
2026,9,Melbourne,West Coast,13291,Cooper,Duff-Tytler,West Coast,0.027131905065496783
2026,9,Melbourne,West Coast,12334,Liam,Duggan,West Coast,0.022602304202294168
2026,9,Melbourne,West Coast,13292,Willem,Duursma,West Coast,0.023491041738878473
2026,9,Melbourne,West Coast,12811,Harry,Edwards,West Coast,0.024809725876160645
2026,9,Melbourne,West Coast,13038,Reuben,Ginbey,West Coast,0.027750818686208763
2026,9,Melbourne,West Coast,12957,Brady,Hough,West Coast,0.05142183679808128
2026,9,Melbourne,West Coast,13151,Jack,Hutchinson,West Coast,0.02038646055054721
2026,9,Melbourne,West Coast,13136,Harvey,Johnston,West Coast,0.02457367299717383
2026,9,Melbourne,West Coast,12595,Tim,Kelly,West Coast,0.049506000071272316
2026,9,Melbourne,West Coast,13293,Josh,Lindsay,West Coast,0.033641771305244345
2026,9,Melbourne,West Coast,13070,Ryan,Maric,West Coast,0.027805936002078226
2026,9,Melbourne,West Coast,13240,Tom,McCarthy,West Coast,0.14913059195438302
2026,9,Melbourne,West Coast,13294,Milan,Murdock,West Coast,0.033103239022067465
2026,9,Melbourne,West Coast,13111,Harley,Reid,West Coast,0.17516121479564983
2026,9,Melbourne,West Coast,13247,Jobe,Shanahan,West Coast,0.02161812850500183
2026,9,Melbourne,West Coast,12601,Jake,Waterman,West Coast,0.0
2026,9,Melbourne,West Coast,12836,Bailey,Williams,West Coast,0.030746815411661323
2026,9,Melbourne,West Coast,12087,Elliot,Yeo,West Coast,0.04672338724178887
2026,9,Melbourne,West Coast,13043,Tylar,Young,West Coast,0.02870967800215343
2026,9,Richmond,Adelaide,12849,Sam,Berry,Adelaide,0.1005382637951903
2026,9,Richmond,Adelaide,13165,Hugh,Bond,Adelaide,0.011776025798925133
2026,9,Richmond,Adelaide,13086,James,Borlase,Adelaide,0.01714044913412294
2026,9,Richmond,Adelaide,12932,Brayden,Cook,Adelaide,0.02632250189044923
2026,9,Richmond,Adelaide,12629,Isaac,Cumming,Adelaide,0.01798367108410927
2026,9,Richmond,Adelaide,13132,Daniel,Curtin,Adelaide,0.0176486310077023
2026,9,Richmond,Adelaide,12516,Jordan,Dawson,Adelaide,1.2625143077555436
2026,9,Richmond,Adelaide,12434,Ben,Keays,Adelaide,0.025011902513803464
2026,9,Richmond,Adelaide,12165,Rory,Laird,Adelaide,0.20934016020935747
2026,9,Richmond,Adelaide,13065,Lachlan,McAndrew,Adelaide,0.03759302779857687
2026,9,Richmond,Adelaide,13027,Max,Michalanney,Adelaide,0.012550689780446395
2026,9,Richmond,Adelaide,12405,Wayne,Milera,Adelaide,0.9282911089314597
2026,9,Richmond,Adelaide,12872,Nick,Murray,Adelaide,0.0154384846331217
2026,9,Richmond,Adelaide,13280,Toby,Murray,Adelaide,0.013041758152201117
2026,9,Richmond,Adelaide,12367,Alex,Neal-Bullen,Adelaide,0.06333622794578388
2026,9,Richmond,Adelaide,12934,James,Peatling,Adelaide,0.04331940802835883
2026,9,Richmond,Adelaide,12921,Luke,Pedlar,Adelaide,0.009786681577454149
2026,9,Richmond,Adelaide,12953,Josh,Rachele,Adelaide,0.10736671114536506
2026,9,Richmond,Adelaide,12798,Izak,Rankine,Adelaide,2.4388884703879135
2026,9,Richmond,Adelaide,12952,Jake,Soligo,Adelaide,0.020698243435119352
2026,9,Richmond,Adelaide,13159,Zac,Taylor,Adelaide,0.00739019473078677
2026,9,Richmond,Adelaide,12892,Riley,Thilthorpe,Adelaide,0.03024669374491772
2026,9,Richmond,Adelaide,12912,Josh,Worrell,Adelaide,0.030243776954111918
2026,9,Richmond,Adelaide,12712,Jack,Ross,Richmond,0.026089486420487116
2026,9,Richmond,Adelaide,12686,Noah,Balta,Richmond,0.009001535024929692
2026,9,Richmond,Adelaide,12456,Nathan,Broad,Richmond,0.005051476774610308
2026,9,Richmond,Adelaide,13096,Tom,Brown,Richmond,0.008634978511665631
2026,9,Richmond,Adelaide,13315,Tom,Burton,Richmond,0.006533529238023461
2026,9,Richmond,Adelaide,13100,Seth,Campbell,Richmond,0.01453186752198957
2026,9,Richmond,Adelaide,13316,Sam,Cumming,Richmond,0.007488509697323581
2026,9,Richmond,Adelaide,13214,Jonty,Faull,Richmond,0.006688937184523946
2026,9,Richmond,Adelaide,13218,Campbell,Gray,Richmond,0.009164949180777194
2026,9,Richmond,Adelaide,13145,Steely,Green,Richmond,0.005394874974921848
2026,9,Richmond,Adelaide,13309,Oliver,Hayes-Brown,Richmond,0.007004568425135321
2026,9,Richmond,Adelaide,12440,Jacob,Hopper,Richmond,0.032434964456419746
2026,9,Richmond,Adelaide,13113,Mykelti,Lefau,Richmond,0.002931222488611318
2026,9,Richmond,Adelaide,11948,Tom,Lynch,Richmond,0.019788245808748137
2026,9,Richmond,Adelaide,13117,Kane,McAuliffe,Richmond,0.012564503132169686
2026,9,Richmond,Adelaide,12941,Ben,Miller,Richmond,0.00646197799262545
2026,9,Richmond,Adelaide,13313,Patrick,Retschko,Richmond,0.010844169095890827
2026,9,Richmond,Adelaide,12418,Jayden,Short,Richmond,0.0
2026,9,Richmond,Adelaide,13014,Tyler,Sonsie,Richmond,0.008381301795959629
2026,9,Richmond,Adelaide,12504,Tim,Taranto,Richmond,0.33815228467221037
2026,9,Richmond,Adelaide,13191,Luke,Trainor,Richmond,0.008835582945973242
2026,9,Richmond,Adelaide,13095,James,Trezise,Richmond,0.007553644226168654
2026,9,Richmond,Adelaide,12174,Nick,Vlastuin,Richmond,0.0
2026,10,Brisbane Lions,Geelong,12277,Charlie,Cameron,Brisbane Lions,0.007898680837588809
2026,10,Brisbane Lions,Geelong,12340,Harris,Andrews,Brisbane Lions,0.0
2026,10,Brisbane Lions,Geelong,13197,Levi,Ashcroft,Brisbane Lions,0.07633687941705296
2026,10,Brisbane Lions,Geelong,13040,Will,Ashcroft,Brisbane Lions,0.01615551598746434
2026,10,Brisbane Lions,Geelong,12610,Zac,Bailey,Brisbane Lions,0.0004491137199430081
2026,10,Brisbane Lions,Geelong,12838,Keidean,Coleman,Brisbane Lions,0.0008152217294880712
2026,10,Brisbane Lions,Geelong,13319,Cody,Curtin,Brisbane Lions,0.004389924492887761
2026,10,Brisbane Lions,Geelong,12810,Sam,Draper,Brisbane Lions,0.010629488139372131
2026,10,Brisbane Lions,Geelong,12408,Josh,Dunkley,Brisbane Lions,0.03872571291104843
2026,10,Brisbane Lions,Geelong,13072,Jaspa,Fletcher,Brisbane Lions,0.009952821771546813
2026,10,Brisbane Lions,Geelong,12724,Darcy,Fort,Brisbane Lions,0.0010776755322047934
2026,10,Brisbane Lions,Geelong,12267,Darcy,Gardiner,Brisbane Lions,0.010022209030357263
2026,10,Brisbane Lions,Geelong,11894,Ryan,Lester,Brisbane Lions,0.002162980331947741
2026,10,Brisbane Lions,Geelong,12968,Kai,Lohmann,Brisbane Lions,0.0016692405750968605
2026,10,Brisbane Lions,Geelong,13215,Sam,Marshall,Brisbane Lions,0.005212251582056251
2026,10,Brisbane Lions,Geelong,12518,Hugh,McCluggage,Brisbane Lions,0.002470550251966865
2026,10,Brisbane Lions,Geelong,12391,Conor,McKenna,Brisbane Lions,0.0032126714516873397
2026,10,Brisbane Lions,Geelong,13137,Logan,Morris,Brisbane Lions,0.008568406806406095
2026,10,Brisbane Lions,Geelong,12055,Lachie,Neale,Brisbane Lions,0.06550131072264816
2026,10,Brisbane Lions,Geelong,12592,Cam,Rayner,Brisbane Lions,0.0
2026,10,Brisbane Lions,Geelong,13138,Bruce,Reville,Brisbane Lions,0.0
2026,10,Brisbane Lions,Geelong,13005,James,Tunstill,Brisbane Lions,0.006720565458824614
2026,10,Brisbane Lions,Geelong,13026,Darcy,Wilmot,Brisbane Lions,0.08443874381685766
2026,10,Brisbane Lions,Geelong,12690,Tom,Atkins,Geelong,0.02167854582628316
2026,10,Brisbane Lions,Geelong,12153,Mark,Blicavs,Geelong,0.01248882661351218
2026,10,Brisbane Lions,Geelong,12871,Tanner,Bruhn,Geelong,0.1766740349832147
2026,10,Brisbane Lions,Geelong,12017,Jeremy,Cameron,Geelong,0.08217810951973727
2026,10,Brisbane Lions,Geelong,12806,Brad,Close,Geelong,0.0017208974537672025
2026,10,Brisbane Lions,Geelong,11700,Patrick,Dangerfield,Geelong,0.1116150375229184
2026,10,Brisbane Lions,Geelong,12891,Sam,De Koning,Geelong,0.009766002556339762
2026,10,Brisbane Lions,Geelong,12974,Oliver,Dempsey,Geelong,0.010774092207486027
2026,10,Brisbane Lions,Geelong,13285,Mitchell,Edwards,Geelong,0.019655799423354672
2026,10,Brisbane Lions,Geelong,12551,Zach,Guthrie,Geelong,0.012108545483619407
2026,10,Brisbane Lions,Geelong,12607,Jack,Henry,Geelong,0.005835912821326435
2026,10,Brisbane Lions,Geelong,12851,Oliver,Henry,Geelong,0.009387425607807767
2026,10,Brisbane Lions,Geelong,12881,Max,Holmes,Geelong,0.1824429072442662
2026,10,Brisbane Lions,Geelong,13160,Lawson,Humphries,Geelong,0.009655555345775155
2026,10,Brisbane Lions,Geelong,13104,Shaun,Mannagh,Geelong,2.2866586881880857
2026,10,Brisbane Lions,Geelong,12236,Jack,Martin,Geelong,0.00037024238475603845
2026,10,Brisbane Lions,Geelong,12689,Gryan,Miers,Geelong,0.009466168306447684
2026,10,Brisbane Lions,Geelong,13066,Oisin,Mullin,Geelong,0.06110227917967033
2026,10,Brisbane Lions,Geelong,12992,Shannon,Neale,Geelong,0.07309850919775356
2026,10,Brisbane Lions,Geelong,12531,Mark,OConnor,Geelong,0.0030545741768369236
2026,10,Brisbane Lions,Geelong,13122,Connor,OSullivan,Geelong,0.012373699402167274
2026,10,Brisbane Lions,Geelong,12692,Bailey,Smith,Geelong,1.9438768287270085
2026,10,Brisbane Lions,Geelong,12505,Tom,Stewart,Geelong,0.5876073532635027
2026,10,Sydney,Collingwood,13146,Edward,Allan,Collingwood,0.0
2026,10,Sydney,Collingwood,13306,Angus,Anderson,Collingwood,0.0
2026,10,Sydney,Collingwood,13071,Jack,Buller,Collingwood,0.0
2026,10,Sydney,Collingwood,12061,Jack,Crisp,Collingwood,0.0
2026,10,Sydney,Collingwood,12573,Josh,Daicos,Collingwood,0.0
2026,10,Sydney,Collingwood,12943,Nick,Daicos,Collingwood,0.7707228432758164
2026,10,Sydney,Collingwood,12318,Jordan,de Goey,Collingwood,0.05317441569318594
2026,10,Sydney,Collingwood,12083,Jamie,Elliott,Collingwood,0.0
2026,10,Sydney,Collingwood,12676,Billy,Frampton,Collingwood,0.0
2026,10,Sydney,Collingwood,13228,Will,Hayes,Collingwood,0.0
2026,10,Sydney,Collingwood,12495,Dan,Houston,Collingwood,0.0
2026,10,Sydney,Collingwood,11967,Jeremy,Howe,Collingwood,0.0
2026,10,Sydney,Collingwood,13023,Ned,Long,Collingwood,0.0
2026,10,Sydney,Collingwood,12371,Brayden,Maynard,Collingwood,0.0
2026,10,Sydney,Collingwood,12876,Beau,McCreery,Collingwood,0.0
2026,10,Sydney,Collingwood,12291,Daniel,McStay,Collingwood,0.0
2026,10,Sydney,Collingwood,13147,Wil,Parker,Collingwood,0.0
2026,10,Sydney,Collingwood,12740,Isaac,Quaynor,Collingwood,0.0
2026,10,Sydney,Collingwood,12700,Lachie,Schultz,Collingwood,0.0
2026,10,Sydney,Collingwood,11751,Steele,Sidebottom,Collingwood,0.0
2026,10,Sydney,Collingwood,13248,Roan,Steele,Collingwood,0.0
2026,10,Sydney,Collingwood,13298,Oscar,Steene,Collingwood,0.0
2026,10,Sydney,Collingwood,13246,Charlie,West,Collingwood,0.0
2026,10,Sydney,Collingwood,12844,Joel,Amartey,Sydney,0.0
2026,10,Sydney,Collingwood,13195,Riley,Bice,Sydney,0.0
2026,10,Sydney,Collingwood,12699,Nick,Blakey,Sydney,1.4615681931472775
2026,10,Sydney,Collingwood,13317,Billy,Cootee,Sydney,0.0
2026,10,Sydney,Collingwood,12015,Harry,Cunningham,Sydney,0.0
2026,10,Sydney,Collingwood,12421,Charlie,Curnow,Sydney,0.0
2026,10,Sydney,Collingwood,13318,Will,Edwards,Sydney,0.0
2026,10,Sydney,Collingwood,12217,Brodie,Grundy,Sydney,2.310104495393827
2026,10,Sydney,Collingwood,12326,Isaac,Heeney,Sydney,1.107781225157448
2026,10,Sydney,Collingwood,12860,James,Jordon,Sydney,0.0
2026,10,Sydney,Collingwood,12268,Jake,Lloyd,Sydney,0.0
2026,10,Sydney,Collingwood,12627,Tom,McCartin,Sydney,0.0
2026,10,Sydney,Collingwood,12861,Logan,McDonald,Sydney,0.0
2026,10,Sydney,Collingwood,12711,Justin,McInerney,Sydney,0.17680431514402428
2026,10,Sydney,Collingwood,12526,Lewis,Melican,Sydney,0.0
2026,10,Sydney,Collingwood,12413,Callum,Mills,Sydney,0.0
2026,10,Sydney,Collingwood,12412,Tom,Papley,Sydney,0.0
2026,10,Sydney,Collingwood,12903,Malcolm,Rosas,Sydney,0.0
2026,10,Sydney,Collingwood,12714,James,Rowbottom,Sydney,0.0
2026,10,Sydney,Collingwood,13022,Jai,Serong,Sydney,0.0
2026,10,Sydney,Collingwood,12951,Angus,Sheldrick,Sydney,0.0
2026,10,Sydney,Collingwood,12797,Chad,Warner,Sydney,0.1198445121904607
2026,10,Sydney,Collingwood,12818,Sam,Wicks,Sydney,0.0
2026,10,Gold Coast,Port Adelaide,13251,Oscar,Adams,Gold Coast,0.0259582707640515
2026,10,Gold Coast,Port Adelaide,12767,Noah,Anderson,Gold Coast,1.7102538210848421
2026,10,Gold Coast,Port Adelaide,13019,Mac,Andrew,Gold Coast,0.14823828798554656
2026,10,Gold Coast,Port Adelaide,12444,Sam,Collins,Gold Coast,0.1630733292757581
2026,10,Gold Coast,Port Adelaide,13120,Will,Graham,Gold Coast,0.01659011816654122
2026,10,Gold Coast,Port Adelaide,13272,Lachlan,Gulbin,Gold Coast,0.027213577528389064
2026,10,Gold Coast,Port Adelaide,12307,Nick,Holman,Gold Coast,0.023663636058656214
2026,10,Gold Coast,Port Adelaide,13049,Bailey,Humphrey,Gold Coast,0.04611447120691386
2026,10,Gold Coast,Port Adelaide,12933,Joel,Jeffrey,Gold Coast,0.01864576595845944
2026,10,Gold Coast,Port Adelaide,12728,Ben,King,Gold Coast,0.027451447408806028
2026,10,Gold Coast,Port Adelaide,13232,Leo,Lombard,Gold Coast,0.024948782152985384
2026,10,Gold Coast,Port Adelaide,12331,Touk,Miller,Gold Coast,0.03721150836802171
2026,10,Gold Coast,Port Adelaide,13050,Ned,Moyle,Gold Coast,0.10178351621152892
2026,10,Gold Coast,Port Adelaide,12743,John,Noble,Gold Coast,0.9614793759831408
2026,10,Gold Coast,Port Adelaide,12430,Christian,Petracca,Gold Coast,0.5005230894604276
2026,10,Gold Coast,Port Adelaide,12652,Wil,Powell,Gold Coast,0.021451538415886547
2026,10,Gold Coast,Port Adelaide,12403,Daniel,Rioli,Gold Coast,0.05021314288134101
2026,10,Gold Coast,Port Adelaide,12768,Matt,Rowell,Gold Coast,0.32181825825801164
2026,10,Gold Coast,Port Adelaide,13041,Bodhi,Uwland,Gold Coast,0.7018975533313173
2026,10,Gold Coast,Port Adelaide,13278,Zeke,Uwland,Gold Coast,0.017963111216513318
2026,10,Gold Coast,Port Adelaide,13114,Jed,Walter,Gold Coast,0.05081790098593129
2026,10,Gold Coast,Port Adelaide,12385,Lachie,Weller,Gold Coast,0.01735231723535844
2026,10,Gold Coast,Port Adelaide,12177,Jarrod,Witts,Gold Coast,0.028179189060995806
2026,10,Gold Coast,Port Adelaide,12433,Aliir,Aliir,Port Adelaide,0.015200675531847792
2026,10,Gold Coast,Port Adelaide,13322,Tom,Anastasopoulos,Port Adelaide,0.01565711028581413
2026,10,Gold Coast,Port Adelaide,13188,Joe,Berry,Port Adelaide,0.08739492506560123
2026,10,Gold Coast,Port Adelaide,13007,Jase,Burgoyne,Port Adelaide,0.0384784604209324
2026,10,Gold Coast,Port Adelaide,12698,Zak,Butters,Port Adelaide,0.4459257392344042
2026,10,Gold Coast,Port Adelaide,12422,Darcy,Byrne-Jones,Port Adelaide,0.013715970152607289
2026,10,Gold Coast,Port Adelaide,12695,Willem,Drew,Port Adelaide,0.035715197620498344
2026,10,Gold Coast,Port Adelaide,12936,Corey,Durdin,Port Adelaide,0.01598847464832754
2026,10,Gold Coast,Port Adelaide,13156,Logan,Evans,Port Adelaide,0.020858044451678694
2026,10,Gold Coast,Port Adelaide,12664,Kane,Farrell,Port Adelaide,0.011034890105295382
2026,10,Gold Coast,Port Adelaide,12766,Mitch,Georgiades,Port Adelaide,0.009209529766596648
2026,10,Gold Coast,Port Adelaide,12956,Jason,Horne-Francis,Port Adelaide,0.04617087167412389
2026,10,Gold Coast,Port Adelaide,12882,Lachie,Jones,Port Adelaide,0.01680849113233058
2026,10,Gold Coast,Port Adelaide,13162,Will,Lorenz,Port Adelaide,0.018484685129405633
2026,10,Gold Coast,Port Adelaide,13269,Ewan,Mackinlay,Port Adelaide,0.025659340504900076
2026,10,Gold Coast,Port Adelaide,13199,Christian,Moraes,Port Adelaide,0.01715720369039101
2026,10,Gold Coast,Port Adelaide,12597,Esava,Ratugolea,Port Adelaide,0.019785127178644397
2026,10,Gold Coast,Port Adelaide,13139,Joe,Richards,Port Adelaide,0.01804232116644664
2026,10,Gold Coast,Port Adelaide,12890,Jordon,Sweet,Port Adelaide,0.018387274565775248
2026,10,Gold Coast,Port Adelaide,13073,Dante,Visentini,Port Adelaide,0.017063763553317797
2026,10,Gold Coast,Port Adelaide,13289,Jack,Watkins,Port Adelaide,0.0146355294909234
2026,10,Gold Coast,Port Adelaide,13259,Jack,Whitlock,Port Adelaide,0.015931971461482404
2026,10,Gold Coast,Port Adelaide,12150,Ollie,Wines,Port Adelaide,0.01985239415907914
2026,10,Adelaide,North Melbourne,12849,Sam,Berry,Adelaide,0.030651356747999573
2026,10,Adelaide,North Melbourne,13086,James,Borlase,Adelaide,0.02415366905476524
2026,10,Adelaide,North Melbourne,12829,Jordon,Butts,Adelaide,0.014940211274508914
2026,10,Adelaide,North Melbourne,12932,Brayden,Cook,Adelaide,0.016721672675816552
2026,10,Adelaide,North Melbourne,12629,Isaac,Cumming,Adelaide,0.01088839417830444
2026,10,Adelaide,North Melbourne,13132,Daniel,Curtin,Adelaide,0.012493467638741335
2026,10,Adelaide,North Melbourne,12516,Jordan,Dawson,Adelaide,1.9451344338424443
2026,10,Adelaide,North Melbourne,12584,Darcy,Fogarty,Adelaide,0.013427090735901027
2026,10,Adelaide,North Melbourne,12434,Ben,Keays,Adelaide,0.013240795814069579
2026,10,Adelaide,North Melbourne,12165,Rory,Laird,Adelaide,0.3065774984972522
2026,10,Adelaide,North Melbourne,13065,Lachlan,McAndrew,Adelaide,0.15466674329648997
2026,10,Adelaide,North Melbourne,13027,Max,Michalanney,Adelaide,0.010505130441631167
2026,10,Adelaide,North Melbourne,12405,Wayne,Milera,Adelaide,0.008312501018807084
2026,10,Adelaide,North Melbourne,13280,Toby,Murray,Adelaide,0.07293397829851603
2026,10,Adelaide,North Melbourne,13081,Luke,Nankervis,Adelaide,0.015652501206062087
2026,10,Adelaide,North Melbourne,12367,Alex,Neal-Bullen,Adelaide,0.01970794010938164
2026,10,Adelaide,North Melbourne,12934,James,Peatling,Adelaide,0.47205056040375964
2026,10,Adelaide,North Melbourne,12921,Luke,Pedlar,Adelaide,0.03317638039919056
2026,10,Adelaide,North Melbourne,12953,Josh,Rachele,Adelaide,0.2822915717816035
2026,10,Adelaide,North Melbourne,12798,Izak,Rankine,Adelaide,1.9952813920709715
2026,10,Adelaide,North Melbourne,12952,Jake,Soligo,Adelaide,0.10929145023349368
2026,10,Adelaide,North Melbourne,13159,Zac,Taylor,Adelaide,0.007564021451349923
2026,10,Adelaide,North Melbourne,12912,Josh,Worrell,Adelaide,0.07743116302451512
2026,10,Adelaide,North Melbourne,13287,Tom,Blamires,North Melbourne,0.010592119962313202
2026,10,Adelaide,North Melbourne,12938,Charlie,Comben,North Melbourne,0.013910036095321005
2026,10,Adelaide,North Melbourne,12975,Paul,Curtis,North Melbourne,0.0
2026,10,Adelaide,North Melbourne,12373,Caleb,Daniel,North Melbourne,0.0
2026,10,Adelaide,North Melbourne,11905,Jack,Darling,North Melbourne,0.0
2026,10,Adelaide,North Melbourne,12590,Luke,Davies-Uniacke,North Melbourne,0.025933997858330313
2026,10,Adelaide,North Melbourne,13144,Wil,Dawson,North Melbourne,0.012696999466629461
2026,10,Adelaide,North Melbourne,13106,Zane,Duursma,North Melbourne,0.013831313012882807
2026,10,Adelaide,North Melbourne,13186,Jacob,Konstanty,North Melbourne,0.012668856618774166
2026,10,Adelaide,North Melbourne,12563,Nick,Larkey,North Melbourne,0.006663769441395729
2026,10,Adelaide,North Melbourne,12511,Griffin,Logue,North Melbourne,0.010821272160096696
2026,10,Adelaide,North Melbourne,12246,Luke,McDonald,North Melbourne,0.006188347706908976
2026,10,Adelaide,North Melbourne,13107,Colby,McKercher,North Melbourne,0.023463220609908037
2026,10,Adelaide,North Melbourne,13187,Finn,OSullivan,North Melbourne,0.0064256492068912215
2026,10,Adelaide,North Melbourne,11953,Luke,Parker,North Melbourne,0.050704324386810024
2026,10,Adelaide,North Melbourne,13034,Harry,Sheezel,North Melbourne,0.051582085929130925
2026,10,Adelaide,North Melbourne,12502,Jy,Simpkin,North Melbourne,0.006487202449890584
2026,10,Adelaide,North Melbourne,12622,Charlie,Spargo,North Melbourne,0.008803129209441419
2026,10,Adelaide,North Melbourne,12796,Dylan,Stephens,North Melbourne,0.0054726845575311
2026,10,Adelaide,North Melbourne,13263,Cooper,Trembath,North Melbourne,0.012681527410268057
2026,10,Adelaide,North Melbourne,13064,George,Wardlaw,North Melbourne,0.017720880115638677
2026,10,Adelaide,North Melbourne,12788,Tristan,Xerri,North Melbourne,0.04626995789882839
2026,10,Adelaide,North Melbourne,12557,Cameron,Zurhaar,North Melbourne,0.009988701702367837
2026,10,Melbourne,Hawthorn,12357,Karl,Amon,Hawthorn,0.107758937568273
2026,10,Melbourne,Hawthorn,12558,Josh,Battle,Hawthorn,0.059602570985780104
2026,10,Melbourne,Hawthorn,12998,Massimo,DAmbrosio,Hawthorn,0.05120494806910866
2026,10,Melbourne,Hawthorn,13135,Calsher,Dear,Hawthorn,0.037432827439516134
2026,10,Melbourne,Hawthorn,12927,Jack,Ginnivan,Hawthorn,0.042548918068026784
2026,10,Melbourne,Hawthorn,12469,Blake,Hardwick,Hawthorn,0.03551360459697532
2026,10,Melbourne,Hawthorn,13091,Henry,Hustwaite,Hawthorn,0.06206730199780024
2026,10,Melbourne,Hawthorn,12237,Jarman,Impey,Hawthorn,0.028876190505444196
2026,10,Melbourne,Hawthorn,12636,Mitch,Lewis,Hawthorn,0.03703578135551376
2026,10,Melbourne,Hawthorn,12954,Connor,Macdonald,Hawthorn,0.03597542879148498
2026,10,Melbourne,Hawthorn,13031,Cam,Mackenzie,Hawthorn,0.0417724791225829
2026,10,Melbourne,Hawthorn,12843,Finn,Maginness,Hawthorn,0.04308386907316204
2026,10,Melbourne,Hawthorn,12856,Lloyd,Meek,Hawthorn,0.04896971727616943
2026,10,Melbourne,Hawthorn,12710,Dylan,Moore,Hawthorn,0.5703837599857613
2026,10,Melbourne,Hawthorn,12579,Harry,Morrison,Hawthorn,0.04029232742010687
2026,10,Melbourne,Hawthorn,12915,Jai,Newcombe,Hawthorn,0.07241227842484939
2026,10,Melbourne,Hawthorn,13058,Max,Ramsden,Hawthorn,0.03952668893077434
2026,10,Melbourne,Hawthorn,12906,Ned,Reeves,Hawthorn,0.04635822316312303
2026,10,Melbourne,Hawthorn,13320,Bodie,Ryan,Hawthorn,0.04401906154197756
2026,10,Melbourne,Hawthorn,12332,James,Sicily,Hawthorn,0.03158993355890273
2026,10,Melbourne,Hawthorn,12955,Josh,Ward,Hawthorn,0.04972316722454613
2026,10,Melbourne,Hawthorn,13105,Nick,Watson,Hawthorn,0.03900650444151245
2026,10,Melbourne,Hawthorn,13057,Josh,Weddle,Hawthorn,0.0558071231313009
2026,10,Melbourne,Hawthorn,12931,Jake,Bowey,Melbourne,0.07716164613166741
2026,10,Melbourne,Hawthorn,12756,Kade,Chandler,Melbourne,0.07879360106046475
2026,10,Melbourne,Hawthorn,13300,Paddy,Cross,Melbourne,0.04376615923782755
2026,10,Melbourne,Hawthorn,12598,Bayley,Fritsch,Melbourne,0.05003537637124929
2026,10,Melbourne,Hawthorn,11966,Max,Gawn,Melbourne,0.9789654420751079
2026,10,Melbourne,Hawthorn,13254,Max,Heath,Melbourne,0.04279164821276492
2026,10,Melbourne,Hawthorn,13098,Blake,Howes,Melbourne,0.04928013668695917
2026,10,Melbourne,Hawthorn,13182,Matthew,Jefferson,Melbourne,0.04380437981004816
2026,10,Melbourne,Hawthorn,12752,Changkuoth,Jiath,Melbourne,0.049494060572379275
2026,10,Melbourne,Hawthorn,12393,Ed,Langdon,Melbourne,0.06392102468488838
2026,10,Melbourne,Hawthorn,13184,Harvey,Langford,Melbourne,0.13560866983022363
2026,10,Melbourne,Hawthorn,13032,Bailey,Laurie,Melbourne,0.037126283437269716
2026,10,Melbourne,Hawthorn,12351,Jake,Lever,Melbourne,0.06057476067984821
2026,10,Melbourne,Hawthorn,12653,Harry,Petty,Melbourne,0.07409051203073934
2026,10,Melbourne,Hawthorn,12771,Kysaiah,Pickett,Melbourne,0.07744760880696208
2026,10,Melbourne,Hawthorn,13286,Latrelle,Pickett,Melbourne,0.05125104363127235
2026,10,Melbourne,Hawthorn,12778,Trent,Rivers,Melbourne,0.05505553267915604
2026,10,Melbourne,Hawthorn,12864,Harry,Sharp,Melbourne,0.061800949503392974
2026,10,Melbourne,Hawthorn,12693,Tom,Sparrow,Melbourne,1.2903815620365595
2026,10,Melbourne,Hawthorn,12368,Jack,Steele,Melbourne,0.5125863067562182
2026,10,Melbourne,Hawthorn,13123,Koltyn,Tholstrup,Melbourne,0.046969180948238945
2026,10,Melbourne,Hawthorn,12996,Daniel,Turner,Melbourne,0.44948654780029107
2026,10,Melbourne,Hawthorn,13048,Jacob,van Rooyen,Melbourne,0.048645924364212154
2026,10,Carlton,Western Bulldogs,13365,Billy,Wilson,Carlton,0.01210491003385755
2026,10,Carlton,Western Bulldogs,12498,Ben,Ainsworth,Carlton,0.024597377829645856
2026,10,Carlton,Western Bulldogs,13212,Matt,Carroll,Carlton,0.7777698960639461
2026,10,Carlton,Western Bulldogs,12603,Adam,Cerra,Carlton,0.04765849266359673
2026,10,Carlton,Western Bulldogs,13028,Lachlan,Cowan,Carlton,0.05107798069580932
2026,10,Carlton,Western Bulldogs,12261,Patrick,Cripps,Carlton,2.608817128253877
2026,10,Carlton,Western Bulldogs,13273,Harry,Dean,Carlton,0.011310014045457699
2026,10,Carlton,Western Bulldogs,12873,Francis,Evans,Carlton,0.007016960284952909
2026,10,Carlton,Western Bulldogs,12497,Oliver,Florent,Carlton,0.9705278555367424
2026,10,Carlton,Western Bulldogs,12091,Nick,Haynes,Carlton,0.018039170502614887
2026,10,Carlton,Western Bulldogs,12509,Will,Hayward,Carlton,0.014902697373205041
2026,10,Carlton,Western Bulldogs,12411,George,Hewett,Carlton,0.014310438689450864
2026,10,Carlton,Western Bulldogs,13029,Oliver,Hollands,Carlton,0.017962418863779195
2026,10,Carlton,Western Bulldogs,13321,Jack,Ison,Carlton,0.02283177030195091
2026,10,Carlton,Western Bulldogs,12937,Brodie,Kemp,Carlton,0.010810611866594348
2026,10,Carlton,Western Bulldogs,12404,Mitch,McGovern,Carlton,0.007681044464940693
2026,10,Carlton,Western Bulldogs,12566,Harry,McKay,Carlton,0.07110658126645716
2026,10,Carlton,Western Bulldogs,12508,Nic,Newman,Carlton,0.02216564014697245
2026,10,Carlton,Western Bulldogs,12417,Marc,Pittonet,Carlton,0.0486988261438871
2026,10,Carlton,Western Bulldogs,13274,Jagga,Smith,Carlton,0.15761506492059074
2026,10,Carlton,Western Bulldogs,12684,Sam,Walsh,Carlton,0.12896664444055148
2026,10,Carlton,Western Bulldogs,12402,Jacob,Weitering,Carlton,0.013468411098448011
2026,10,Carlton,Western Bulldogs,12175,Zac,Williams,Carlton,0.010941033689165101
2026,10,Carlton,Western Bulldogs,12723,Oskar,Baker,Western Bulldogs,0.00946214868911077
2026,10,Carlton,Western Bulldogs,12269,Marcus,Bontempelli,Western Bulldogs,0.28592006803362097
2026,10,Carlton,Western Bulldogs,12916,Lachlan,Bramble,Western Bulldogs,0.004462985976029092
2026,10,Carlton,Western Bulldogs,12769,Connor,Budarick,Western Bulldogs,0.008112236908725394
2026,10,Carlton,Western Bulldogs,13216,Jedd,Busslinger,Western Bulldogs,0.015173718253056105
2026,10,Carlton,Western Bulldogs,12608,Nick,Coffield,Western Bulldogs,0.013356336331903638
2026,10,Carlton,Western Bulldogs,12354,Bailey,Dale,Western Bulldogs,0.18984459345261143
2026,10,Carlton,Western Bulldogs,13178,Sam,Davidson,Western Bulldogs,0.008599535693687958
2026,10,Carlton,Western Bulldogs,13308,Louis,Emmett,Western Bulldogs,0.009414224350155846
2026,10,Carlton,Western Bulldogs,13140,Joel,Freijah,Western Bulldogs,0.01422003976309513
2026,10,Carlton,Western Bulldogs,13213,Cooper,Hynes,Western Bulldogs,0.007858766354391226
2026,10,Carlton,Western Bulldogs,13046,Arthur,Jones,Western Bulldogs,0.010388305391085121
2026,10,Carlton,Western Bulldogs,12455,Matthew,Kennedy,Western Bulldogs,0.015385440882778044
2026,10,Carlton,Western Bulldogs,12900,Buku,Khamis,Western Bulldogs,0.017837595051064137
2026,10,Carlton,Western Bulldogs,13284,Will,Lewis,Western Bulldogs,0.0039932855623340795
2026,10,Carlton,Western Bulldogs,12282,Rory,Lobb,Western Bulldogs,0.027722504294793504
2026,10,Carlton,Western Bulldogs,12854,Lachlan,McNeil,Western Bulldogs,0.007414505674241343
2026,10,Carlton,Western Bulldogs,12594,Aaron,Naughton,Western Bulldogs,0.09151919864591879
2026,10,Carlton,Western Bulldogs,12605,Ed,Richards,Western Bulldogs,0.018128722652984736
2026,10,Carlton,Western Bulldogs,13103,Ryley,Sanders,Western Bulldogs,0.13649252429012124
2026,10,Carlton,Western Bulldogs,13276,Michael,Sellwood,Western Bulldogs,0.012109599911689027
2026,10,Carlton,Western Bulldogs,12748,Rhylee,West,Western Bulldogs,0.015130387967690255
2026,10,Carlton,Western Bulldogs,12441,Bailey,Williams,Western Bulldogs,0.007072306689321987
2026,10,Essendon,Fremantle,13237,Lachlan,Blakiston,Essendon,0.008020500058413418
2026,10,Essendon,Fremantle,12899,Nick,Bryan,Essendon,0.003753960809761361
2026,10,Essendon,Fremantle,13148,Nate,Caddy,Essendon,0.0
2026,10,Essendon,Fremantle,12755,Jye,Caldwell,Essendon,0.0019150638318998683
2026,10,Essendon,Fremantle,12852,Nik,Cox,Essendon,0.00256793771417845
2026,10,Essendon,Fremantle,13223,Archer,Day-Wicks,Essendon,0.007069458460116992
2026,10,Essendon,Fremantle,12925,Sam,Durham,Essendon,0.029918657733500102
2026,10,Essendon,Fremantle,12696,Xavier,Duursma,Essendon,0.0
2026,10,Essendon,Fremantle,13299,Jacob,Farrow,Essendon,0.0
2026,10,Essendon,Fremantle,12349,Kyle,Langford,Essendon,0.0
2026,10,Essendon,Fremantle,13238,Archie,May,Essendon,0.0
2026,10,Essendon,Fremantle,12491,Andrew,McGrath,Essendon,0.0
2026,10,Essendon,Fremantle,12241,Zach,Merrett,Essendon,0.050729536927392606
2026,10,Essendon,Fremantle,13258,Jayden,Nguyen,Essendon,0.0013763902990629653
2026,10,Essendon,Fremantle,12406,Darcy,Parish,Essendon,0.09525670839636362
2026,10,Essendon,Fremantle,12879,Archie,Perkins,Essendon,0.002362440201881996
2026,10,Essendon,Fremantle,12874,Jaxon,Prior,Essendon,0.005922163207103223
2026,10,Essendon,Fremantle,12437,Mason,Redman,Essendon,0.0003370455950084863
2026,10,Essendon,Fremantle,12889,Zach,Reid,Essendon,0.00551127721621327
2026,10,Essendon,Fremantle,13168,Archie,Roberts,Essendon,0.01690879630951777
2026,10,Essendon,Fremantle,13307,Sullivan,Robey,Essendon,0.06708640920815906
2026,10,Essendon,Fremantle,12567,Will,Setterfield,Essendon,0.0
2026,10,Essendon,Fremantle,12366,Peter,Wright,Essendon,0.0
2026,10,Essendon,Fremantle,12983,Jye,Amiss,Fremantle,0.005960484330343704
2026,10,Essendon,Fremantle,12535,Shai,Bolton,Fremantle,0.9434125571408034
2026,10,Essendon,Fremantle,12589,Andrew,Brayshaw,Fremantle,0.28845840279205
2026,10,Essendon,Fremantle,12875,Heath,Chapman,Fremantle,0.012030313796805294
2026,10,Essendon,Fremantle,12688,Jordan,Clark,Fremantle,0.016342871660517504
2026,10,Essendon,Fremantle,12544,Brennan,Cox,Fremantle,0.009210768094089735
2026,10,Essendon,Fremantle,12428,Mason,Cox,Fremantle,0.012706762613017527
2026,10,Essendon,Fremantle,13204,Isaiah,Dudley,Fremantle,0.0027583174787796007
2026,10,Essendon,Fremantle,12966,Neil,Erasmus,Fremantle,0.009365258915283994
2026,10,Essendon,Fremantle,12801,Michael,Frederick,Fremantle,0.006381437960023375
2026,10,Essendon,Fremantle,12779,Luke,Jackson,Fremantle,0.036419900201202955
2026,10,Essendon,Fremantle,13047,Matthew,Johnson,Fremantle,0.008835676666430389
2026,10,Essendon,Fremantle,12394,Oscar,McDonald,Fremantle,0.006540957460486765
2026,10,Essendon,Fremantle,13033,Judd,McVee,Fremantle,0.012076576857182627
2026,10,Essendon,Fremantle,12960,Nathan,ODriscoll,Fremantle,0.005034893442172358
2026,10,Essendon,Fremantle,13180,Murphy,Reid,Fremantle,1.4920579524855606
2026,10,Essendon,Fremantle,12542,Luke,Ryan,Fremantle,0.021607043946902
2026,10,Essendon,Fremantle,13296,Chris,Scerri,Fremantle,0.0
2026,10,Essendon,Fremantle,12786,Caleb,Serong,Fremantle,0.5136101954628187
2026,10,Essendon,Fremantle,12672,Sam,Switkowski,Fremantle,0.00495400174877241
2026,10,Essendon,Fremantle,12887,Josh,Treacy,Fremantle,0.06013502356228732
2026,10,Essendon,Fremantle,13129,Patrick,Voss,Fremantle,1.9502174182958085
2026,10,Essendon,Fremantle,13075,Karl,Worner,Fremantle,0.28314683912664396
2026,10,St Kilda,Richmond,12712,Jack,Ross,Richmond,0.09502847585207524
2026,10,St Kilda,Richmond,12686,Noah,Balta,Richmond,0.034349804918223655
2026,10,St Kilda,Richmond,12456,Nathan,Broad,Richmond,0.03848791928485044
2026,10,St Kilda,Richmond,13315,Tom,Burton,Richmond,0.03568402042619743
2026,10,St Kilda,Richmond,13100,Seth,Campbell,Richmond,0.035569026075111705
2026,10,St Kilda,Richmond,13316,Sam,Cumming,Richmond,0.0346517580649958
2026,10,St Kilda,Richmond,13214,Jonty,Faull,Richmond,0.03198695152289117
2026,10,St Kilda,Richmond,13200,Liam,Fawcett,Richmond,0.030555236847851226
2026,10,St Kilda,Richmond,13218,Campbell,Gray,Richmond,0.03509953282945672
2026,10,St Kilda,Richmond,13145,Steely,Green,Richmond,0.034193731175580507
2026,10,St Kilda,Richmond,13290,Sam,Grlj,Richmond,0.031716577322450985
2026,10,St Kilda,Richmond,13309,Oliver,Hayes-Brown,Richmond,0.05542186122813381
2026,10,St Kilda,Richmond,12440,Jacob,Hopper,Richmond,0.03354602639440985
2026,10,St Kilda,Richmond,11948,Tom,Lynch,Richmond,0.021801565721855827
2026,10,St Kilda,Richmond,12941,Ben,Miller,Richmond,0.0
2026,10,St Kilda,Richmond,13313,Patrick,Retschko,Richmond,0.03578003887317819
2026,10,St Kilda,Richmond,13323,Noah,Roberts-Thomson,Richmond,0.026374239765233794
2026,10,St Kilda,Richmond,12418,Jayden,Short,Richmond,0.0
2026,10,St Kilda,Richmond,13014,Tyler,Sonsie,Richmond,0.03409392963407971
2026,10,St Kilda,Richmond,12504,Tim,Taranto,Richmond,0.03525654465167589
2026,10,St Kilda,Richmond,13191,Luke,Trainor,Richmond,0.036664545400463024
2026,10,St Kilda,Richmond,13095,James,Trezise,Richmond,0.026426832294560117
2026,10,St Kilda,Richmond,12174,Nick,Vlastuin,Richmond,0.01585011131549339
2026,10,St Kilda,Richmond,13324,Charlie,Banfield,St Kilda,0.032573415531586165
2026,10,St Kilda,Richmond,12802,Ryan,Byrnes,St Kilda,0.048461582254932585
2026,10,St Kilda,Richmond,13035,Anthony,Caminiti,St Kilda,0.049913368984352356
2026,10,St Kilda,Richmond,12976,Jack,Carroll,St Kilda,0.07814006347561098
2026,10,St Kilda,Richmond,12674,Tom,De Koning,St Kilda,0.1768336336205861
2026,10,St Kilda,Richmond,12824,Sam,Flanders,St Kilda,0.2683024582172873
2026,10,St Kilda,Richmond,13125,Hugo,Garcia,St Kilda,1.4515099429160905
2026,10,St Kilda,Richmond,13193,Max,Hall,St Kilda,1.2096635687752852
2026,10,St Kilda,Richmond,12831,Liam,Henry,St Kilda,0.03560566113944195
2026,10,St Kilda,Richmond,12609,Jack,Higgins,St Kilda,0.037341626092139375
2026,10,St Kilda,Richmond,12060,Bradley,Hill,St Kilda,0.042109524833950286
2026,10,St Kilda,Richmond,12420,Dougal,Howard,St Kilda,0.03691742671830287
2026,10,St Kilda,Richmond,12166,Jack,Macrae,St Kilda,0.7516458656769643
2026,10,St Kilda,Richmond,12564,Rowan,Marshall,St Kilda,0.06196837473026905
2026,10,St Kilda,Richmond,13194,Liam,OConnell,St Kilda,0.03567474273650612
2026,10,St Kilda,Richmond,13036,Mattaes,Phillipou,St Kilda,0.07063338975742553
2026,10,St Kilda,Richmond,12929,Cooper,Sharman,St Kilda,0.047562194541136533
2026,10,St Kilda,Richmond,12458,Jack,Silvagni,St Kilda,0.05221092801871433
2026,10,St Kilda,Richmond,12325,Jack,Sinclair,St Kilda,0.5235568198984853
2026,10,St Kilda,Richmond,12721,Liam,Stocker,St Kilda,0.040331353816321754
2026,10,St Kilda,Richmond,12703,Callum,Wilkie,St Kilda,0.0634281179768241
2026,10,St Kilda,Richmond,13110,Darcy,Wilson,St Kilda,0.06885267851132204
2026,10,St Kilda,Richmond,12967,Marcus,Windhager,St Kilda,0.058224532186692
2026,10,West Coast,Greater Western Sydney,13001,Ryan,Angwin,Greater Western Sydney,0.0
2026,10,West Coast,Greater Western Sydney,12782,Lachie,Ash,Greater Western Sydney,0.04711839641609697
2026,10,West Coast,Greater Western Sydney,12772,Toby,Bedford,Greater Western Sydney,0.0
2026,10,West Coast,Greater Western Sydney,12904,Kieren,Briggs,Greater Western Sydney,0.0
2026,10,West Coast,Greater Western Sydney,13054,Aaron,Cadman,Greater Western Sydney,0.0
2026,10,West Coast,Greater Western Sydney,12969,Finn,Callaghan,Greater Western Sydney,0.0
2026,10,West Coast,Greater Western Sydney,12028,Stephen,Coniglio,Greater Western Sydney,0.0
2026,10,West Coast,Greater Western Sydney,12656,Brent,Daniels,Greater Western Sydney,0.0
2026,10,West Coast,Greater Western Sydney,13164,Joe,Fonti,Greater Western Sydney,0.0
2026,10,West Coast,Greater Western Sydney,13279,Phoenix,Gothard,Greater Western Sydney,0.0
2026,10,West Coast,Greater Western Sydney,12025,Toby,Greene,Greater Western Sydney,0.0
2026,10,West Coast,Greater Western Sydney,13158,Max,Gruzewski,Greater Western Sydney,0.0
2026,10,West Coast,Greater Western Sydney,12462,Harry,Himmelberg,Greater Western Sydney,0.0
2026,10,West Coast,Greater Western Sydney,12750,Connor,Idun,Greater Western Sydney,0.0
2026,10,West Coast,Greater Western Sydney,12377,Jayden,Laverde,Greater Western Sydney,0.0
2026,10,West Coast,Greater Western Sydney,13174,James,Leake,Greater Western Sydney,0.0
2026,10,West Coast,Greater Western Sydney,13088,Toby,McMullin,Greater Western Sydney,0.0
2026,10,West Coast,Greater Western Sydney,12410,Clayton,Oliver,Greater Western Sydney,1.4512606562624968
2026,10,West Coast,Greater Western Sydney,13325,Harrison,Oliver,Greater Western Sydney,0.0
2026,10,West Coast,Greater Western Sydney,12834,Jake,Riccardi,Greater Western Sydney,0.0
2026,10,West Coast,Greater Western Sydney,12167,Jake,Stringer,Greater Western Sydney,0.0
2026,10,West Coast,Greater Western Sydney,13101,Harvey,Thomas,Greater Western Sydney,0.0
2026,10,West Coast,Greater Western Sydney,12143,Lachie,Whitfield,Greater Western Sydney,0.0
2026,10,West Coast,Greater Western Sydney,12962,Jack,Williams,West Coast,0.0
2026,10,West Coast,Greater Western Sydney,12661,Liam,Baker,West Coast,0.0
2026,10,West Coast,Greater Western Sydney,13000,Rhett,Bazzo,West Coast,0.0
2026,10,West Coast,Greater Western Sydney,13250,Malakai,Champion,West Coast,0.0
2026,10,West Coast,Greater Western Sydney,12446,Tom,Cole,West Coast,0.0
2026,10,West Coast,Greater Western Sydney,13210,Hamish,Davis,West Coast,0.0
2026,10,West Coast,Greater Western Sydney,12334,Liam,Duggan,West Coast,0.0
2026,10,West Coast,Greater Western Sydney,13292,Willem,Duursma,West Coast,0.0
2026,10,West Coast,Greater Western Sydney,13038,Reuben,Ginbey,West Coast,0.0
2026,10,West Coast,Greater Western Sydney,12957,Brady,Hough,West Coast,0.0
2026,10,West Coast,Greater Western Sydney,13151,Jack,Hutchinson,West Coast,0.0
2026,10,West Coast,Greater Western Sydney,13136,Harvey,Johnston,West Coast,0.0
2026,10,West Coast,Greater Western Sydney,12595,Tim,Kelly,West Coast,0.4721374857540408
2026,10,West Coast,Greater Western Sydney,13293,Josh,Lindsay,West Coast,0.0
2026,10,West Coast,Greater Western Sydney,13070,Ryan,Maric,West Coast,0.0
2026,10,West Coast,Greater Western Sydney,13240,Tom,McCarthy,West Coast,0.0
2026,10,West Coast,Greater Western Sydney,13294,Milan,Murdock,West Coast,0.0
2026,10,West Coast,Greater Western Sydney,13111,Harley,Reid,West Coast,2.7898730132982967
2026,10,West Coast,Greater Western Sydney,13247,Jobe,Shanahan,West Coast,0.0
2026,10,West Coast,Greater Western Sydney,12601,Jake,Waterman,West Coast,0.0
2026,10,West Coast,Greater Western Sydney,12836,Bailey,Williams,West Coast,1.2396104482688621
2026,10,West Coast,Greater Western Sydney,12087,Elliot,Yeo,West Coast,0.0
2026,10,West Coast,Greater Western Sydney,13043,Tylar,Young,West Coast,0.0
2026,11,Hawthorn,Adelaide,12414,Callum,Ah Chee,Adelaide,0.01214048125226697
2026,11,Hawthorn,Adelaide,12849,Sam,Berry,Adelaide,0.12074905362353523
2026,11,Hawthorn,Adelaide,13086,James,Borlase,Adelaide,0.020745781440142944
2026,11,Hawthorn,Adelaide,12829,Jordon,Butts,Adelaide,0.013167074166785659
2026,11,Hawthorn,Adelaide,12932,Brayden,Cook,Adelaide,0.01143388122848352
2026,11,Hawthorn,Adelaide,13132,Daniel,Curtin,Adelaide,0.011137518301434366
2026,11,Hawthorn,Adelaide,12516,Jordan,Dawson,Adelaide,1.044936837378226
2026,11,Hawthorn,Adelaide,12584,Darcy,Fogarty,Adelaide,0.0136074621531888
2026,11,Hawthorn,Adelaide,12434,Ben,Keays,Adelaide,0.008650910284687233
2026,11,Hawthorn,Adelaide,12165,Rory,Laird,Adelaide,0.04565797592737489
2026,11,Hawthorn,Adelaide,13065,Lachlan,McAndrew,Adelaide,0.15991953559634023
2026,11,Hawthorn,Adelaide,13027,Max,Michalanney,Adelaide,0.011638425584784094
2026,11,Hawthorn,Adelaide,12405,Wayne,Milera,Adelaide,0.4121748797466039
2026,11,Hawthorn,Adelaide,13280,Toby,Murray,Adelaide,0.00915673157990005
2026,11,Hawthorn,Adelaide,13081,Luke,Nankervis,Adelaide,0.009421428084544107
2026,11,Hawthorn,Adelaide,12367,Alex,Neal-Bullen,Adelaide,0.01863997060142474
2026,11,Hawthorn,Adelaide,12934,James,Peatling,Adelaide,0.012577536770998283
2026,11,Hawthorn,Adelaide,12953,Josh,Rachele,Adelaide,0.03071346264219241
2026,11,Hawthorn,Adelaide,12798,Izak,Rankine,Adelaide,0.03044812786959539
2026,11,Hawthorn,Adelaide,12952,Jake,Soligo,Adelaide,0.01871886319627936
2026,11,Hawthorn,Adelaide,13159,Zac,Taylor,Adelaide,0.010842401541458022
2026,11,Hawthorn,Adelaide,12892,Riley,Thilthorpe,Adelaide,0.03871510711314788
2026,11,Hawthorn,Adelaide,12912,Josh,Worrell,Adelaide,0.12749337693649365
2026,11,Hawthorn,Adelaide,12357,Karl,Amon,Hawthorn,0.02930267148417343
2026,11,Hawthorn,Adelaide,12558,Josh,Battle,Hawthorn,0.024541758728323388
2026,11,Hawthorn,Adelaide,12485,Mabior,Chol,Hawthorn,0.026896598890759463
2026,11,Hawthorn,Adelaide,12998,Massimo,DAmbrosio,Hawthorn,0.0746101925110654
2026,11,Hawthorn,Adelaide,12927,Jack,Ginnivan,Hawthorn,0.013824075175156662
2026,11,Hawthorn,Adelaide,12469,Blake,Hardwick,Hawthorn,1.5611585653466724
2026,11,Hawthorn,Adelaide,12237,Jarman,Impey,Hawthorn,0.9406607902925574
2026,11,Hawthorn,Adelaide,12636,Mitch,Lewis,Hawthorn,0.022590034911127075
2026,11,Hawthorn,Adelaide,13069,Bailey,Macdonald,Hawthorn,0.009936363414947361
2026,11,Hawthorn,Adelaide,12954,Connor,Macdonald,Hawthorn,0.018588394428148917
2026,11,Hawthorn,Adelaide,13031,Cam,Mackenzie,Hawthorn,0.23253078478555206
2026,11,Hawthorn,Adelaide,12843,Finn,Maginness,Hawthorn,0.010050292851453788
2026,11,Hawthorn,Adelaide,12856,Lloyd,Meek,Hawthorn,0.017156512019539386
2026,11,Hawthorn,Adelaide,12710,Dylan,Moore,Hawthorn,0.042967202344188105
2026,11,Hawthorn,Adelaide,13326,Cameron,Nairn,Hawthorn,0.013693299463059545
2026,11,Hawthorn,Adelaide,12670,Conor,Nash,Hawthorn,0.055493404072136876
2026,11,Hawthorn,Adelaide,12915,Jai,Newcombe,Hawthorn,0.16654984555983582
2026,11,Hawthorn,Adelaide,12906,Ned,Reeves,Hawthorn,0.04687242211160446
2026,11,Hawthorn,Adelaide,13320,Bodie,Ryan,Hawthorn,0.017619942640140333
2026,11,Hawthorn,Adelaide,12332,James,Sicily,Hawthorn,0.022596635679297778
2026,11,Hawthorn,Adelaide,12955,Josh,Ward,Hawthorn,0.21625424766344054
2026,11,Hawthorn,Adelaide,13105,Nick,Watson,Hawthorn,0.1389015786787496
2026,11,Hawthorn,Adelaide,13057,Josh,Weddle,Hawthorn,0.10451756393487344
2026,11,Fremantle,St Kilda,12983,Jye,Amiss,Fremantle,0.19605567410950228
2026,11,Fremantle,St Kilda,12535,Shai,Bolton,Fremantle,0.7806616561852704
2026,11,Fremantle,St Kilda,12589,Andrew,Brayshaw,Fremantle,0.17981056273393414
2026,11,Fremantle,St Kilda,12875,Heath,Chapman,Fremantle,0.0406051564047152
2026,11,Fremantle,St Kilda,12688,Jordan,Clark,Fremantle,0.031660730337781835
2026,11,Fremantle,St Kilda,12544,Brennan,Cox,Fremantle,0.2485497460890448
2026,11,Fremantle,St Kilda,12428,Mason,Cox,Fremantle,0.039363086848646485
2026,11,Fremantle,St Kilda,13204,Isaiah,Dudley,Fremantle,0.029423036746805943
2026,11,Fremantle,St Kilda,12966,Neil,Erasmus,Fremantle,0.02668087596299113
2026,11,Fremantle,St Kilda,12801,Michael,Frederick,Fremantle,0.03415315786177398
2026,11,Fremantle,St Kilda,12779,Luke,Jackson,Fremantle,0.46845018585827675
2026,11,Fremantle,St Kilda,13047,Matthew,Johnson,Fremantle,0.08603805538276207
2026,11,Fremantle,St Kilda,12394,Oscar,McDonald,Fremantle,0.032463006842870464
2026,11,Fremantle,St Kilda,13033,Judd,McVee,Fremantle,0.02766897055130419
2026,11,Fremantle,St Kilda,12960,Nathan,ODriscoll,Fremantle,0.14270524113509211
2026,11,Fremantle,St Kilda,13180,Murphy,Reid,Fremantle,1.7082788457339904
2026,11,Fremantle,St Kilda,12542,Luke,Ryan,Fremantle,0.028843282667079397
2026,11,Fremantle,St Kilda,13296,Chris,Scerri,Fremantle,0.026130428167845922
2026,11,Fremantle,St Kilda,12672,Sam,Switkowski,Fremantle,0.02351963832085805
2026,11,Fremantle,St Kilda,12887,Josh,Treacy,Fremantle,0.5836510591743812
2026,11,Fremantle,St Kilda,13129,Patrick,Voss,Fremantle,0.10943387179917455
2026,11,Fremantle,St Kilda,12453,Corey,Wagner,Fremantle,0.02689526369284332
2026,11,Fremantle,St Kilda,13075,Karl,Worner,Fremantle,0.06916171298538326
2026,11,Fremantle,St Kilda,13324,Charlie,Banfield,St Kilda,0.02375855205026734
2026,11,Fremantle,St Kilda,12802,Ryan,Byrnes,St Kilda,0.026195357278227645
2026,11,Fremantle,St Kilda,13035,Anthony,Caminiti,St Kilda,0.03335247906139708
2026,11,Fremantle,St Kilda,12976,Jack,Carroll,St Kilda,0.025558730067176995
2026,11,Fremantle,St Kilda,12674,Tom,De Koning,St Kilda,0.03044628378242193
2026,11,Fremantle,St Kilda,12824,Sam,Flanders,St Kilda,0.01995572511504399
2026,11,Fremantle,St Kilda,13125,Hugo,Garcia,St Kilda,0.022881572354294145
2026,11,Fremantle,St Kilda,13193,Max,Hall,St Kilda,0.407147579005215
2026,11,Fremantle,St Kilda,12831,Liam,Henry,St Kilda,0.027084509598693414
2026,11,Fremantle,St Kilda,12060,Bradley,Hill,St Kilda,0.024756578661534447
2026,11,Fremantle,St Kilda,12420,Dougal,Howard,St Kilda,0.03277458307409931
2026,11,Fremantle,St Kilda,12166,Jack,Macrae,St Kilda,0.021663244558589485
2026,11,Fremantle,St Kilda,12564,Rowan,Marshall,St Kilda,0.02816902501799507
2026,11,Fremantle,St Kilda,13194,Liam,OConnell,St Kilda,0.02478030658740308
2026,11,Fremantle,St Kilda,13036,Mattaes,Phillipou,St Kilda,0.030462052997005808
2026,11,Fremantle,St Kilda,12929,Cooper,Sharman,St Kilda,0.026027608251253505
2026,11,Fremantle,St Kilda,12458,Jack,Silvagni,St Kilda,0.03495014924025939
2026,11,Fremantle,St Kilda,12325,Jack,Sinclair,St Kilda,0.09823074503959381
2026,11,Fremantle,St Kilda,12721,Liam,Stocker,St Kilda,0.029379565801560543
2026,11,Fremantle,St Kilda,12703,Callum,Wilkie,St Kilda,0.01744635828912059
2026,11,Fremantle,St Kilda,13110,Darcy,Wilson,St Kilda,0.03390387611430149
2026,11,Fremantle,St Kilda,12967,Marcus,Windhager,St Kilda,0.04075032941004652
2026,11,Fremantle,St Kilda,12312,Mason,Wood,St Kilda,0.00012154304554021916
2026,11,Richmond,Essendon,13237,Lachlan,Blakiston,Essendon,0.013427660354799534
2026,11,Richmond,Essendon,12899,Nick,Bryan,Essendon,0.012134045197454871
2026,11,Richmond,Essendon,13148,Nate,Caddy,Essendon,0.0033417476894758193
2026,11,Richmond,Essendon,12755,Jye,Caldwell,Essendon,0.005399326927465867
2026,11,Richmond,Essendon,13223,Archer,Day-Wicks,Essendon,0.007486267078481105
2026,11,Richmond,Essendon,12925,Sam,Durham,Essendon,0.009989289950183198
2026,11,Richmond,Essendon,12696,Xavier,Duursma,Essendon,0.006937885901921462
2026,11,Richmond,Essendon,13198,Tom,Edwards,Essendon,0.006367129354974608
2026,11,Richmond,Essendon,13299,Jacob,Farrow,Essendon,0.0026568036758896386
2026,11,Richmond,Essendon,12415,Jade,Gresham,Essendon,0.009844665574886228
2026,11,Richmond,Essendon,12612,Matt,Guelfi,Essendon,0.008488043433408341
2026,11,Richmond,Essendon,12349,Kyle,Langford,Essendon,0.0
2026,11,Richmond,Essendon,13238,Archie,May,Essendon,0.031069617770313102
2026,11,Richmond,Essendon,12491,Andrew,McGrath,Essendon,0.0
2026,11,Richmond,Essendon,12580,Ben,McKay,Essendon,0.0067418810864781666
2026,11,Richmond,Essendon,12241,Zach,Merrett,Essendon,0.8929294082886009
2026,11,Richmond,Essendon,12406,Darcy,Parish,Essendon,2.276540834442154
2026,11,Richmond,Essendon,12879,Archie,Perkins,Essendon,0.0056655182344649314
2026,11,Richmond,Essendon,12874,Jaxon,Prior,Essendon,0.012100381063383823
2026,11,Richmond,Essendon,12437,Mason,Redman,Essendon,0.0
2026,11,Richmond,Essendon,12889,Zach,Reid,Essendon,0.00966262122644507
2026,11,Richmond,Essendon,13168,Archie,Roberts,Essendon,0.011359584295681072
2026,11,Richmond,Essendon,13307,Sullivan,Robey,Essendon,0.018996225853553834
2026,11,Richmond,Essendon,12712,Jack,Ross,Richmond,0.13392661532017805
2026,11,Richmond,Essendon,13242,Jasper,Alger,Richmond,0.007822527674575256
2026,11,Richmond,Essendon,12686,Noah,Balta,Richmond,0.025263161823599296
2026,11,Richmond,Essendon,12456,Nathan,Broad,Richmond,0.009942655754157346
2026,11,Richmond,Essendon,13315,Tom,Burton,Richmond,0.004996401356972217
2026,11,Richmond,Essendon,13100,Seth,Campbell,Richmond,0.06925298843386701
2026,11,Richmond,Essendon,13316,Sam,Cumming,Richmond,0.014150595261954339
2026,11,Richmond,Essendon,13214,Jonty,Faull,Richmond,0.010903733003483854
2026,11,Richmond,Essendon,13145,Steely,Green,Richmond,0.006559257214020623
2026,11,Richmond,Essendon,13290,Sam,Grlj,Richmond,0.01871562342355836
2026,11,Richmond,Essendon,13309,Oliver,Hayes-Brown,Richmond,0.017705288622515667
2026,11,Richmond,Essendon,12440,Jacob,Hopper,Richmond,0.048538039141017786
2026,11,Richmond,Essendon,13113,Mykelti,Lefau,Richmond,0.016197716482028533
2026,11,Richmond,Essendon,11948,Tom,Lynch,Richmond,0.015513556658098091
2026,11,Richmond,Essendon,12941,Ben,Miller,Richmond,0.015942140391578517
2026,11,Richmond,Essendon,13313,Patrick,Retschko,Richmond,0.39666581413458263
2026,11,Richmond,Essendon,13323,Noah,Roberts-Thomson,Richmond,0.009870151989984536
2026,11,Richmond,Essendon,12418,Jayden,Short,Richmond,0.4447671033651476
2026,11,Richmond,Essendon,13014,Tyler,Sonsie,Richmond,0.014667233356854496
2026,11,Richmond,Essendon,12504,Tim,Taranto,Richmond,1.324997193526917
2026,11,Richmond,Essendon,13191,Luke,Trainor,Richmond,0.015372256335403765
2026,11,Richmond,Essendon,13095,James,Trezise,Richmond,0.011826653597808687
2026,11,Richmond,Essendon,12174,Nick,Vlastuin,Richmond,0.01526435572684032
2026,11,North Melbourne,Gold Coast,13251,Oscar,Adams,Gold Coast,0.0
2026,11,North Melbourne,Gold Coast,12767,Noah,Anderson,Gold Coast,0.4801803596005162
2026,11,North Melbourne,Gold Coast,13019,Mac,Andrew,Gold Coast,0.0
2026,11,North Melbourne,Gold Coast,13119,Sam,Clohesy,Gold Coast,0.0
2026,11,North Melbourne,Gold Coast,12444,Sam,Collins,Gold Coast,0.4736236487343287
2026,11,North Melbourne,Gold Coast,13272,Lachlan,Gulbin,Gold Coast,0.0
2026,11,North Melbourne,Gold Coast,12307,Nick,Holman,Gold Coast,0.0
2026,11,North Melbourne,Gold Coast,13049,Bailey,Humphrey,Gold Coast,0.0
2026,11,North Melbourne,Gold Coast,12933,Joel,Jeffrey,Gold Coast,0.0
2026,11,North Melbourne,Gold Coast,12728,Ben,King,Gold Coast,0.0
2026,11,North Melbourne,Gold Coast,13232,Leo,Lombard,Gold Coast,0.0
2026,11,North Melbourne,Gold Coast,12521,Ben,Long,Gold Coast,0.0
2026,11,North Melbourne,Gold Coast,12331,Touk,Miller,Gold Coast,0.0
2026,11,North Melbourne,Gold Coast,13050,Ned,Moyle,Gold Coast,0.0
2026,11,North Melbourne,Gold Coast,12743,John,Noble,Gold Coast,0.0
2026,11,North Melbourne,Gold Coast,12430,Christian,Petracca,Gold Coast,0.16682241040358167
2026,11,North Melbourne,Gold Coast,12652,Wil,Powell,Gold Coast,0.0
2026,11,North Melbourne,Gold Coast,12403,Daniel,Rioli,Gold Coast,0.0
2026,11,North Melbourne,Gold Coast,12768,Matt,Rowell,Gold Coast,1.0820488731448665
2026,11,North Melbourne,Gold Coast,13041,Bodhi,Uwland,Gold Coast,0.0
2026,11,North Melbourne,Gold Coast,13278,Zeke,Uwland,Gold Coast,0.0
2026,11,North Melbourne,Gold Coast,13114,Jed,Walter,Gold Coast,0.0
2026,11,North Melbourne,Gold Coast,12177,Jarrod,Witts,Gold Coast,0.0
2026,11,North Melbourne,Gold Coast,12938,Charlie,Comben,North Melbourne,0.08930381517904559
2026,11,North Melbourne,Gold Coast,12975,Paul,Curtis,North Melbourne,0.0
2026,11,North Melbourne,Gold Coast,12373,Caleb,Daniel,North Melbourne,0.0
2026,11,North Melbourne,Gold Coast,11905,Jack,Darling,North Melbourne,0.018468326074445568
2026,11,North Melbourne,Gold Coast,12590,Luke,Davies-Uniacke,North Melbourne,1.2947402883975472
2026,11,North Melbourne,Gold Coast,13144,Wil,Dawson,North Melbourne,0.0
2026,11,North Melbourne,Gold Coast,13106,Zane,Duursma,North Melbourne,0.0
2026,11,North Melbourne,Gold Coast,13130,Riley,Hardeman,North Melbourne,0.0
2026,11,North Melbourne,Gold Coast,13186,Jacob,Konstanty,North Melbourne,0.0
2026,11,North Melbourne,Gold Coast,12563,Nick,Larkey,North Melbourne,0.0
2026,11,North Melbourne,Gold Coast,12511,Griffin,Logue,North Melbourne,0.0
2026,11,North Melbourne,Gold Coast,12246,Luke,McDonald,North Melbourne,0.0
2026,11,North Melbourne,Gold Coast,13107,Colby,McKercher,North Melbourne,0.0
2026,11,North Melbourne,Gold Coast,13187,Finn,OSullivan,North Melbourne,0.11135971918966395
2026,11,North Melbourne,Gold Coast,11953,Luke,Parker,North Melbourne,0.0
2026,11,North Melbourne,Gold Coast,13034,Harry,Sheezel,North Melbourne,1.463352833819033
2026,11,North Melbourne,Gold Coast,12502,Jy,Simpkin,North Melbourne,0.8200997254569324
2026,11,North Melbourne,Gold Coast,12622,Charlie,Spargo,North Melbourne,0.0
2026,11,North Melbourne,Gold Coast,12796,Dylan,Stephens,North Melbourne,0.0
2026,11,North Melbourne,Gold Coast,13263,Cooper,Trembath,North Melbourne,0.0
2026,11,North Melbourne,Gold Coast,13064,George,Wardlaw,North Melbourne,0.0
2026,11,North Melbourne,Gold Coast,12788,Tristan,Xerri,North Melbourne,0.0
2026,11,North Melbourne,Gold Coast,12557,Cameron,Zurhaar,North Melbourne,0.0
2026,11,Geelong,Sydney,12690,Tom,Atkins,Geelong,0.027736115700612206
2026,11,Geelong,Sydney,12153,Mark,Blicavs,Geelong,0.021918642174005014
2026,11,Geelong,Sydney,12017,Jeremy,Cameron,Geelong,0.601666815523473
2026,11,Geelong,Sydney,12806,Brad,Close,Geelong,0.027612691056946963
2026,11,Geelong,Sydney,11700,Patrick,Dangerfield,Geelong,0.10762613989145009
2026,11,Geelong,Sydney,12891,Sam,De Koning,Geelong,0.06158252229573804
2026,11,Geelong,Sydney,12974,Oliver,Dempsey,Geelong,0.037471518713378664
2026,11,Geelong,Sydney,13285,Mitchell,Edwards,Geelong,0.036970644023092726
2026,11,Geelong,Sydney,12551,Zach,Guthrie,Geelong,0.02418889232392462
2026,11,Geelong,Sydney,12607,Jack,Henry,Geelong,0.017452909640110613
2026,11,Geelong,Sydney,12851,Oliver,Henry,Geelong,0.04152710098086323
2026,11,Geelong,Sydney,12881,Max,Holmes,Geelong,2.0442955889679943
2026,11,Geelong,Sydney,13160,Lawson,Humphries,Geelong,1.254862201103342
2026,11,Geelong,Sydney,12370,Jake,Kolodjashnij,Geelong,0.021879789805658183
2026,11,Geelong,Sydney,13104,Shaun,Mannagh,Geelong,0.03622711214229952
2026,11,Geelong,Sydney,12236,Jack,Martin,Geelong,0.03679351653913764
2026,11,Geelong,Sydney,12689,Gryan,Miers,Geelong,0.019090250355577786
2026,11,Geelong,Sydney,13066,Oisin,Mullin,Geelong,0.046168601765886545
2026,11,Geelong,Sydney,12992,Shannon,Neale,Geelong,0.02663375498264147
2026,11,Geelong,Sydney,12531,Mark,OConnor,Geelong,0.02525532695229956
2026,11,Geelong,Sydney,13122,Connor,OSullivan,Geelong,0.04067840333820042
2026,11,Geelong,Sydney,12692,Bailey,Smith,Geelong,0.8467101119595132
2026,11,Geelong,Sydney,12505,Tom,Stewart,Geelong,0.042053760457303975
2026,11,Geelong,Sydney,12844,Joel,Amartey,Sydney,0.010062883778851804
2026,11,Geelong,Sydney,13195,Riley,Bice,Sydney,0.14346103293285803
2026,11,Geelong,Sydney,12699,Nick,Blakey,Sydney,0.014393090902441556
2026,11,Geelong,Sydney,13157,Caiden,Cleary,Sydney,0.011592893172195577
2026,11,Geelong,Sydney,12421,Charlie,Curnow,Sydney,0.007976388465485422
2026,11,Geelong,Sydney,13318,Will,Edwards,Sydney,0.021928695581604866
2026,11,Geelong,Sydney,12217,Brodie,Grundy,Sydney,0.0
2026,11,Geelong,Sydney,13173,Tom,Hanily,Sydney,0.020732237179426342
2026,11,Geelong,Sydney,12326,Isaac,Heeney,Sydney,0.059707207625702065
2026,11,Geelong,Sydney,12860,James,Jordon,Sydney,0.026236460646818276
2026,11,Geelong,Sydney,12268,Jake,Lloyd,Sydney,0.0
2026,11,Geelong,Sydney,12627,Tom,McCartin,Sydney,0.02525962897979763
2026,11,Geelong,Sydney,12861,Logan,McDonald,Sydney,0.017242173182549746
2026,11,Geelong,Sydney,12711,Justin,McInerney,Sydney,0.019401079174360146
2026,11,Geelong,Sydney,12526,Lewis,Melican,Sydney,0.028051807991493753
2026,11,Geelong,Sydney,12413,Callum,Mills,Sydney,0.0
2026,11,Geelong,Sydney,12412,Tom,Papley,Sydney,0.014624262299340655
2026,11,Geelong,Sydney,12903,Malcolm,Rosas,Sydney,0.021270872586214483
2026,11,Geelong,Sydney,12714,James,Rowbottom,Sydney,0.017823471782487964
2026,11,Geelong,Sydney,13022,Jai,Serong,Sydney,0.016979602205554188
2026,11,Geelong,Sydney,12951,Angus,Sheldrick,Sydney,0.01897679047331454
2026,11,Geelong,Sydney,12797,Chad,Warner,Sydney,0.032942174008678805
2026,11,Geelong,Sydney,12818,Sam,Wicks,Sydney,0.024934836327868713
2026,11,Collingwood,West Coast,13146,Edward,Allan,Collingwood,0.011225423339308972
2026,11,Collingwood,West Coast,12660,Darcy,Cameron,Collingwood,1.1385649154530222
2026,11,Collingwood,West Coast,12061,Jack,Crisp,Collingwood,0.5535285108895762
2026,11,Collingwood,West Coast,12573,Josh,Daicos,Collingwood,0.027049405530389776
2026,11,Collingwood,West Coast,12943,Nick,Daicos,Collingwood,2.7687249878233313
2026,11,Collingwood,West Coast,12318,Jordan,de Goey,Collingwood,0.18696857839222775
2026,11,Collingwood,West Coast,12083,Jamie,Elliott,Collingwood,0.06196417332872366
2026,11,Collingwood,West Coast,12676,Billy,Frampton,Collingwood,0.02472622663866768
2026,11,Collingwood,West Coast,13228,Will,Hayes,Collingwood,0.012468810441403206
2026,11,Collingwood,West Coast,12495,Dan,Houston,Collingwood,0.01731287717601564
2026,11,Collingwood,West Coast,11967,Jeremy,Howe,Collingwood,0.01822413873193886
2026,11,Collingwood,West Coast,12578,Patrick,Lipinski,Collingwood,0.020157010931795966
2026,11,Collingwood,West Coast,13023,Ned,Long,Collingwood,0.01967486691957603
2026,11,Collingwood,West Coast,12371,Brayden,Maynard,Collingwood,0.01746606547251871
2026,11,Collingwood,West Coast,12876,Beau,McCreery,Collingwood,0.016474747418132114
2026,11,Collingwood,West Coast,12291,Daniel,McStay,Collingwood,0.028346782645595998
2026,11,Collingwood,West Coast,12372,Darcy,Moore,Collingwood,0.019792319766398104
2026,11,Collingwood,West Coast,4182,Scott,Pendlebury,Collingwood,0.08793271189800901
2026,11,Collingwood,West Coast,12740,Isaac,Quaynor,Collingwood,0.019879193056674394
2026,11,Collingwood,West Coast,12700,Lachie,Schultz,Collingwood,0.011097318697479142
2026,11,Collingwood,West Coast,11751,Steele,Sidebottom,Collingwood,0.01426808633775752
2026,11,Collingwood,West Coast,13248,Roan,Steele,Collingwood,0.02748374898019414
2026,11,Collingwood,West Coast,13246,Charlie,West,Collingwood,0.013849319565427749
2026,11,Collingwood,West Coast,12962,Jack,Williams,West Coast,0.02827132952892041
2026,11,Collingwood,West Coast,13221,Bo,Allan,West Coast,0.017696407103199464
2026,11,Collingwood,West Coast,12661,Liam,Baker,West Coast,0.01768340909954565
2026,11,Collingwood,West Coast,13000,Rhett,Bazzo,West Coast,0.019989430486471827
2026,11,Collingwood,West Coast,13250,Malakai,Champion,West Coast,0.013528984129977318
2026,11,Collingwood,West Coast,12446,Tom,Cole,West Coast,0.01633474230071587
2026,11,Collingwood,West Coast,13210,Hamish,Davis,West Coast,0.01144832139764328
2026,11,Collingwood,West Coast,12334,Liam,Duggan,West Coast,0.0
2026,11,Collingwood,West Coast,13292,Willem,Duursma,West Coast,0.031069544707490782
2026,11,Collingwood,West Coast,13038,Reuben,Ginbey,West Coast,0.014113738480109345
2026,11,Collingwood,West Coast,12957,Brady,Hough,West Coast,0.01746603712418081
2026,11,Collingwood,West Coast,13136,Harvey,Johnston,West Coast,0.014346121779247562
2026,11,Collingwood,West Coast,12595,Tim,Kelly,West Coast,0.04993745357457653
2026,11,Collingwood,West Coast,13293,Josh,Lindsay,West Coast,0.010304173597997363
2026,11,Collingwood,West Coast,13070,Ryan,Maric,West Coast,0.006975056001605046
2026,11,Collingwood,West Coast,13240,Tom,McCarthy,West Coast,0.10888102928583633
2026,11,Collingwood,West Coast,13294,Milan,Murdock,West Coast,0.012756648632248558
2026,11,Collingwood,West Coast,13111,Harley,Reid,West Coast,0.04331734005481831
2026,11,Collingwood,West Coast,13247,Jobe,Shanahan,West Coast,0.01839571422288257
2026,11,Collingwood,West Coast,12601,Jake,Waterman,West Coast,0.010479106709819348
2026,11,Collingwood,West Coast,12836,Bailey,Williams,West Coast,0.28795126714649594
2026,11,Collingwood,West Coast,12087,Elliot,Yeo,West Coast,0.11376023224173945
2026,11,Collingwood,West Coast,13043,Tylar,Young,West Coast,0.01811369296895009
2026,11,Port Adelaide,Carlton,13365,Billy,Wilson,Carlton,0.0
2026,11,Port Adelaide,Carlton,12498,Ben,Ainsworth,Carlton,0.0
2026,11,Port Adelaide,Carlton,13297,Talor,Byrne,Carlton,0.0
2026,11,Port Adelaide,Carlton,13212,Matt,Carroll,Carlton,0.0
2026,11,Port Adelaide,Carlton,12603,Adam,Cerra,Carlton,0.0
2026,11,Port Adelaide,Carlton,13028,Lachlan,Cowan,Carlton,0.0
2026,11,Port Adelaide,Carlton,12261,Patrick,Cripps,Carlton,2.9865950831461046
2026,11,Port Adelaide,Carlton,13273,Harry,Dean,Carlton,0.0
2026,11,Port Adelaide,Carlton,13303,Wade,Derksen,Carlton,0.0
2026,11,Port Adelaide,Carlton,12873,Francis,Evans,Carlton,0.0
2026,11,Port Adelaide,Carlton,12497,Oliver,Florent,Carlton,0.0
2026,11,Port Adelaide,Carlton,12091,Nick,Haynes,Carlton,0.0
2026,11,Port Adelaide,Carlton,12509,Will,Hayward,Carlton,0.11051893753524852
2026,11,Port Adelaide,Carlton,12411,George,Hewett,Carlton,0.10690721553509863
2026,11,Port Adelaide,Carlton,13321,Jack,Ison,Carlton,0.0
2026,11,Port Adelaide,Carlton,12937,Brodie,Kemp,Carlton,0.0
2026,11,Port Adelaide,Carlton,12404,Mitch,McGovern,Carlton,0.0
2026,11,Port Adelaide,Carlton,12566,Harry,McKay,Carlton,0.0
2026,11,Port Adelaide,Carlton,12508,Nic,Newman,Carlton,0.0
2026,11,Port Adelaide,Carlton,12417,Marc,Pittonet,Carlton,0.0
2026,11,Port Adelaide,Carlton,13274,Jagga,Smith,Carlton,0.6228519658449164
2026,11,Port Adelaide,Carlton,12684,Sam,Walsh,Carlton,0.5777759923057968
2026,11,Port Adelaide,Carlton,13245,Flynn,Young,Carlton,0.0
2026,11,Port Adelaide,Carlton,12433,Aliir,Aliir,Port Adelaide,0.0
2026,11,Port Adelaide,Carlton,13322,Tom,Anastasopoulos,Port Adelaide,0.0
2026,11,Port Adelaide,Carlton,13188,Joe,Berry,Port Adelaide,0.0
2026,11,Port Adelaide,Carlton,13007,Jase,Burgoyne,Port Adelaide,0.0
2026,11,Port Adelaide,Carlton,12698,Zak,Butters,Port Adelaide,0.0
2026,11,Port Adelaide,Carlton,12422,Darcy,Byrne-Jones,Port Adelaide,0.0
2026,11,Port Adelaide,Carlton,12695,Willem,Drew,Port Adelaide,0.0
2026,11,Port Adelaide,Carlton,12936,Corey,Durdin,Port Adelaide,0.0
2026,11,Port Adelaide,Carlton,13156,Logan,Evans,Port Adelaide,0.0
2026,11,Port Adelaide,Carlton,12664,Kane,Farrell,Port Adelaide,0.0
2026,11,Port Adelaide,Carlton,12766,Mitch,Georgiades,Port Adelaide,0.0
2026,11,Port Adelaide,Carlton,12956,Jason,Horne-Francis,Port Adelaide,1.595350805631963
2026,11,Port Adelaide,Carlton,13301,Josh,Lai,Port Adelaide,0.0
2026,11,Port Adelaide,Carlton,13269,Ewan,Mackinlay,Port Adelaide,0.0
2026,11,Port Adelaide,Carlton,12575,Todd,Marshall,Port Adelaide,0.0
2026,11,Port Adelaide,Carlton,13199,Christian,Moraes,Port Adelaide,0.0
2026,11,Port Adelaide,Carlton,12597,Esava,Ratugolea,Port Adelaide,0.0
2026,11,Port Adelaide,Carlton,13139,Joe,Richards,Port Adelaide,0.0
2026,11,Port Adelaide,Carlton,12890,Jordon,Sweet,Port Adelaide,0.0
2026,11,Port Adelaide,Carlton,13289,Jack,Watkins,Port Adelaide,0.0
2026,11,Port Adelaide,Carlton,12991,Jacob,Wehr,Port Adelaide,0.0
2026,11,Port Adelaide,Carlton,13259,Jack,Whitlock,Port Adelaide,0.0
2026,11,Port Adelaide,Carlton,12150,Ollie,Wines,Port Adelaide,0.0
2026,11,Greater Western Sydney,Brisbane Lions,12277,Charlie,Cameron,Brisbane Lions,0.0
2026,11,Greater Western Sydney,Brisbane Lions,12340,Harris,Andrews,Brisbane Lions,0.0
2026,11,Greater Western Sydney,Brisbane Lions,13197,Levi,Ashcroft,Brisbane Lions,0.0
2026,11,Greater Western Sydney,Brisbane Lions,13040,Will,Ashcroft,Brisbane Lions,0.0
2026,11,Greater Western Sydney,Brisbane Lions,12610,Zac,Bailey,Brisbane Lions,0.0
2026,11,Greater Western Sydney,Brisbane Lions,12838,Keidean,Coleman,Brisbane Lions,0.0
2026,11,Greater Western Sydney,Brisbane Lions,12810,Sam,Draper,Brisbane Lions,0.0
2026,11,Greater Western Sydney,Brisbane Lions,12408,Josh,Dunkley,Brisbane Lions,0.0
2026,11,Greater Western Sydney,Brisbane Lions,13072,Jaspa,Fletcher,Brisbane Lions,0.0
2026,11,Greater Western Sydney,Brisbane Lions,12724,Darcy,Fort,Brisbane Lions,0.0
2026,11,Greater Western Sydney,Brisbane Lions,13235,Ty,Gallop,Brisbane Lions,0.0
2026,11,Greater Western Sydney,Brisbane Lions,12267,Darcy,Gardiner,Brisbane Lions,0.0
2026,11,Greater Western Sydney,Brisbane Lions,12968,Kai,Lohmann,Brisbane Lions,0.0
2026,11,Greater Western Sydney,Brisbane Lions,13215,Sam,Marshall,Brisbane Lions,0.0
2026,11,Greater Western Sydney,Brisbane Lions,12518,Hugh,McCluggage,Brisbane Lions,0.0
2026,11,Greater Western Sydney,Brisbane Lions,12391,Conor,McKenna,Brisbane Lions,0.0
2026,11,Greater Western Sydney,Brisbane Lions,13202,Will,McLachlan,Brisbane Lions,0.0
2026,11,Greater Western Sydney,Brisbane Lions,13137,Logan,Morris,Brisbane Lions,0.0
2026,11,Greater Western Sydney,Brisbane Lions,12055,Lachie,Neale,Brisbane Lions,0.09839075951572537
2026,11,Greater Western Sydney,Brisbane Lions,12592,Cam,Rayner,Brisbane Lions,0.0
2026,11,Greater Western Sydney,Brisbane Lions,13138,Bruce,Reville,Brisbane Lions,0.0
2026,11,Greater Western Sydney,Brisbane Lions,13005,James,Tunstill,Brisbane Lions,0.0
2026,11,Greater Western Sydney,Brisbane Lions,13026,Darcy,Wilmot,Brisbane Lions,0.0
2026,11,Greater Western Sydney,Brisbane Lions,12782,Lachie,Ash,Greater Western Sydney,0.0
2026,11,Greater Western Sydney,Brisbane Lions,12772,Toby,Bedford,Greater Western Sydney,0.0
2026,11,Greater Western Sydney,Brisbane Lions,12904,Kieren,Briggs,Greater Western Sydney,0.0
2026,11,Greater Western Sydney,Brisbane Lions,12910,Callum,Brown,Greater Western Sydney,0.0
2026,11,Greater Western Sydney,Brisbane Lions,12846,Jack,Buckley,Greater Western Sydney,0.0
2026,11,Greater Western Sydney,Brisbane Lions,13054,Aaron,Cadman,Greater Western Sydney,0.0
2026,11,Greater Western Sydney,Brisbane Lions,12969,Finn,Callaghan,Greater Western Sydney,0.6181376746370838
2026,11,Greater Western Sydney,Brisbane Lions,12028,Stephen,Coniglio,Greater Western Sydney,0.0
2026,11,Greater Western Sydney,Brisbane Lions,12656,Brent,Daniels,Greater Western Sydney,0.4234139290996195
2026,11,Greater Western Sydney,Brisbane Lions,13164,Joe,Fonti,Greater Western Sydney,0.0
2026,11,Greater Western Sydney,Brisbane Lions,13279,Phoenix,Gothard,Greater Western Sydney,0.6433543971214198
2026,11,Greater Western Sydney,Brisbane Lions,12025,Toby,Greene,Greater Western Sydney,1.6148035193832029
2026,11,Greater Western Sydney,Brisbane Lions,13158,Max,Gruzewski,Greater Western Sydney,0.0
2026,11,Greater Western Sydney,Brisbane Lions,12462,Harry,Himmelberg,Greater Western Sydney,0.0
2026,11,Greater Western Sydney,Brisbane Lions,12750,Connor,Idun,Greater Western Sydney,0.0
2026,11,Greater Western Sydney,Brisbane Lions,12377,Jayden,Laverde,Greater Western Sydney,0.0
2026,11,Greater Western Sydney,Brisbane Lions,13088,Toby,McMullin,Greater Western Sydney,0.0
2026,11,Greater Western Sydney,Brisbane Lions,12410,Clayton,Oliver,Greater Western Sydney,2.1900736003526404
2026,11,Greater Western Sydney,Brisbane Lions,13325,Harrison,Oliver,Greater Western Sydney,0.0
2026,11,Greater Western Sydney,Brisbane Lions,12834,Jake,Riccardi,Greater Western Sydney,0.0
2026,11,Greater Western Sydney,Brisbane Lions,12886,Conor,Stone,Greater Western Sydney,0.0
2026,11,Greater Western Sydney,Brisbane Lions,12167,Jake,Stringer,Greater Western Sydney,0.41182611989158524
2026,11,Greater Western Sydney,Brisbane Lions,13101,Harvey,Thomas,Greater Western Sydney,0.0
2026,11,Western Bulldogs,Melbourne,12931,Jake,Bowey,Melbourne,0.07352357064056173
2026,11,Western Bulldogs,Melbourne,12756,Kade,Chandler,Melbourne,0.06496280305962182
2026,11,Western Bulldogs,Melbourne,13300,Paddy,Cross,Melbourne,0.001723670457888786
2026,11,Western Bulldogs,Melbourne,12598,Bayley,Fritsch,Melbourne,0.0027335581119853
2026,11,Western Bulldogs,Melbourne,11966,Max,Gawn,Melbourne,0.06784664050144926
2026,11,Western Bulldogs,Melbourne,13254,Max,Heath,Melbourne,0.010490030404179639
2026,11,Western Bulldogs,Melbourne,13098,Blake,Howes,Melbourne,0.0038036512722548696
2026,11,Western Bulldogs,Melbourne,13182,Matthew,Jefferson,Melbourne,0.0029432760859553694
2026,11,Western Bulldogs,Melbourne,12752,Changkuoth,Jiath,Melbourne,0.00714000582183371
2026,11,Western Bulldogs,Melbourne,12393,Ed,Langdon,Melbourne,0.010603688227898776
2026,11,Western Bulldogs,Melbourne,13184,Harvey,Langford,Melbourne,0.05808828934598089
2026,11,Western Bulldogs,Melbourne,13032,Bailey,Laurie,Melbourne,0.005609342445525044
2026,11,Western Bulldogs,Melbourne,12351,Jake,Lever,Melbourne,0.010387062488971359
2026,11,Western Bulldogs,Melbourne,12653,Harry,Petty,Melbourne,0.008107418821316069
2026,11,Western Bulldogs,Melbourne,12771,Kysaiah,Pickett,Melbourne,0.2908218812365639
2026,11,Western Bulldogs,Melbourne,12778,Trent,Rivers,Melbourne,0.010776163396984721
2026,11,Western Bulldogs,Melbourne,12864,Harry,Sharp,Melbourne,0.016242308511003826
2026,11,Western Bulldogs,Melbourne,12693,Tom,Sparrow,Melbourne,0.02658095114083838
2026,11,Western Bulldogs,Melbourne,12368,Jack,Steele,Melbourne,0.04073048341406802
2026,11,Western Bulldogs,Melbourne,13123,Koltyn,Tholstrup,Melbourne,0.00504764748160471
2026,11,Western Bulldogs,Melbourne,12996,Daniel,Turner,Melbourne,0.01719940298840652
2026,11,Western Bulldogs,Melbourne,13048,Jacob,van Rooyen,Melbourne,0.011843747144487625
2026,11,Western Bulldogs,Melbourne,13099,Caleb,Windsor,Melbourne,0.008752951490505555
2026,11,Western Bulldogs,Melbourne,12269,Marcus,Bontempelli,Western Bulldogs,2.0669931235920482
2026,11,Western Bulldogs,Melbourne,12916,Lachlan,Bramble,Western Bulldogs,0.010848406192530823
2026,11,Western Bulldogs,Melbourne,12769,Connor,Budarick,Western Bulldogs,0.005795875573161517
2026,11,Western Bulldogs,Melbourne,12987,Luke,Cleary,Western Bulldogs,0.005667944277367824
2026,11,Western Bulldogs,Melbourne,12608,Nick,Coffield,Western Bulldogs,0.008686831049750397
2026,11,Western Bulldogs,Melbourne,13265,Jordan,Croft,Western Bulldogs,0.002896186360365781
2026,11,Western Bulldogs,Melbourne,12354,Bailey,Dale,Western Bulldogs,0.36075420912954925
2026,11,Western Bulldogs,Melbourne,13140,Joel,Freijah,Western Bulldogs,0.012258092221485155
2026,11,Western Bulldogs,Melbourne,13213,Cooper,Hynes,Western Bulldogs,0.006995500348939136
2026,11,Western Bulldogs,Melbourne,13275,Lachie,Jaques,Western Bulldogs,0.008588215890373806
2026,11,Western Bulldogs,Melbourne,13046,Arthur,Jones,Western Bulldogs,0.011489665748016846
2026,11,Western Bulldogs,Melbourne,12455,Matthew,Kennedy,Western Bulldogs,0.09160236738859334
2026,11,Western Bulldogs,Melbourne,12900,Buku,Khamis,Western Bulldogs,0.008516661833292659
2026,11,Western Bulldogs,Melbourne,13284,Will,Lewis,Western Bulldogs,0.003345292881237548
2026,11,Western Bulldogs,Melbourne,12282,Rory,Lobb,Western Bulldogs,0.04975226628786989
2026,11,Western Bulldogs,Melbourne,12854,Lachlan,McNeil,Western Bulldogs,0.004120442505676801
2026,11,Western Bulldogs,Melbourne,12594,Aaron,Naughton,Western Bulldogs,0.058289984192612755
2026,11,Western Bulldogs,Melbourne,13061,James,ODonnell,Western Bulldogs,0.013593053917926277
2026,11,Western Bulldogs,Melbourne,12605,Ed,Richards,Western Bulldogs,1.9390062527101608
2026,11,Western Bulldogs,Melbourne,13103,Ryley,Sanders,Western Bulldogs,0.5391803455344261
2026,11,Western Bulldogs,Melbourne,13276,Michael,Sellwood,Western Bulldogs,0.011386491724196889
2026,11,Western Bulldogs,Melbourne,12054,Adam,Treloar,Western Bulldogs,0.007817495610270751
2026,11,Western Bulldogs,Melbourne,12748,Rhylee,West,Western Bulldogs,0.016456750545341563
2026,12,St Kilda,Hawthorn,12357,Karl,Amon,Hawthorn,0.02201546483825534
2026,12,St Kilda,Hawthorn,12558,Josh,Battle,Hawthorn,0.007783061781267461
2026,12,St Kilda,Hawthorn,12485,Mabior,Chol,Hawthorn,0.03515541689200982
2026,12,St Kilda,Hawthorn,12998,Massimo,DAmbrosio,Hawthorn,0.1037347771163761
2026,12,St Kilda,Hawthorn,12794,Will,Day,Hawthorn,0.08280746852573209
2026,12,St Kilda,Hawthorn,12927,Jack,Ginnivan,Hawthorn,0.029641043527800268
2026,12,St Kilda,Hawthorn,11845,Jack,Gunston,Hawthorn,0.9881824323139698
2026,12,St Kilda,Hawthorn,12469,Blake,Hardwick,Hawthorn,0.1623214734673024
2026,12,St Kilda,Hawthorn,12237,Jarman,Impey,Hawthorn,0.01872397817365977
2026,12,St Kilda,Hawthorn,12636,Mitch,Lewis,Hawthorn,0.027356749442753264
2026,12,St Kilda,Hawthorn,13069,Bailey,Macdonald,Hawthorn,0.010202304340826543
2026,12,St Kilda,Hawthorn,12954,Connor,Macdonald,Hawthorn,0.17479834127015925
2026,12,St Kilda,Hawthorn,13031,Cam,Mackenzie,Hawthorn,0.7369858793981318
2026,12,St Kilda,Hawthorn,12856,Lloyd,Meek,Hawthorn,0.013700598736934091
2026,12,St Kilda,Hawthorn,12710,Dylan,Moore,Hawthorn,0.014941776113773328
2026,12,St Kilda,Hawthorn,13326,Cameron,Nairn,Hawthorn,0.0066046077349154325
2026,12,St Kilda,Hawthorn,12915,Jai,Newcombe,Hawthorn,0.30410245243654754
2026,12,St Kilda,Hawthorn,12841,Flynn,Perez,Hawthorn,0.011505510905021596
2026,12,St Kilda,Hawthorn,12906,Ned,Reeves,Hawthorn,0.015799025574084788
2026,12,St Kilda,Hawthorn,12332,James,Sicily,Hawthorn,2.100245134009755
2026,12,St Kilda,Hawthorn,12955,Josh,Ward,Hawthorn,0.0622474471626662
2026,12,St Kilda,Hawthorn,13105,Nick,Watson,Hawthorn,0.5665326687246023
2026,12,St Kilda,Hawthorn,13057,Josh,Weddle,Hawthorn,0.023282075130645327
2026,12,St Kilda,Hawthorn,13324,Charlie,Banfield,St Kilda,0.009133432914259984
2026,12,St Kilda,Hawthorn,12802,Ryan,Byrnes,St Kilda,0.0182751303267623
2026,12,St Kilda,Hawthorn,13035,Anthony,Caminiti,St Kilda,0.009976634237697388
2026,12,St Kilda,Hawthorn,12976,Jack,Carroll,St Kilda,0.004610327392000416
2026,12,St Kilda,Hawthorn,12674,Tom,De Koning,St Kilda,0.018125942533783926
2026,12,St Kilda,Hawthorn,12824,Sam,Flanders,St Kilda,0.007211775177582411
2026,12,St Kilda,Hawthorn,13125,Hugo,Garcia,St Kilda,0.004378780514899025
2026,12,St Kilda,Hawthorn,13193,Max,Hall,St Kilda,0.01739416840576323
2026,12,St Kilda,Hawthorn,12831,Liam,Henry,St Kilda,0.0080847165549187
2026,12,St Kilda,Hawthorn,12060,Bradley,Hill,St Kilda,0.017454387535096386
2026,12,St Kilda,Hawthorn,13201,Isaac,Keeler,St Kilda,0.006531789404264035
2026,12,St Kilda,Hawthorn,12166,Jack,Macrae,St Kilda,0.022755280789432383
2026,12,St Kilda,Hawthorn,12564,Rowan,Marshall,St Kilda,0.0022733307894431815
2026,12,St Kilda,Hawthorn,13194,Liam,OConnell,St Kilda,0.007654691174436193
2026,12,St Kilda,Hawthorn,13036,Mattaes,Phillipou,St Kilda,0.010214330978479777
2026,12,St Kilda,Hawthorn,12929,Cooper,Sharman,St Kilda,0.0062345011310365045
2026,12,St Kilda,Hawthorn,12458,Jack,Silvagni,St Kilda,0.0
2026,12,St Kilda,Hawthorn,12325,Jack,Sinclair,St Kilda,0.25421642062989436
2026,12,St Kilda,Hawthorn,13243,Alix,Tauru,St Kilda,0.009982208729845801
2026,12,St Kilda,Hawthorn,12703,Callum,Wilkie,St Kilda,0.0
2026,12,St Kilda,Hawthorn,13110,Darcy,Wilson,St Kilda,0.029855481309018134
2026,12,St Kilda,Hawthorn,12967,Marcus,Windhager,St Kilda,0.012108182391203579
2026,12,St Kilda,Hawthorn,12312,Mason,Wood,St Kilda,0.004858799474509609
2026,12,Carlton,Geelong,13365,Billy,Wilson,Carlton,0.0
2026,12,Carlton,Geelong,12276,Blake,Acres,Carlton,0.0
2026,12,Carlton,Geelong,12498,Ben,Ainsworth,Carlton,0.0
2026,12,Carlton,Geelong,13297,Talor,Byrne,Carlton,0.0
2026,12,Carlton,Geelong,12603,Adam,Cerra,Carlton,0.0
2026,12,Carlton,Geelong,13028,Lachlan,Cowan,Carlton,0.0
2026,12,Carlton,Geelong,12261,Patrick,Cripps,Carlton,2.396116710396665
2026,12,Carlton,Geelong,13273,Harry,Dean,Carlton,0.0
2026,12,Carlton,Geelong,12873,Francis,Evans,Carlton,0.0
2026,12,Carlton,Geelong,12497,Oliver,Florent,Carlton,0.0
2026,12,Carlton,Geelong,12091,Nick,Haynes,Carlton,0.0
2026,12,Carlton,Geelong,12509,Will,Hayward,Carlton,0.016606371937631252
2026,12,Carlton,Geelong,12411,George,Hewett,Carlton,0.0
2026,12,Carlton,Geelong,13321,Jack,Ison,Carlton,0.0
2026,12,Carlton,Geelong,12937,Brodie,Kemp,Carlton,0.0
2026,12,Carlton,Geelong,12404,Mitch,McGovern,Carlton,0.0
2026,12,Carlton,Geelong,12566,Harry,McKay,Carlton,0.0
2026,12,Carlton,Geelong,12508,Nic,Newman,Carlton,0.04613277543631877
2026,12,Carlton,Geelong,12417,Marc,Pittonet,Carlton,0.0
2026,12,Carlton,Geelong,13274,Jagga,Smith,Carlton,0.5168080289634428
2026,12,Carlton,Geelong,12684,Sam,Walsh,Carlton,1.4914961983163422
2026,12,Carlton,Geelong,12402,Jacob,Weitering,Carlton,0.0
2026,12,Carlton,Geelong,13245,Flynn,Young,Carlton,0.0
2026,12,Carlton,Geelong,12690,Tom,Atkins,Geelong,0.0
2026,12,Carlton,Geelong,12153,Mark,Blicavs,Geelong,0.0
2026,12,Carlton,Geelong,12871,Tanner,Bruhn,Geelong,0.0
2026,12,Carlton,Geelong,12017,Jeremy,Cameron,Geelong,0.43601201312348836
2026,12,Carlton,Geelong,12806,Brad,Close,Geelong,0.0
2026,12,Carlton,Geelong,11700,Patrick,Dangerfield,Geelong,0.0
2026,12,Carlton,Geelong,12891,Sam,De Koning,Geelong,0.0
2026,12,Carlton,Geelong,12974,Oliver,Dempsey,Geelong,0.0819279385595966
2026,12,Carlton,Geelong,13285,Mitchell,Edwards,Geelong,0.0
2026,12,Carlton,Geelong,12551,Zach,Guthrie,Geelong,0.0
2026,12,Carlton,Geelong,12607,Jack,Henry,Geelong,0.0
2026,12,Carlton,Geelong,12851,Oliver,Henry,Geelong,0.0
2026,12,Carlton,Geelong,12881,Max,Holmes,Geelong,0.14632690533774634
2026,12,Carlton,Geelong,13160,Lawson,Humphries,Geelong,0.0
2026,12,Carlton,Geelong,12370,Jake,Kolodjashnij,Geelong,0.0
2026,12,Carlton,Geelong,13104,Shaun,Mannagh,Geelong,0.0
2026,12,Carlton,Geelong,12689,Gryan,Miers,Geelong,0.0
2026,12,Carlton,Geelong,13066,Oisin,Mullin,Geelong,0.0
2026,12,Carlton,Geelong,12992,Shannon,Neale,Geelong,0.0
2026,12,Carlton,Geelong,12531,Mark,OConnor,Geelong,0.0
2026,12,Carlton,Geelong,13122,Connor,OSullivan,Geelong,0.0
2026,12,Carlton,Geelong,12692,Bailey,Smith,Geelong,0.8641392837235133
2026,12,Carlton,Geelong,12505,Tom,Stewart,Geelong,0.004433774202774958
2026,12,Sydney,Richmond,12712,Jack,Ross,Richmond,0.0
2026,12,Sydney,Richmond,13242,Jasper,Alger,Richmond,0.0
2026,12,Sydney,Richmond,12686,Noah,Balta,Richmond,0.0
2026,12,Sydney,Richmond,13078,Sam,Banks,Richmond,0.0
2026,12,Sydney,Richmond,12456,Nathan,Broad,Richmond,0.0
2026,12,Sydney,Richmond,13100,Seth,Campbell,Richmond,0.0
2026,12,Sydney,Richmond,13316,Sam,Cumming,Richmond,0.0
2026,12,Sydney,Richmond,13200,Liam,Fawcett,Richmond,0.0
2026,12,Sydney,Richmond,13145,Steely,Green,Richmond,0.0
2026,12,Sydney,Richmond,13290,Sam,Grlj,Richmond,0.0
2026,12,Sydney,Richmond,13309,Oliver,Hayes-Brown,Richmond,0.0
2026,12,Sydney,Richmond,12440,Jacob,Hopper,Richmond,0.0
2026,12,Sydney,Richmond,13113,Mykelti,Lefau,Richmond,0.0
2026,12,Sydney,Richmond,12941,Ben,Miller,Richmond,0.0
2026,12,Sydney,Richmond,11917,Dion,Prestia,Richmond,0.0
2026,12,Sydney,Richmond,13313,Patrick,Retschko,Richmond,0.0
2026,12,Sydney,Richmond,13323,Noah,Roberts-Thomson,Richmond,0.0
2026,12,Sydney,Richmond,12418,Jayden,Short,Richmond,0.0
2026,12,Sydney,Richmond,13014,Tyler,Sonsie,Richmond,0.0
2026,12,Sydney,Richmond,12504,Tim,Taranto,Richmond,0.0
2026,12,Sydney,Richmond,13191,Luke,Trainor,Richmond,0.0
2026,12,Sydney,Richmond,13095,James,Trezise,Richmond,0.0
2026,12,Sydney,Richmond,12174,Nick,Vlastuin,Richmond,0.0
2026,12,Sydney,Richmond,12844,Joel,Amartey,Sydney,0.0
2026,12,Sydney,Richmond,13195,Riley,Bice,Sydney,0.0
2026,12,Sydney,Richmond,12699,Nick,Blakey,Sydney,0.004068644646520264
2026,12,Sydney,Richmond,13157,Caiden,Cleary,Sydney,0.0
2026,12,Sydney,Richmond,12015,Harry,Cunningham,Sydney,0.0
2026,12,Sydney,Richmond,12421,Charlie,Curnow,Sydney,2.239317071700543
2026,12,Sydney,Richmond,13318,Will,Edwards,Sydney,0.0
2026,12,Sydney,Richmond,13173,Tom,Hanily,Sydney,0.0
2026,12,Sydney,Richmond,12326,Isaac,Heeney,Sydney,2.0909325209048193
2026,12,Sydney,Richmond,12860,James,Jordon,Sydney,0.0
2026,12,Sydney,Richmond,13327,Harry,Kyle,Sydney,0.0
2026,12,Sydney,Richmond,12729,Peter,Ladhams,Sydney,0.023994115468794902
2026,12,Sydney,Richmond,12268,Jake,Lloyd,Sydney,0.0
2026,12,Sydney,Richmond,12627,Tom,McCartin,Sydney,0.10439013120356039
2026,12,Sydney,Richmond,12861,Logan,McDonald,Sydney,0.0
2026,12,Sydney,Richmond,12711,Justin,McInerney,Sydney,0.0
2026,12,Sydney,Richmond,12745,Hayden,McLean,Sydney,0.0
2026,12,Sydney,Richmond,12526,Lewis,Melican,Sydney,0.0
2026,12,Sydney,Richmond,12714,James,Rowbottom,Sydney,0.0
2026,12,Sydney,Richmond,13022,Jai,Serong,Sydney,0.0
2026,12,Sydney,Richmond,12951,Angus,Sheldrick,Sydney,0.01343141272696144
2026,12,Sydney,Richmond,12797,Chad,Warner,Sydney,1.5238661033504695
2026,12,Sydney,Richmond,12818,Sam,Wicks,Sydney,0.0
2026,12,Brisbane Lions,Fremantle,12277,Charlie,Cameron,Brisbane Lions,0.01600101268707063
2026,12,Brisbane Lions,Fremantle,12340,Harris,Andrews,Brisbane Lions,0.022809339945032037
2026,12,Brisbane Lions,Fremantle,12718,Noah,Answerth,Brisbane Lions,0.024033650789305666
2026,12,Brisbane Lions,Fremantle,13197,Levi,Ashcroft,Brisbane Lions,0.02111832402783842
2026,12,Brisbane Lions,Fremantle,13040,Will,Ashcroft,Brisbane Lions,0.19874999372655808
2026,12,Brisbane Lions,Fremantle,12610,Zac,Bailey,Brisbane Lions,0.5784120150509311
2026,12,Brisbane Lions,Fremantle,12519,Jarrod,Berry,Brisbane Lions,0.01852222791011915
2026,12,Brisbane Lions,Fremantle,12838,Keidean,Coleman,Brisbane Lions,0.021743689696247376
2026,12,Brisbane Lions,Fremantle,13319,Cody,Curtin,Brisbane Lions,0.02436354250885467
2026,12,Brisbane Lions,Fremantle,12810,Sam,Draper,Brisbane Lions,0.0321208330532719
2026,12,Brisbane Lions,Fremantle,12408,Josh,Dunkley,Brisbane Lions,0.0401750969806068
2026,12,Brisbane Lions,Fremantle,13072,Jaspa,Fletcher,Brisbane Lions,0.0284020761396796
2026,12,Brisbane Lions,Fremantle,12724,Darcy,Fort,Brisbane Lions,0.026075441155239965
2026,12,Brisbane Lions,Fremantle,13235,Ty,Gallop,Brisbane Lions,0.02879374442466706
2026,12,Brisbane Lions,Fremantle,12267,Darcy,Gardiner,Brisbane Lions,0.02738684313521414
2026,12,Brisbane Lions,Fremantle,12968,Kai,Lohmann,Brisbane Lions,0.034000204048038496
2026,12,Brisbane Lions,Fremantle,12518,Hugh,McCluggage,Brisbane Lions,0.02933941919655611
2026,12,Brisbane Lions,Fremantle,12391,Conor,McKenna,Brisbane Lions,0.022791198999334433
2026,12,Brisbane Lions,Fremantle,13137,Logan,Morris,Brisbane Lions,0.024702679767646146
2026,12,Brisbane Lions,Fremantle,12055,Lachie,Neale,Brisbane Lions,0.06948239369089779
2026,12,Brisbane Lions,Fremantle,12592,Cam,Rayner,Brisbane Lions,0.017137145095555945
2026,12,Brisbane Lions,Fremantle,13138,Bruce,Reville,Brisbane Lions,0.0249760136191835
2026,12,Brisbane Lions,Fremantle,13026,Darcy,Wilmot,Brisbane Lions,0.09910137541055117
2026,12,Brisbane Lions,Fremantle,12983,Jye,Amiss,Fremantle,1.1292761711866133
2026,12,Brisbane Lions,Fremantle,12535,Shai,Bolton,Fremantle,0.24028999946394441
2026,12,Brisbane Lions,Fremantle,12589,Andrew,Brayshaw,Fremantle,0.39304298989836856
2026,12,Brisbane Lions,Fremantle,12875,Heath,Chapman,Fremantle,0.03303588149524868
2026,12,Brisbane Lions,Fremantle,12688,Jordan,Clark,Fremantle,0.18515282943839098
2026,12,Brisbane Lions,Fremantle,12544,Brennan,Cox,Fremantle,0.024398678226018766
2026,12,Brisbane Lions,Fremantle,12428,Mason,Cox,Fremantle,0.03158470883049777
2026,12,Brisbane Lions,Fremantle,13204,Isaiah,Dudley,Fremantle,0.026312545386467157
2026,12,Brisbane Lions,Fremantle,12966,Neil,Erasmus,Fremantle,0.034894352205891044
2026,12,Brisbane Lions,Fremantle,12801,Michael,Frederick,Fremantle,0.025796862341483345
2026,12,Brisbane Lions,Fremantle,12779,Luke,Jackson,Fremantle,0.12295645194066672
2026,12,Brisbane Lions,Fremantle,13047,Matthew,Johnson,Fremantle,0.31294607504459393
2026,12,Brisbane Lions,Fremantle,13033,Judd,McVee,Fremantle,0.03133220356872682
2026,12,Brisbane Lions,Fremantle,12960,Nathan,ODriscoll,Fremantle,0.054678356211547874
2026,12,Brisbane Lions,Fremantle,12352,Alex,Pearce,Fremantle,0.03287795678273618
2026,12,Brisbane Lions,Fremantle,13180,Murphy,Reid,Fremantle,0.05164201443303648
2026,12,Brisbane Lions,Fremantle,12542,Luke,Ryan,Fremantle,0.06910862586608052
2026,12,Brisbane Lions,Fremantle,13296,Chris,Scerri,Fremantle,0.02706377600166479
2026,12,Brisbane Lions,Fremantle,12672,Sam,Switkowski,Fremantle,0.05993629911806203
2026,12,Brisbane Lions,Fremantle,12887,Josh,Treacy,Fremantle,0.9160605794294079
2026,12,Brisbane Lions,Fremantle,13129,Patrick,Voss,Fremantle,0.6888995976884174
2026,12,Brisbane Lions,Fremantle,12453,Corey,Wagner,Fremantle,0.03479768804479666
2026,12,Brisbane Lions,Fremantle,13075,Karl,Worner,Fremantle,0.04367709635250548
2026,12,Western Bulldogs,Collingwood,13146,Edward,Allan,Collingwood,0.021497375832421693
2026,12,Western Bulldogs,Collingwood,13306,Angus,Anderson,Collingwood,0.0342277571973816
2026,12,Western Bulldogs,Collingwood,12660,Darcy,Cameron,Collingwood,0.019499012097610673
2026,12,Western Bulldogs,Collingwood,12061,Jack,Crisp,Collingwood,0.004021919838335296
2026,12,Western Bulldogs,Collingwood,12573,Josh,Daicos,Collingwood,0.012988674629132328
2026,12,Western Bulldogs,Collingwood,12943,Nick,Daicos,Collingwood,0.9747034887002597
2026,12,Western Bulldogs,Collingwood,12318,Jordan,de Goey,Collingwood,1.4504558681775834
2026,12,Western Bulldogs,Collingwood,12676,Billy,Frampton,Collingwood,0.022668228459541605
2026,12,Western Bulldogs,Collingwood,13068,Harvey,Harrison,Collingwood,0.005742691964300654
2026,12,Western Bulldogs,Collingwood,12495,Dan,Houston,Collingwood,0.0021266169963728362
2026,12,Western Bulldogs,Collingwood,11967,Jeremy,Howe,Collingwood,0.009420991885549478
2026,12,Western Bulldogs,Collingwood,12578,Patrick,Lipinski,Collingwood,0.008272728624024443
2026,12,Western Bulldogs,Collingwood,13023,Ned,Long,Collingwood,0.01588767220202019
2026,12,Western Bulldogs,Collingwood,12371,Brayden,Maynard,Collingwood,0.0
2026,12,Western Bulldogs,Collingwood,12876,Beau,McCreery,Collingwood,0.01886161491663551
2026,12,Western Bulldogs,Collingwood,12291,Daniel,McStay,Collingwood,0.007183547100376768
2026,12,Western Bulldogs,Collingwood,12300,Tim,Membrey,Collingwood,0.02082851338848326
2026,12,Western Bulldogs,Collingwood,13147,Wil,Parker,Collingwood,0.014607530816595403
2026,12,Western Bulldogs,Collingwood,4182,Scott,Pendlebury,Collingwood,0.1801322343192186
2026,12,Western Bulldogs,Collingwood,12740,Isaac,Quaynor,Collingwood,0.011173824821718935
2026,12,Western Bulldogs,Collingwood,12700,Lachie,Schultz,Collingwood,0.03771458807566575
2026,12,Western Bulldogs,Collingwood,11751,Steele,Sidebottom,Collingwood,0.0049748376545047865
2026,12,Western Bulldogs,Collingwood,13248,Roan,Steele,Collingwood,0.014522978993268008
2026,12,Western Bulldogs,Collingwood,12269,Marcus,Bontempelli,Western Bulldogs,0.9631552691848169
2026,12,Western Bulldogs,Collingwood,12916,Lachlan,Bramble,Western Bulldogs,0.016760253671664886
2026,12,Western Bulldogs,Collingwood,12769,Connor,Budarick,Western Bulldogs,0.01759192638406728
2026,12,Western Bulldogs,Collingwood,12608,Nick,Coffield,Western Bulldogs,0.019856680742437703
2026,12,Western Bulldogs,Collingwood,13265,Jordan,Croft,Western Bulldogs,0.017880070188181434
2026,12,Western Bulldogs,Collingwood,12354,Bailey,Dale,Western Bulldogs,0.052898410727726435
2026,12,Western Bulldogs,Collingwood,12537,Tim,English,Western Bulldogs,0.38199500744810483
2026,12,Western Bulldogs,Collingwood,13140,Joel,Freijah,Western Bulldogs,0.0797295265588816
2026,12,Western Bulldogs,Collingwood,13213,Cooper,Hynes,Western Bulldogs,0.019596482999975066
2026,12,Western Bulldogs,Collingwood,13275,Lachie,Jaques,Western Bulldogs,0.016665900672514243
2026,12,Western Bulldogs,Collingwood,13046,Arthur,Jones,Western Bulldogs,0.015773927671495512
2026,12,Western Bulldogs,Collingwood,12455,Matthew,Kennedy,Western Bulldogs,0.3538555216546962
2026,12,Western Bulldogs,Collingwood,12900,Buku,Khamis,Western Bulldogs,0.026792930112439196
2026,12,Western Bulldogs,Collingwood,13284,Will,Lewis,Western Bulldogs,0.039137977457357524
2026,12,Western Bulldogs,Collingwood,12282,Rory,Lobb,Western Bulldogs,0.021506008036366424
2026,12,Western Bulldogs,Collingwood,12854,Lachlan,McNeil,Western Bulldogs,0.02389440765660921
2026,12,Western Bulldogs,Collingwood,12594,Aaron,Naughton,Western Bulldogs,0.016066724790828872
2026,12,Western Bulldogs,Collingwood,13061,James,ODonnell,Western Bulldogs,0.020606488196510585
2026,12,Western Bulldogs,Collingwood,12605,Ed,Richards,Western Bulldogs,0.8324484019958812
2026,12,Western Bulldogs,Collingwood,13103,Ryley,Sanders,Western Bulldogs,0.10092165256004465
2026,12,Western Bulldogs,Collingwood,13276,Michael,Sellwood,Western Bulldogs,0.022567134896805834
2026,12,Western Bulldogs,Collingwood,12054,Adam,Treloar,Western Bulldogs,0.0330533342365043
2026,12,Western Bulldogs,Collingwood,12748,Rhylee,West,Western Bulldogs,0.015733265454402283
2026,12,Melbourne,Greater Western Sydney,13020,Leek,Aleer,Greater Western Sydney,0.0133472365253508
2026,12,Melbourne,Greater Western Sydney,12782,Lachie,Ash,Greater Western Sydney,0.7702938673526766
2026,12,Melbourne,Greater Western Sydney,12772,Toby,Bedford,Greater Western Sydney,0.18537127936490685
2026,12,Melbourne,Greater Western Sydney,12904,Kieren,Briggs,Greater Western Sydney,0.06231729382597087
2026,12,Melbourne,Greater Western Sydney,12910,Callum,Brown,Greater Western Sydney,0.02815506203462353
2026,12,Melbourne,Greater Western Sydney,13054,Aaron,Cadman,Greater Western Sydney,0.014535862444902067
2026,12,Melbourne,Greater Western Sydney,12969,Finn,Callaghan,Greater Western Sydney,2.1612462505927357
2026,12,Melbourne,Greater Western Sydney,12028,Stephen,Coniglio,Greater Western Sydney,0.022395276996086313
2026,12,Melbourne,Greater Western Sydney,12656,Brent,Daniels,Greater Western Sydney,0.05480053764317204
2026,12,Melbourne,Greater Western Sydney,13164,Joe,Fonti,Greater Western Sydney,0.0613577129843301
2026,12,Melbourne,Greater Western Sydney,13279,Phoenix,Gothard,Greater Western Sydney,0.020723145161574832
2026,12,Melbourne,Greater Western Sydney,12025,Toby,Greene,Greater Western Sydney,0.6093201468900544
2026,12,Melbourne,Greater Western Sydney,13158,Max,Gruzewski,Greater Western Sydney,0.030787246142337656
2026,12,Melbourne,Greater Western Sydney,12462,Harry,Himmelberg,Greater Western Sydney,0.018483147404348362
2026,12,Melbourne,Greater Western Sydney,12750,Connor,Idun,Greater Western Sydney,0.11497805099018737
2026,12,Melbourne,Greater Western Sydney,12377,Jayden,Laverde,Greater Western Sydney,0.018193945197363972
2026,12,Melbourne,Greater Western Sydney,13088,Toby,McMullin,Greater Western Sydney,0.015530160695416306
2026,12,Melbourne,Greater Western Sydney,12410,Clayton,Oliver,Greater Western Sydney,0.667652197895159
2026,12,Melbourne,Greater Western Sydney,12886,Conor,Stone,Greater Western Sydney,0.013399547196620117
2026,12,Melbourne,Greater Western Sydney,12167,Jake,Stringer,Greater Western Sydney,0.018425570765564305
2026,12,Melbourne,Greater Western Sydney,12644,Sam,Taylor,Greater Western Sydney,0.014293598436598467
2026,12,Melbourne,Greater Western Sydney,13101,Harvey,Thomas,Greater Western Sydney,0.3557951546872331
2026,12,Melbourne,Greater Western Sydney,12143,Lachie,Whitfield,Greater Western Sydney,0.08447511247630822
2026,12,Melbourne,Greater Western Sydney,12931,Jake,Bowey,Melbourne,0.01352524164295146
2026,12,Melbourne,Greater Western Sydney,12756,Kade,Chandler,Melbourne,0.023474131295861716
2026,12,Melbourne,Greater Western Sydney,13300,Paddy,Cross,Melbourne,0.009624624302798142
2026,12,Melbourne,Greater Western Sydney,12598,Bayley,Fritsch,Melbourne,0.00862483696517299
2026,12,Melbourne,Greater Western Sydney,11966,Max,Gawn,Melbourne,0.2214340333548871
2026,12,Melbourne,Greater Western Sydney,13098,Blake,Howes,Melbourne,0.010044496117173281
2026,12,Melbourne,Greater Western Sydney,13182,Matthew,Jefferson,Melbourne,0.009892543699358127
2026,12,Melbourne,Greater Western Sydney,12393,Ed,Langdon,Melbourne,0.001470618539120558
2026,12,Melbourne,Greater Western Sydney,13184,Harvey,Langford,Melbourne,0.01169169371713832
2026,12,Melbourne,Greater Western Sydney,13032,Bailey,Laurie,Melbourne,0.009434404734133674
2026,12,Melbourne,Greater Western Sydney,12639,Brody,Mihocek,Melbourne,0.0052876249639596225
2026,12,Melbourne,Greater Western Sydney,13161,Andy,Moniz-Wakefield,Melbourne,0.008828358055979615
2026,12,Melbourne,Greater Western Sydney,12653,Harry,Petty,Melbourne,0.018456890591720145
2026,12,Melbourne,Greater Western Sydney,12771,Kysaiah,Pickett,Melbourne,0.09547732168830701
2026,12,Melbourne,Greater Western Sydney,13286,Latrelle,Pickett,Melbourne,0.010559008339117461
2026,12,Melbourne,Greater Western Sydney,12778,Trent,Rivers,Melbourne,0.015787355816924236
2026,12,Melbourne,Greater Western Sydney,12864,Harry,Sharp,Melbourne,0.015220829971547913
2026,12,Melbourne,Greater Western Sydney,12693,Tom,Sparrow,Melbourne,0.017821672892117415
2026,12,Melbourne,Greater Western Sydney,12368,Jack,Steele,Melbourne,0.07763939212426638
2026,12,Melbourne,Greater Western Sydney,13123,Koltyn,Tholstrup,Melbourne,0.015602346295943103
2026,12,Melbourne,Greater Western Sydney,12996,Daniel,Turner,Melbourne,0.014240905834553005
2026,12,Melbourne,Greater Western Sydney,13048,Jacob,van Rooyen,Melbourne,0.018421040488661968
2026,12,Melbourne,Greater Western Sydney,13099,Caleb,Windsor,Melbourne,0.011563224858031875
2026,12,West Coast,Essendon,13237,Lachlan,Blakiston,Essendon,0.01327167831228979
2026,12,West Coast,Essendon,12899,Nick,Bryan,Essendon,0.01648230382181082
2026,12,West Coast,Essendon,13148,Nate,Caddy,Essendon,0.0
2026,12,West Coast,Essendon,12852,Nik,Cox,Essendon,0.009104657592412389
2026,12,West Coast,Essendon,13223,Archer,Day-Wicks,Essendon,0.010666900559002965
2026,12,West Coast,Essendon,12696,Xavier,Duursma,Essendon,0.007213869282324984
2026,12,West Coast,Essendon,13198,Tom,Edwards,Essendon,0.014469806473160238
2026,12,West Coast,Essendon,13203,Saad,El-Hawli,Essendon,0.013457821548953117
2026,12,West Coast,Essendon,13299,Jacob,Farrow,Essendon,0.011953785763454964
2026,12,West Coast,Essendon,12415,Jade,Gresham,Essendon,0.009367621363651272
2026,12,West Coast,Essendon,13282,Max,Kondogiannis,Essendon,0.015238568897993302
2026,12,West Coast,Essendon,12349,Kyle,Langford,Essendon,0.03313885156189024
2026,12,West Coast,Essendon,13238,Archie,May,Essendon,0.01998041527260486
2026,12,West Coast,Essendon,12580,Ben,McKay,Essendon,0.028718047703420044
2026,12,West Coast,Essendon,12241,Zach,Merrett,Essendon,0.31173056669336713
2026,12,West Coast,Essendon,12406,Darcy,Parish,Essendon,0.03217823620425951
2026,12,West Coast,Essendon,12879,Archie,Perkins,Essendon,0.019849254833979122
2026,12,West Coast,Essendon,12874,Jaxon,Prior,Essendon,0.012315384818517714
2026,12,West Coast,Essendon,12889,Zach,Reid,Essendon,0.020037567578991087
2026,12,West Coast,Essendon,13168,Archie,Roberts,Essendon,0.008739336129860224
2026,12,West Coast,Essendon,13307,Sullivan,Robey,Essendon,0.17497629453622335
2026,12,West Coast,Essendon,12567,Will,Setterfield,Essendon,0.018683716606614973
2026,12,West Coast,Essendon,13087,Elijah,Tsatas,Essendon,0.05349638144007522
2026,12,West Coast,Essendon,12962,Jack,Williams,West Coast,0.023998191367313005
2026,12,West Coast,Essendon,13221,Bo,Allan,West Coast,0.03866732758619246
2026,12,West Coast,Essendon,12661,Liam,Baker,West Coast,0.17616089549115152
2026,12,West Coast,Essendon,13000,Rhett,Bazzo,West Coast,0.019747632205720653
2026,12,West Coast,Essendon,13250,Malakai,Champion,West Coast,0.01746227144437568
2026,12,West Coast,Essendon,12446,Tom,Cole,West Coast,0.017440986402211537
2026,12,West Coast,Essendon,13210,Hamish,Davis,West Coast,0.024768689564517585
2026,12,West Coast,Essendon,12334,Liam,Duggan,West Coast,0.03022510722402107
2026,12,West Coast,Essendon,13292,Willem,Duursma,West Coast,0.3226462774302761
2026,12,West Coast,Essendon,13038,Reuben,Ginbey,West Coast,0.8447357870737677
2026,12,West Coast,Essendon,12957,Brady,Hough,West Coast,0.017162170951473908
2026,12,West Coast,Essendon,13136,Harvey,Johnston,West Coast,0.016605377051256257
2026,12,West Coast,Essendon,12595,Tim,Kelly,West Coast,0.8213177234472196
2026,12,West Coast,Essendon,13293,Josh,Lindsay,West Coast,0.017886961087858786
2026,12,West Coast,Essendon,13070,Ryan,Maric,West Coast,0.020484470492865756
2026,12,West Coast,Essendon,13240,Tom,McCarthy,West Coast,0.40862231905587393
2026,12,West Coast,Essendon,13294,Milan,Murdock,West Coast,0.4904400360390143
2026,12,West Coast,Essendon,13111,Harley,Reid,West Coast,0.8641221911817579
2026,12,West Coast,Essendon,13247,Jobe,Shanahan,West Coast,0.021152453569312227
2026,12,West Coast,Essendon,12601,Jake,Waterman,West Coast,0.7680769917989247
2026,12,West Coast,Essendon,12836,Bailey,Williams,West Coast,0.044714217062788206
2026,12,West Coast,Essendon,12087,Elliot,Yeo,West Coast,0.06401013173940594
2026,12,West Coast,Essendon,13043,Tylar,Young,West Coast,0.07448072374419182
2026,13,Adelaide,Geelong,12414,Callum,Ah Chee,Adelaide,0.0037245984221863718
2026,13,Adelaide,Geelong,12849,Sam,Berry,Adelaide,0.024895869654193832
2026,13,Adelaide,Geelong,13086,James,Borlase,Adelaide,0.009102754732351705
2026,13,Adelaide,Geelong,12829,Jordon,Butts,Adelaide,0.005400663795509859
2026,13,Adelaide,Geelong,12932,Brayden,Cook,Adelaide,0.013456106435110256
2026,13,Adelaide,Geelong,13132,Daniel,Curtin,Adelaide,0.7528647064566903
2026,13,Adelaide,Geelong,12516,Jordan,Dawson,Adelaide,2.510103744981071
2026,13,Adelaide,Geelong,12584,Darcy,Fogarty,Adelaide,0.002914978453439028
2026,13,Adelaide,Geelong,13328,Hugo,Hall-Kahan,Adelaide,0.003924332677114735
2026,13,Adelaide,Geelong,12434,Ben,Keays,Adelaide,0.02680701843535966
2026,13,Adelaide,Geelong,12165,Rory,Laird,Adelaide,0.033153462716427474
2026,13,Adelaide,Geelong,13065,Lachlan,McAndrew,Adelaide,0.03168724863948028
2026,13,Adelaide,Geelong,13027,Max,Michalanney,Adelaide,0.004449154463666373
2026,13,Adelaide,Geelong,12405,Wayne,Milera,Adelaide,0.021130835652974224
2026,13,Adelaide,Geelong,13280,Toby,Murray,Adelaide,0.007871425273366824
2026,13,Adelaide,Geelong,13081,Luke,Nankervis,Adelaide,0.0058669396059775406
2026,13,Adelaide,Geelong,12367,Alex,Neal-Bullen,Adelaide,0.015894438489596575
2026,13,Adelaide,Geelong,12934,James,Peatling,Adelaide,0.05757837019193652
2026,13,Adelaide,Geelong,12953,Josh,Rachele,Adelaide,0.0017645682107031782
2026,13,Adelaide,Geelong,12952,Jake,Soligo,Adelaide,0.025601763007289592
2026,13,Adelaide,Geelong,13159,Zac,Taylor,Adelaide,0.005327781586665199
2026,13,Adelaide,Geelong,11713,Taylor,Walker,Adelaide,0.0028612833927168027
2026,13,Adelaide,Geelong,12912,Josh,Worrell,Adelaide,0.005104933429068349
2026,13,Adelaide,Geelong,12690,Tom,Atkins,Geelong,0.006367895889253163
2026,13,Adelaide,Geelong,12153,Mark,Blicavs,Geelong,0.0
2026,13,Adelaide,Geelong,12499,Jack,Bowes,Geelong,0.006297484884538691
2026,13,Adelaide,Geelong,12871,Tanner,Bruhn,Geelong,0.00725980055945525
2026,13,Adelaide,Geelong,12017,Jeremy,Cameron,Geelong,0.015073821083076235
2026,13,Adelaide,Geelong,11700,Patrick,Dangerfield,Geelong,1.346737011540173
2026,13,Adelaide,Geelong,12891,Sam,De Koning,Geelong,0.059606419529502234
2026,13,Adelaide,Geelong,12974,Oliver,Dempsey,Geelong,0.0015098494021605693
2026,13,Adelaide,Geelong,12551,Zach,Guthrie,Geelong,0.0035807565891517804
2026,13,Adelaide,Geelong,12607,Jack,Henry,Geelong,0.009676505352831911
2026,13,Adelaide,Geelong,12851,Oliver,Henry,Geelong,0.010628790631791458
2026,13,Adelaide,Geelong,12881,Max,Holmes,Geelong,0.29563258310319235
2026,13,Adelaide,Geelong,12370,Jake,Kolodjashnij,Geelong,0.004407641796493007
2026,13,Adelaide,Geelong,13104,Shaun,Mannagh,Geelong,0.0
2026,13,Adelaide,Geelong,12236,Jack,Martin,Geelong,0.0024494089471625083
2026,13,Adelaide,Geelong,12689,Gryan,Miers,Geelong,0.0
2026,13,Adelaide,Geelong,13066,Oisin,Mullin,Geelong,0.0020614184067424615
2026,13,Adelaide,Geelong,12992,Shannon,Neale,Geelong,0.012019370669968728
2026,13,Adelaide,Geelong,12531,Mark,OConnor,Geelong,0.005515117018099293
2026,13,Adelaide,Geelong,13122,Connor,OSullivan,Geelong,0.0424846921189647
2026,13,Adelaide,Geelong,12692,Bailey,Smith,Geelong,0.5972044537841837
2026,13,Adelaide,Geelong,12505,Tom,Stewart,Geelong,0.0
2026,13,Adelaide,Geelong,13217,Oliver,Wiltshire,Geelong,0.0
2026,13,Hawthorn,Western Bulldogs,12357,Karl,Amon,Hawthorn,0.0
2026,13,Hawthorn,Western Bulldogs,12558,Josh,Battle,Hawthorn,0.016432520114450802
2026,13,Hawthorn,Western Bulldogs,12485,Mabior,Chol,Hawthorn,0.0027482094103510463
2026,13,Hawthorn,Western Bulldogs,12998,Massimo,DAmbrosio,Hawthorn,0.05056439976491359
2026,13,Hawthorn,Western Bulldogs,12794,Will,Day,Hawthorn,0.13841841625111995
2026,13,Hawthorn,Western Bulldogs,12927,Jack,Ginnivan,Hawthorn,0.0042758886770976196
2026,13,Hawthorn,Western Bulldogs,12469,Blake,Hardwick,Hawthorn,0.008678546917457855
2026,13,Hawthorn,Western Bulldogs,12237,Jarman,Impey,Hawthorn,0.2574562525610245
2026,13,Hawthorn,Western Bulldogs,12636,Mitch,Lewis,Hawthorn,0.009371678846088263
2026,13,Hawthorn,Western Bulldogs,13069,Bailey,Macdonald,Hawthorn,0.012344537966932953
2026,13,Hawthorn,Western Bulldogs,12954,Connor,Macdonald,Hawthorn,0.008100963655534074
2026,13,Hawthorn,Western Bulldogs,13031,Cam,Mackenzie,Hawthorn,0.015521086999258374
2026,13,Hawthorn,Western Bulldogs,12856,Lloyd,Meek,Hawthorn,0.03125595461320635
2026,13,Hawthorn,Western Bulldogs,12710,Dylan,Moore,Hawthorn,0.01280226017754034
2026,13,Hawthorn,Western Bulldogs,13326,Cameron,Nairn,Hawthorn,0.014215950479260095
2026,13,Hawthorn,Western Bulldogs,12915,Jai,Newcombe,Hawthorn,2.2530928352278528
2026,13,Hawthorn,Western Bulldogs,12841,Flynn,Perez,Hawthorn,0.013211122932231187
2026,13,Hawthorn,Western Bulldogs,12906,Ned,Reeves,Hawthorn,0.014712577788079176
2026,13,Hawthorn,Western Bulldogs,13320,Bodie,Ryan,Hawthorn,0.014835142779593649
2026,13,Hawthorn,Western Bulldogs,12332,James,Sicily,Hawthorn,0.005692377228492931
2026,13,Hawthorn,Western Bulldogs,12955,Josh,Ward,Hawthorn,0.06023182038813142
2026,13,Hawthorn,Western Bulldogs,13105,Nick,Watson,Hawthorn,0.014892726822134925
2026,13,Hawthorn,Western Bulldogs,13057,Josh,Weddle,Hawthorn,0.028222437207436404
2026,13,Hawthorn,Western Bulldogs,12269,Marcus,Bontempelli,Western Bulldogs,1.1938015380450304
2026,13,Hawthorn,Western Bulldogs,12916,Lachlan,Bramble,Western Bulldogs,0.01996793199210907
2026,13,Hawthorn,Western Bulldogs,12769,Connor,Budarick,Western Bulldogs,0.016922513579198203
2026,13,Hawthorn,Western Bulldogs,12608,Nick,Coffield,Western Bulldogs,0.020683817125973128
2026,13,Hawthorn,Western Bulldogs,13265,Jordan,Croft,Western Bulldogs,0.03802864205868822
2026,13,Hawthorn,Western Bulldogs,12354,Bailey,Dale,Western Bulldogs,1.0295911508806397
2026,13,Hawthorn,Western Bulldogs,12537,Tim,English,Western Bulldogs,0.03997110904732565
2026,13,Hawthorn,Western Bulldogs,13140,Joel,Freijah,Western Bulldogs,0.03336543382447865
2026,13,Hawthorn,Western Bulldogs,13213,Cooper,Hynes,Western Bulldogs,0.022266228276433167
2026,13,Hawthorn,Western Bulldogs,13046,Arthur,Jones,Western Bulldogs,0.02092683527957824
2026,13,Hawthorn,Western Bulldogs,12455,Matthew,Kennedy,Western Bulldogs,0.052824200199310084
2026,13,Hawthorn,Western Bulldogs,12900,Buku,Khamis,Western Bulldogs,0.02110834678804184
2026,13,Hawthorn,Western Bulldogs,13284,Will,Lewis,Western Bulldogs,0.015496146749081882
2026,13,Hawthorn,Western Bulldogs,12282,Rory,Lobb,Western Bulldogs,0.011404969530246042
2026,13,Hawthorn,Western Bulldogs,12854,Lachlan,McNeil,Western Bulldogs,0.014354462468411142
2026,13,Hawthorn,Western Bulldogs,12594,Aaron,Naughton,Western Bulldogs,0.019504250893417216
2026,13,Hawthorn,Western Bulldogs,13061,James,ODonnell,Western Bulldogs,0.02270280308617552
2026,13,Hawthorn,Western Bulldogs,12605,Ed,Richards,Western Bulldogs,0.2690698356327253
2026,13,Hawthorn,Western Bulldogs,13103,Ryley,Sanders,Western Bulldogs,0.06360646166263459
2026,13,Hawthorn,Western Bulldogs,13276,Michael,Sellwood,Western Bulldogs,0.020323673923063376
2026,13,Hawthorn,Western Bulldogs,12054,Adam,Treloar,Western Bulldogs,0.034153172050566144
2026,13,Hawthorn,Western Bulldogs,12800,Cody,Weightman,Western Bulldogs,0.014005165461022692
2026,13,Hawthorn,Western Bulldogs,12748,Rhylee,West,Western Bulldogs,0.018843604641145803
2026,13,North Melbourne,Fremantle,12983,Jye,Amiss,Fremantle,0.0
2026,13,North Melbourne,Fremantle,12535,Shai,Bolton,Fremantle,0.25701937064001046
2026,13,North Melbourne,Fremantle,12589,Andrew,Brayshaw,Fremantle,2.025034976063055
2026,13,North Melbourne,Fremantle,12875,Heath,Chapman,Fremantle,0.0
2026,13,North Melbourne,Fremantle,12688,Jordan,Clark,Fremantle,0.0
2026,13,North Melbourne,Fremantle,12428,Mason,Cox,Fremantle,0.0
2026,13,North Melbourne,Fremantle,13204,Isaiah,Dudley,Fremantle,0.0
2026,13,North Melbourne,Fremantle,12966,Neil,Erasmus,Fremantle,0.01864049201245142
2026,13,North Melbourne,Fremantle,12801,Michael,Frederick,Fremantle,0.0
2026,13,North Melbourne,Fremantle,12779,Luke,Jackson,Fremantle,1.3049710173256153
2026,13,North Melbourne,Fremantle,12394,Oscar,McDonald,Fremantle,0.0
2026,13,North Melbourne,Fremantle,13033,Judd,McVee,Fremantle,0.0
2026,13,North Melbourne,Fremantle,12960,Nathan,ODriscoll,Fremantle,0.010888303850972818
2026,13,North Melbourne,Fremantle,12141,Jaeger,OMeara,Fremantle,0.011717226863206306
2026,13,North Melbourne,Fremantle,12352,Alex,Pearce,Fremantle,0.0
2026,13,North Melbourne,Fremantle,13180,Murphy,Reid,Fremantle,0.24026743065250075
2026,13,North Melbourne,Fremantle,12542,Luke,Ryan,Fremantle,0.0
2026,13,North Melbourne,Fremantle,12672,Sam,Switkowski,Fremantle,0.07318692955655116
2026,13,North Melbourne,Fremantle,12887,Josh,Treacy,Fremantle,0.08964826223024204
2026,13,North Melbourne,Fremantle,13129,Patrick,Voss,Fremantle,1.3671515077961287
2026,13,North Melbourne,Fremantle,12453,Corey,Wagner,Fremantle,0.0
2026,13,North Melbourne,Fremantle,13075,Karl,Worner,Fremantle,0.0
2026,13,North Melbourne,Fremantle,12777,Hayden,Young,Fremantle,0.5575545692329795
2026,13,North Melbourne,Fremantle,12938,Charlie,Comben,North Melbourne,0.0
2026,13,North Melbourne,Fremantle,12975,Paul,Curtis,North Melbourne,0.0
2026,13,North Melbourne,Fremantle,12373,Caleb,Daniel,North Melbourne,0.0
2026,13,North Melbourne,Fremantle,11905,Jack,Darling,North Melbourne,0.0
2026,13,North Melbourne,Fremantle,12590,Luke,Davies-Uniacke,North Melbourne,0.02597068056107744
2026,13,North Melbourne,Fremantle,13144,Wil,Dawson,North Melbourne,0.0
2026,13,North Melbourne,Fremantle,13106,Zane,Duursma,North Melbourne,0.0
2026,13,North Melbourne,Fremantle,12520,Zac,Fisher,North Melbourne,0.0
2026,13,North Melbourne,Fremantle,13130,Riley,Hardeman,North Melbourne,0.0
2026,13,North Melbourne,Fremantle,13186,Jacob,Konstanty,North Melbourne,0.0
2026,13,North Melbourne,Fremantle,12563,Nick,Larkey,North Melbourne,0.0
2026,13,North Melbourne,Fremantle,12511,Griffin,Logue,North Melbourne,0.0
2026,13,North Melbourne,Fremantle,12246,Luke,McDonald,North Melbourne,0.0
2026,13,North Melbourne,Fremantle,13107,Colby,McKercher,North Melbourne,0.0
2026,13,North Melbourne,Fremantle,11953,Luke,Parker,North Melbourne,0.0
2026,13,North Melbourne,Fremantle,13034,Harry,Sheezel,North Melbourne,0.017949233216905818
2026,13,North Melbourne,Fremantle,12502,Jy,Simpkin,North Melbourne,0.0
2026,13,North Melbourne,Fremantle,12622,Charlie,Spargo,North Melbourne,0.0
2026,13,North Melbourne,Fremantle,12796,Dylan,Stephens,North Melbourne,0.0
2026,13,North Melbourne,Fremantle,13263,Cooper,Trembath,North Melbourne,0.0
2026,13,North Melbourne,Fremantle,13064,George,Wardlaw,North Melbourne,0.0
2026,13,North Melbourne,Fremantle,12788,Tristan,Xerri,North Melbourne,0.0
2026,13,North Melbourne,Fremantle,12557,Cameron,Zurhaar,North Melbourne,0.0
2026,13,Gold Coast,Brisbane Lions,12277,Charlie,Cameron,Brisbane Lions,0.017733259852567095
2026,13,Gold Coast,Brisbane Lions,12340,Harris,Andrews,Brisbane Lions,0.003496481929246474
2026,13,Gold Coast,Brisbane Lions,12718,Noah,Answerth,Brisbane Lions,0.0
2026,13,Gold Coast,Brisbane Lions,13197,Levi,Ashcroft,Brisbane Lions,0.0
2026,13,Gold Coast,Brisbane Lions,13040,Will,Ashcroft,Brisbane Lions,0.04264052905772837
2026,13,Gold Coast,Brisbane Lions,12610,Zac,Bailey,Brisbane Lions,0.10741050606159572
2026,13,Gold Coast,Brisbane Lions,12519,Jarrod,Berry,Brisbane Lions,0.025174452351209513
2026,13,Gold Coast,Brisbane Lions,13142,Shadeau,Brain,Brisbane Lions,0.0010251398275173754
2026,13,Gold Coast,Brisbane Lions,12810,Sam,Draper,Brisbane Lions,0.010304674137271673
2026,13,Gold Coast,Brisbane Lions,12408,Josh,Dunkley,Brisbane Lions,0.1865312849625573
2026,13,Gold Coast,Brisbane Lions,13072,Jaspa,Fletcher,Brisbane Lions,0.003708334289454364
2026,13,Gold Coast,Brisbane Lions,12724,Darcy,Fort,Brisbane Lions,0.012567276656349553
2026,13,Gold Coast,Brisbane Lions,13235,Ty,Gallop,Brisbane Lions,0.0
2026,13,Gold Coast,Brisbane Lions,12267,Darcy,Gardiner,Brisbane Lions,0.0
2026,13,Gold Coast,Brisbane Lions,12654,Darragh,Joyce,Brisbane Lions,0.0
2026,13,Gold Coast,Brisbane Lions,12968,Kai,Lohmann,Brisbane Lions,0.0
2026,13,Gold Coast,Brisbane Lions,12391,Conor,McKenna,Brisbane Lions,0.0
2026,13,Gold Coast,Brisbane Lions,13137,Logan,Morris,Brisbane Lions,2.8446741695949207
2026,13,Gold Coast,Brisbane Lions,12055,Lachie,Neale,Brisbane Lions,2.025975123442951
2026,13,Gold Coast,Brisbane Lions,12592,Cam,Rayner,Brisbane Lions,0.0
2026,13,Gold Coast,Brisbane Lions,13138,Bruce,Reville,Brisbane Lions,0.0
2026,13,Gold Coast,Brisbane Lions,13005,James,Tunstill,Brisbane Lions,0.0
2026,13,Gold Coast,Brisbane Lions,13026,Darcy,Wilmot,Brisbane Lions,0.37207274707130145
2026,13,Gold Coast,Brisbane Lions,13251,Oscar,Adams,Gold Coast,0.0
2026,13,Gold Coast,Brisbane Lions,12767,Noah,Anderson,Gold Coast,0.12456467262757528
2026,13,Gold Coast,Brisbane Lions,13019,Mac,Andrew,Gold Coast,0.0029462608353748657
2026,13,Gold Coast,Brisbane Lions,12444,Sam,Collins,Gold Coast,0.0007047346476434027
2026,13,Gold Coast,Brisbane Lions,13120,Will,Graham,Gold Coast,0.0
2026,13,Gold Coast,Brisbane Lions,13272,Lachlan,Gulbin,Gold Coast,0.0
2026,13,Gold Coast,Brisbane Lions,13049,Bailey,Humphrey,Gold Coast,0.0
2026,13,Gold Coast,Brisbane Lions,12933,Joel,Jeffrey,Gold Coast,0.0
2026,13,Gold Coast,Brisbane Lions,12728,Ben,King,Gold Coast,0.051282542906309535
2026,13,Gold Coast,Brisbane Lions,13232,Leo,Lombard,Gold Coast,0.0
2026,13,Gold Coast,Brisbane Lions,12521,Ben,Long,Gold Coast,0.0
2026,13,Gold Coast,Brisbane Lions,12331,Touk,Miller,Gold Coast,0.0
2026,13,Gold Coast,Brisbane Lions,13050,Ned,Moyle,Gold Coast,0.0
2026,13,Gold Coast,Brisbane Lions,13332,Jai,Murray,Gold Coast,0.0
2026,13,Gold Coast,Brisbane Lions,12743,John,Noble,Gold Coast,0.12488462014313692
2026,13,Gold Coast,Brisbane Lions,12430,Christian,Petracca,Gold Coast,0.014497866995372997
2026,13,Gold Coast,Brisbane Lions,12652,Wil,Powell,Gold Coast,0.0
2026,13,Gold Coast,Brisbane Lions,12403,Daniel,Rioli,Gold Coast,0.0011938565963118195
2026,13,Gold Coast,Brisbane Lions,12768,Matt,Rowell,Gold Coast,0.02070914360833053
2026,13,Gold Coast,Brisbane Lions,13041,Bodhi,Uwland,Gold Coast,0.0059023224001339344
2026,13,Gold Coast,Brisbane Lions,13114,Jed,Walter,Gold Coast,0.0
2026,13,Gold Coast,Brisbane Lions,12385,Lachie,Weller,Gold Coast,0.0
2026,13,Gold Coast,Brisbane Lions,12177,Jarrod,Witts,Gold Coast,0.0
2026,13,West Coast,Port Adelaide,12433,Aliir,Aliir,Port Adelaide,0.03218580848050494
2026,13,West Coast,Port Adelaide,13188,Joe,Berry,Port Adelaide,0.033111042324174986
2026,13,West Coast,Port Adelaide,13007,Jase,Burgoyne,Port Adelaide,0.061006744984727954
2026,13,West Coast,Port Adelaide,12698,Zak,Butters,Port Adelaide,1.0373985677225803
2026,13,West Coast,Port Adelaide,12422,Darcy,Byrne-Jones,Port Adelaide,0.05468404483745612
2026,13,West Coast,Port Adelaide,13205,Tom,Cochrane,Port Adelaide,0.019740069460957396
2026,13,West Coast,Port Adelaide,12695,Willem,Drew,Port Adelaide,0.04919090281607741
2026,13,West Coast,Port Adelaide,12936,Corey,Durdin,Port Adelaide,0.025943597055068865
2026,13,West Coast,Port Adelaide,13156,Logan,Evans,Port Adelaide,0.03674108443345507
2026,13,West Coast,Port Adelaide,12766,Mitch,Georgiades,Port Adelaide,0.020057382944259614
2026,13,West Coast,Port Adelaide,12956,Jason,Horne-Francis,Port Adelaide,1.6306189324690985
2026,13,West Coast,Port Adelaide,12882,Lachie,Jones,Port Adelaide,0.025570579793377082
2026,13,West Coast,Port Adelaide,13301,Josh,Lai,Port Adelaide,0.026002731195254133
2026,13,West Coast,Port Adelaide,13269,Ewan,Mackinlay,Port Adelaide,0.026710116775225126
2026,13,West Coast,Port Adelaide,12575,Todd,Marshall,Port Adelaide,0.030336594495854394
2026,13,West Coast,Port Adelaide,12946,Jackson,Mead,Port Adelaide,0.029548906974551578
2026,13,West Coast,Port Adelaide,13199,Christian,Moraes,Port Adelaide,0.025083401787645773
2026,13,West Coast,Port Adelaide,12597,Esava,Ratugolea,Port Adelaide,0.7306354651520188
2026,13,West Coast,Port Adelaide,13139,Joe,Richards,Port Adelaide,0.03521310261780701
2026,13,West Coast,Port Adelaide,12890,Jordon,Sweet,Port Adelaide,0.18840148736821416
2026,13,West Coast,Port Adelaide,12991,Jacob,Wehr,Port Adelaide,0.021407049466474717
2026,13,West Coast,Port Adelaide,13259,Jack,Whitlock,Port Adelaide,0.028652809718152164
2026,13,West Coast,Port Adelaide,12150,Ollie,Wines,Port Adelaide,0.06044113454284715
2026,13,West Coast,Port Adelaide,13221,Bo,Allan,West Coast,0.025281256966535506
2026,13,West Coast,Port Adelaide,12661,Liam,Baker,West Coast,0.029399399799103457
2026,13,West Coast,Port Adelaide,13000,Rhett,Bazzo,West Coast,0.033723040697267906
2026,13,West Coast,Port Adelaide,13250,Malakai,Champion,West Coast,0.02175131864815376
2026,13,West Coast,Port Adelaide,12446,Tom,Cole,West Coast,0.02169580595886779
2026,13,West Coast,Port Adelaide,13210,Hamish,Davis,West Coast,0.015676600096881058
2026,13,West Coast,Port Adelaide,13291,Cooper,Duff-Tytler,West Coast,0.02169211813083112
2026,13,West Coast,Port Adelaide,12334,Liam,Duggan,West Coast,0.029180140124173262
2026,13,West Coast,Port Adelaide,13292,Willem,Duursma,West Coast,0.04494208981172261
2026,13,West Coast,Port Adelaide,13038,Reuben,Ginbey,West Coast,0.02720169665208476
2026,13,West Coast,Port Adelaide,12957,Brady,Hough,West Coast,0.02563828349734064
2026,13,West Coast,Port Adelaide,13136,Harvey,Johnston,West Coast,0.02297651926108589
2026,13,West Coast,Port Adelaide,12595,Tim,Kelly,West Coast,0.23427111678084606
2026,13,West Coast,Port Adelaide,13070,Ryan,Maric,West Coast,0.02418046414012777
2026,13,West Coast,Port Adelaide,13240,Tom,McCarthy,West Coast,0.44062219314676154
2026,13,West Coast,Port Adelaide,13294,Milan,Murdock,West Coast,0.019186052327318195
2026,13,West Coast,Port Adelaide,13111,Harley,Reid,West Coast,0.21256654449765355
2026,13,West Coast,Port Adelaide,13247,Jobe,Shanahan,West Coast,0.019404976182983827
2026,13,West Coast,Port Adelaide,12668,Brandon,Starcevich,West Coast,0.022802244982127087
2026,13,West Coast,Port Adelaide,12601,Jake,Waterman,West Coast,0.3900024086542294
2026,13,West Coast,Port Adelaide,12836,Bailey,Williams,West Coast,0.02567235081668752
2026,13,West Coast,Port Adelaide,12087,Elliot,Yeo,West Coast,0.03858388382527704
2026,13,West Coast,Port Adelaide,13043,Tylar,Young,West Coast,0.02486793759275431
2026,13,Sydney,St Kilda,12802,Ryan,Byrnes,St Kilda,0.0
2026,13,Sydney,St Kilda,13035,Anthony,Caminiti,St Kilda,0.0
2026,13,Sydney,St Kilda,12674,Tom,De Koning,St Kilda,0.0
2026,13,Sydney,St Kilda,13125,Hugo,Garcia,St Kilda,0.27680655788596886
2026,13,Sydney,St Kilda,13193,Max,Hall,St Kilda,0.06641921054213946
2026,13,Sydney,St Kilda,13116,Angus,Hastie,St Kilda,0.0
2026,13,Sydney,St Kilda,12060,Bradley,Hill,St Kilda,0.0
2026,13,Sydney,St Kilda,13331,Campbell,Lake,St Kilda,0.0
2026,13,Sydney,St Kilda,12166,Jack,Macrae,St Kilda,0.0
2026,13,Sydney,St Kilda,12564,Rowan,Marshall,St Kilda,0.08381360892327898
2026,13,Sydney,St Kilda,12948,Mitch,Owens,St Kilda,0.0
2026,13,Sydney,St Kilda,13036,Mattaes,Phillipou,St Kilda,0.0
2026,13,Sydney,St Kilda,12600,Liam,Ryan,St Kilda,1.1593696511272003
2026,13,Sydney,St Kilda,12929,Cooper,Sharman,St Kilda,0.0
2026,13,Sydney,St Kilda,12458,Jack,Silvagni,St Kilda,0.0
2026,13,Sydney,St Kilda,12325,Jack,Sinclair,St Kilda,0.0
2026,13,Sydney,St Kilda,12721,Liam,Stocker,St Kilda,0.0
2026,13,Sydney,St Kilda,13243,Alix,Tauru,St Kilda,0.0
2026,13,Sydney,St Kilda,12950,Nasiah,Wanganeen-Milera,St Kilda,0.8827335653899763
2026,13,Sydney,St Kilda,12703,Callum,Wilkie,St Kilda,0.0
2026,13,Sydney,St Kilda,13110,Darcy,Wilson,St Kilda,0.0
2026,13,Sydney,St Kilda,12967,Marcus,Windhager,St Kilda,0.0
2026,13,Sydney,St Kilda,12312,Mason,Wood,St Kilda,0.0
2026,13,Sydney,St Kilda,12844,Joel,Amartey,Sydney,0.0
2026,13,Sydney,St Kilda,13195,Riley,Bice,Sydney,0.0
2026,13,Sydney,St Kilda,12699,Nick,Blakey,Sydney,0.0
2026,13,Sydney,St Kilda,13157,Caiden,Cleary,Sydney,0.0
2026,13,Sydney,St Kilda,12421,Charlie,Curnow,Sydney,0.0
2026,13,Sydney,St Kilda,13318,Will,Edwards,Sydney,0.0
2026,13,Sydney,St Kilda,12217,Brodie,Grundy,Sydney,0.0429278060722738
2026,13,Sydney,St Kilda,12326,Isaac,Heeney,Sydney,2.3400763546575574
2026,13,Sydney,St Kilda,12860,James,Jordon,Sydney,0.0
2026,13,Sydney,St Kilda,13327,Harry,Kyle,Sydney,0.0
2026,13,Sydney,St Kilda,12268,Jake,Lloyd,Sydney,0.0
2026,13,Sydney,St Kilda,12627,Tom,McCartin,Sydney,0.0
2026,13,Sydney,St Kilda,12861,Logan,McDonald,Sydney,0.0
2026,13,Sydney,St Kilda,12711,Justin,McInerney,Sydney,0.0
2026,13,Sydney,St Kilda,12745,Hayden,McLean,Sydney,0.0
2026,13,Sydney,St Kilda,12413,Callum,Mills,Sydney,0.0
2026,13,Sydney,St Kilda,12994,Matt,Roberts,Sydney,0.0
2026,13,Sydney,St Kilda,12903,Malcolm,Rosas,Sydney,0.0
2026,13,Sydney,St Kilda,12714,James,Rowbottom,Sydney,0.0
2026,13,Sydney,St Kilda,13022,Jai,Serong,Sydney,0.049332043040642995
2026,13,Sydney,St Kilda,12951,Angus,Sheldrick,Sydney,0.0
2026,13,Sydney,St Kilda,12797,Chad,Warner,Sydney,1.0985212023629805
2026,13,Sydney,St Kilda,12818,Sam,Wicks,Sydney,0.0
2026,13,Essendon,Carlton,13365,Billy,Wilson,Carlton,0.043863762637737495
2026,13,Essendon,Carlton,12276,Blake,Acres,Carlton,0.07106839933031026
2026,13,Essendon,Carlton,12498,Ben,Ainsworth,Carlton,0.033750565221014446
2026,13,Essendon,Carlton,13297,Talor,Byrne,Carlton,0.028016266561671853
2026,13,Essendon,Carlton,12603,Adam,Cerra,Carlton,0.03746807964068909
2026,13,Essendon,Carlton,13028,Lachlan,Cowan,Carlton,0.031051475439478025
2026,13,Essendon,Carlton,12261,Patrick,Cripps,Carlton,0.22490780793711995
2026,13,Essendon,Carlton,13273,Harry,Dean,Carlton,0.037599571948271134
2026,13,Essendon,Carlton,13303,Wade,Derksen,Carlton,0.03293609491948877
2026,13,Essendon,Carlton,12873,Francis,Evans,Carlton,0.025596146134118557
2026,13,Essendon,Carlton,12497,Oliver,Florent,Carlton,0.02999479272566654
2026,13,Essendon,Carlton,12091,Nick,Haynes,Carlton,0.02741726840507793
2026,13,Essendon,Carlton,12509,Will,Hayward,Carlton,0.02788392589786711
2026,13,Essendon,Carlton,12411,George,Hewett,Carlton,0.9678389222749805
2026,13,Essendon,Carlton,13321,Jack,Ison,Carlton,0.023348996889327588
2026,13,Essendon,Carlton,12937,Brodie,Kemp,Carlton,0.02389562957236504
2026,13,Essendon,Carlton,12404,Mitch,McGovern,Carlton,0.026421833053089337
2026,13,Essendon,Carlton,12566,Harry,McKay,Carlton,1.0628693030704497
2026,13,Essendon,Carlton,12508,Nic,Newman,Carlton,0.0617096615035209
2026,13,Essendon,Carlton,12417,Marc,Pittonet,Carlton,0.05748808086003048
2026,13,Essendon,Carlton,13274,Jagga,Smith,Carlton,0.07676931310363386
2026,13,Essendon,Carlton,12684,Sam,Walsh,Carlton,0.1438503020140257
2026,13,Essendon,Carlton,13245,Flynn,Young,Carlton,0.025863629987652896
2026,13,Essendon,Carlton,13237,Lachlan,Blakiston,Essendon,0.023635690094462196
2026,13,Essendon,Carlton,12899,Nick,Bryan,Essendon,0.030707159127660387
2026,13,Essendon,Carlton,13148,Nate,Caddy,Essendon,0.026976350334759112
2026,13,Essendon,Carlton,12852,Nik,Cox,Essendon,0.024025482161089455
2026,13,Essendon,Carlton,13223,Archer,Day-Wicks,Essendon,0.02600165236972434
2026,13,Essendon,Carlton,12925,Sam,Durham,Essendon,1.2526335240956563
2026,13,Essendon,Carlton,12696,Xavier,Duursma,Essendon,0.01546491340931052
2026,13,Essendon,Carlton,13281,Hussien,El Achkar,Essendon,0.01774248505845668
2026,13,Essendon,Carlton,13203,Saad,El-Hawli,Essendon,0.022323037632337582
2026,13,Essendon,Carlton,13299,Jacob,Farrow,Essendon,0.022610290085685485
2026,13,Essendon,Carlton,12853,Harry,Jones,Essendon,0.025292285196187057
2026,13,Essendon,Carlton,13282,Max,Kondogiannis,Essendon,0.025055674952185712
2026,13,Essendon,Carlton,12349,Kyle,Langford,Essendon,0.027810147831896524
2026,13,Essendon,Carlton,12580,Ben,McKay,Essendon,0.029775948027695724
2026,13,Essendon,Carlton,12241,Zach,Merrett,Essendon,0.47468061104253223
2026,13,Essendon,Carlton,12879,Archie,Perkins,Essendon,0.0206389822731576
2026,13,Essendon,Carlton,12874,Jaxon,Prior,Essendon,0.03019226606337521
2026,13,Essendon,Carlton,12437,Mason,Redman,Essendon,0.023403629746697567
2026,13,Essendon,Carlton,12889,Zach,Reid,Essendon,0.2572625460412216
2026,13,Essendon,Carlton,13168,Archie,Roberts,Essendon,0.04065174526373697
2026,13,Essendon,Carlton,13307,Sullivan,Robey,Essendon,0.02962966236127853
2026,13,Essendon,Carlton,12567,Will,Setterfield,Essendon,0.27610534816006604
2026,13,Essendon,Carlton,13087,Elijah,Tsatas,Essendon,0.1557707395336978
2026,13,Collingwood,Melbourne,13146,Edward,Allan,Collingwood,0.0
2026,13,Collingwood,Melbourne,13306,Angus,Anderson,Collingwood,0.0
2026,13,Collingwood,Melbourne,13071,Jack,Buller,Collingwood,0.0
2026,13,Collingwood,Melbourne,12660,Darcy,Cameron,Collingwood,0.02209866712014582
2026,13,Collingwood,Melbourne,12061,Jack,Crisp,Collingwood,0.0
2026,13,Collingwood,Melbourne,12573,Josh,Daicos,Collingwood,0.02590626267919483
2026,13,Collingwood,Melbourne,12943,Nick,Daicos,Collingwood,1.822079945592957
2026,13,Collingwood,Melbourne,12318,Jordan,de Goey,Collingwood,0.0
2026,13,Collingwood,Melbourne,12676,Billy,Frampton,Collingwood,0.0
2026,13,Collingwood,Melbourne,13068,Harvey,Harrison,Collingwood,0.0
2026,13,Collingwood,Melbourne,12495,Dan,Houston,Collingwood,0.0
2026,13,Collingwood,Melbourne,11967,Jeremy,Howe,Collingwood,0.0
2026,13,Collingwood,Melbourne,12578,Patrick,Lipinski,Collingwood,0.0
2026,13,Collingwood,Melbourne,12371,Brayden,Maynard,Collingwood,0.0
2026,13,Collingwood,Melbourne,12876,Beau,McCreery,Collingwood,0.0
2026,13,Collingwood,Melbourne,12291,Daniel,McStay,Collingwood,0.0
2026,13,Collingwood,Melbourne,12300,Tim,Membrey,Collingwood,0.0
2026,13,Collingwood,Melbourne,4182,Scott,Pendlebury,Collingwood,0.0
2026,13,Collingwood,Melbourne,12536,Harry,Perryman,Collingwood,0.0
2026,13,Collingwood,Melbourne,13329,Mitch,Podhajski,Collingwood,0.0
2026,13,Collingwood,Melbourne,12740,Isaac,Quaynor,Collingwood,0.0
2026,13,Collingwood,Melbourne,12700,Lachie,Schultz,Collingwood,0.0
2026,13,Collingwood,Melbourne,13248,Roan,Steele,Collingwood,0.0
2026,13,Collingwood,Melbourne,12931,Jake,Bowey,Melbourne,0.0
2026,13,Collingwood,Melbourne,12756,Kade,Chandler,Melbourne,0.0
2026,13,Collingwood,Melbourne,13300,Paddy,Cross,Melbourne,0.0
2026,13,Collingwood,Melbourne,12598,Bayley,Fritsch,Melbourne,0.5094195410233396
2026,13,Collingwood,Melbourne,11966,Max,Gawn,Melbourne,0.6414906212347926
2026,13,Collingwood,Melbourne,13098,Blake,Howes,Melbourne,0.0
2026,13,Collingwood,Melbourne,13330,Luker,Kentfield,Melbourne,0.0
2026,13,Collingwood,Melbourne,12393,Ed,Langdon,Melbourne,0.0
2026,13,Collingwood,Melbourne,13184,Harvey,Langford,Melbourne,0.26293343138077374
2026,13,Collingwood,Melbourne,12351,Jake,Lever,Melbourne,0.0567401513708033
2026,13,Collingwood,Melbourne,12009,Tom,McDonald,Melbourne,0.0
2026,13,Collingwood,Melbourne,12639,Brody,Mihocek,Melbourne,0.0
2026,13,Collingwood,Melbourne,12653,Harry,Petty,Melbourne,0.0
2026,13,Collingwood,Melbourne,12771,Kysaiah,Pickett,Melbourne,2.547189639774812
2026,13,Collingwood,Melbourne,13286,Latrelle,Pickett,Melbourne,0.0
2026,13,Collingwood,Melbourne,12778,Trent,Rivers,Melbourne,0.0
2026,13,Collingwood,Melbourne,12864,Harry,Sharp,Melbourne,0.0
2026,13,Collingwood,Melbourne,12693,Tom,Sparrow,Melbourne,0.0
2026,13,Collingwood,Melbourne,12368,Jack,Steele,Melbourne,0.11214173982373543
2026,13,Collingwood,Melbourne,13123,Koltyn,Tholstrup,Melbourne,0.0
2026,13,Collingwood,Melbourne,12996,Daniel,Turner,Melbourne,0.0
2026,13,Collingwood,Melbourne,13048,Jacob,van Rooyen,Melbourne,0.0
2026,13,Collingwood,Melbourne,13099,Caleb,Windsor,Melbourne,0.0
2026,14,Western Bulldogs,Adelaide,12849,Sam,Berry,Adelaide,1.0525262853323976
2026,14,Western Bulldogs,Adelaide,13086,James,Borlase,Adelaide,0.028049489947317013
2026,14,Western Bulldogs,Adelaide,12932,Brayden,Cook,Adelaide,0.020686344557095324
2026,14,Western Bulldogs,Adelaide,13132,Daniel,Curtin,Adelaide,0.016905901245562058
2026,14,Western Bulldogs,Adelaide,12516,Jordan,Dawson,Adelaide,2.6038441441113047
2026,14,Western Bulldogs,Adelaide,12584,Darcy,Fogarty,Adelaide,0.010944895142326425
2026,14,Western Bulldogs,Adelaide,13328,Hugo,Hall-Kahan,Adelaide,0.012872959446407414
2026,14,Western Bulldogs,Adelaide,12434,Ben,Keays,Adelaide,0.022713472208264848
2026,14,Western Bulldogs,Adelaide,12165,Rory,Laird,Adelaide,0.9173632197819634
2026,14,Western Bulldogs,Adelaide,13065,Lachlan,McAndrew,Adelaide,0.24353780780336404
2026,14,Western Bulldogs,Adelaide,13027,Max,Michalanney,Adelaide,0.012896903579221838
2026,14,Western Bulldogs,Adelaide,12405,Wayne,Milera,Adelaide,0.024935790275048483
2026,14,Western Bulldogs,Adelaide,12872,Nick,Murray,Adelaide,0.016775015686181102
2026,14,Western Bulldogs,Adelaide,13280,Toby,Murray,Adelaide,0.017445235763761294
2026,14,Western Bulldogs,Adelaide,13081,Luke,Nankervis,Adelaide,0.01650805790238237
2026,14,Western Bulldogs,Adelaide,12367,Alex,Neal-Bullen,Adelaide,0.008986868661016098
2026,14,Western Bulldogs,Adelaide,12934,James,Peatling,Adelaide,0.04788087396786812
2026,14,Western Bulldogs,Adelaide,12921,Luke,Pedlar,Adelaide,0.013215132266082605
2026,14,Western Bulldogs,Adelaide,12953,Josh,Rachele,Adelaide,0.3758333507142939
2026,14,Western Bulldogs,Adelaide,12952,Jake,Soligo,Adelaide,0.03006506864118466
2026,14,Western Bulldogs,Adelaide,13159,Zac,Taylor,Adelaide,0.02968684802224636
2026,14,Western Bulldogs,Adelaide,12892,Riley,Thilthorpe,Adelaide,0.1460172583510922
2026,14,Western Bulldogs,Adelaide,12912,Josh,Worrell,Adelaide,0.020080811900725734
2026,14,Western Bulldogs,Adelaide,12269,Marcus,Bontempelli,Western Bulldogs,0.03661186401719384
2026,14,Western Bulldogs,Adelaide,12916,Lachlan,Bramble,Western Bulldogs,0.004412742828211205
2026,14,Western Bulldogs,Adelaide,12769,Connor,Budarick,Western Bulldogs,0.014721531212663133
2026,14,Western Bulldogs,Adelaide,12608,Nick,Coffield,Western Bulldogs,0.012236432242034537
2026,14,Western Bulldogs,Adelaide,13265,Jordan,Croft,Western Bulldogs,0.01447925356025613
2026,14,Western Bulldogs,Adelaide,12354,Bailey,Dale,Western Bulldogs,0.0006695192556308432
2026,14,Western Bulldogs,Adelaide,12537,Tim,English,Western Bulldogs,0.015164023514522354
2026,14,Western Bulldogs,Adelaide,13140,Joel,Freijah,Western Bulldogs,0.008122853473944272
2026,14,Western Bulldogs,Adelaide,13213,Cooper,Hynes,Western Bulldogs,0.006221957772141837
2026,14,Western Bulldogs,Adelaide,13046,Arthur,Jones,Western Bulldogs,0.0034467609604608568
2026,14,Western Bulldogs,Adelaide,13333,Luke,Kennedy,Western Bulldogs,0.008080151509803887
2026,14,Western Bulldogs,Adelaide,12455,Matthew,Kennedy,Western Bulldogs,0.0
2026,14,Western Bulldogs,Adelaide,12900,Buku,Khamis,Western Bulldogs,0.01507063449123057
2026,14,Western Bulldogs,Adelaide,13284,Will,Lewis,Western Bulldogs,0.00745350985661912
2026,14,Western Bulldogs,Adelaide,12282,Rory,Lobb,Western Bulldogs,0.009232949197572213
2026,14,Western Bulldogs,Adelaide,12594,Aaron,Naughton,Western Bulldogs,0.0
2026,14,Western Bulldogs,Adelaide,13061,James,ODonnell,Western Bulldogs,0.016481250530083716
2026,14,Western Bulldogs,Adelaide,12605,Ed,Richards,Western Bulldogs,0.10756652078057923
2026,14,Western Bulldogs,Adelaide,13103,Ryley,Sanders,Western Bulldogs,0.010236348683795957
2026,14,Western Bulldogs,Adelaide,13276,Michael,Sellwood,Western Bulldogs,0.010765448120453644
2026,14,Western Bulldogs,Adelaide,12054,Adam,Treloar,Western Bulldogs,0.0
2026,14,Western Bulldogs,Adelaide,12800,Cody,Weightman,Western Bulldogs,0.009254512678050456
2026,14,Western Bulldogs,Adelaide,12748,Rhylee,West,Western Bulldogs,0.0
2026,14,Geelong,Gold Coast,12690,Tom,Atkins,Geelong,0.12965575887086683
2026,14,Geelong,Gold Coast,12153,Mark,Blicavs,Geelong,0.029210662756204223
2026,14,Geelong,Gold Coast,12871,Tanner,Bruhn,Geelong,0.03756891647730319
2026,14,Geelong,Gold Coast,12017,Jeremy,Cameron,Geelong,0.13386360771098404
2026,14,Geelong,Gold Coast,11700,Patrick,Dangerfield,Geelong,0.10161887069640956
2026,14,Geelong,Gold Coast,12891,Sam,De Koning,Geelong,0.050798525787375856
2026,14,Geelong,Gold Coast,12974,Oliver,Dempsey,Geelong,0.1718080685157109
2026,14,Geelong,Gold Coast,13285,Mitchell,Edwards,Geelong,0.03545703229084339
2026,14,Geelong,Gold Coast,12551,Zach,Guthrie,Geelong,0.03256113725830652
2026,14,Geelong,Gold Coast,12607,Jack,Henry,Geelong,0.034321097640175754
2026,14,Geelong,Gold Coast,12851,Oliver,Henry,Geelong,0.04579216324772352
2026,14,Geelong,Gold Coast,12881,Max,Holmes,Geelong,2.0736794140247823
2026,14,Geelong,Gold Coast,13160,Lawson,Humphries,Geelong,0.05740524179820812
2026,14,Geelong,Gold Coast,12370,Jake,Kolodjashnij,Geelong,0.03137080976179017
2026,14,Geelong,Gold Coast,13104,Shaun,Mannagh,Geelong,0.05173674723661709
2026,14,Geelong,Gold Coast,12236,Jack,Martin,Geelong,0.02897047017929201
2026,14,Geelong,Gold Coast,13066,Oisin,Mullin,Geelong,0.03735656700363628
2026,14,Geelong,Gold Coast,12992,Shannon,Neale,Geelong,0.07106948126686816
2026,14,Geelong,Gold Coast,12531,Mark,OConnor,Geelong,0.03431303542156473
2026,14,Geelong,Gold Coast,13122,Connor,OSullivan,Geelong,0.02789291488870764
2026,14,Geelong,Gold Coast,12692,Bailey,Smith,Geelong,1.4887192849487845
2026,14,Geelong,Gold Coast,13249,George,Stevens,Geelong,0.06862320802885102
2026,14,Geelong,Gold Coast,13217,Oliver,Wiltshire,Geelong,0.0657043594998841
2026,14,Geelong,Gold Coast,13251,Oscar,Adams,Gold Coast,0.03696518186669083
2026,14,Geelong,Gold Coast,12767,Noah,Anderson,Gold Coast,0.4913076436925029
2026,14,Geelong,Gold Coast,13019,Mac,Andrew,Gold Coast,0.03649824947086734
2026,14,Geelong,Gold Coast,12625,Charlie,Ballard,Gold Coast,0.030502657943060077
2026,14,Geelong,Gold Coast,13119,Sam,Clohesy,Gold Coast,0.028749582743204896
2026,14,Geelong,Gold Coast,12444,Sam,Collins,Gold Coast,0.04259650178182821
2026,14,Geelong,Gold Coast,13272,Lachlan,Gulbin,Gold Coast,0.03200505576911748
2026,14,Geelong,Gold Coast,13049,Bailey,Humphrey,Gold Coast,0.036168012054070595
2026,14,Geelong,Gold Coast,12933,Joel,Jeffrey,Gold Coast,0.032464131706960234
2026,14,Geelong,Gold Coast,13257,Ben,Jepson,Gold Coast,0.030431973397549064
2026,14,Geelong,Gold Coast,12728,Ben,King,Gold Coast,0.028382753893275034
2026,14,Geelong,Gold Coast,13232,Leo,Lombard,Gold Coast,0.035618368752462756
2026,14,Geelong,Gold Coast,12521,Ben,Long,Gold Coast,0.029692554989283096
2026,14,Geelong,Gold Coast,12331,Touk,Miller,Gold Coast,0.024389863133998227
2026,14,Geelong,Gold Coast,13050,Ned,Moyle,Gold Coast,0.03199906995996256
2026,14,Geelong,Gold Coast,13332,Jai,Murray,Gold Coast,0.032035917290815466
2026,14,Geelong,Gold Coast,12743,John,Noble,Gold Coast,0.0
2026,14,Geelong,Gold Coast,12430,Christian,Petracca,Gold Coast,0.05344400209434816
2026,14,Geelong,Gold Coast,12403,Daniel,Rioli,Gold Coast,0.0
2026,14,Geelong,Gold Coast,12768,Matt,Rowell,Gold Coast,0.06874308936896091
2026,14,Geelong,Gold Coast,13041,Bodhi,Uwland,Gold Coast,0.0002283210902689764
2026,14,Geelong,Gold Coast,13278,Zeke,Uwland,Gold Coast,0.03012088829375946
2026,14,Geelong,Gold Coast,13114,Jed,Walter,Gold Coast,0.02815880540343617
2026,14,Melbourne,Essendon,13237,Lachlan,Blakiston,Essendon,0.0012095177978263313
2026,14,Melbourne,Essendon,12899,Nick,Bryan,Essendon,0.002528702707869623
2026,14,Melbourne,Essendon,13148,Nate,Caddy,Essendon,0.0016497666045431677
2026,14,Melbourne,Essendon,12852,Nik,Cox,Essendon,0.0005222902921942548
2026,14,Melbourne,Essendon,13223,Archer,Day-Wicks,Essendon,0.0
2026,14,Melbourne,Essendon,12925,Sam,Durham,Essendon,0.0
2026,14,Melbourne,Essendon,12696,Xavier,Duursma,Essendon,0.003933022986664375
2026,14,Melbourne,Essendon,13281,Hussien,El Achkar,Essendon,0.0
2026,14,Melbourne,Essendon,13299,Jacob,Farrow,Essendon,0.0
2026,14,Melbourne,Essendon,12853,Harry,Jones,Essendon,0.0010004843255956072
2026,14,Melbourne,Essendon,12349,Kyle,Langford,Essendon,0.001540590196415231
2026,14,Melbourne,Essendon,12580,Ben,McKay,Essendon,0.0
2026,14,Melbourne,Essendon,12241,Zach,Merrett,Essendon,0.015024005481432503
2026,14,Melbourne,Essendon,12879,Archie,Perkins,Essendon,0.0
2026,14,Melbourne,Essendon,12874,Jaxon,Prior,Essendon,0.005201955562325838
2026,14,Melbourne,Essendon,12437,Mason,Redman,Essendon,0.009256012664221358
2026,14,Melbourne,Essendon,12889,Zach,Reid,Essendon,0.0004551306115450956
2026,14,Melbourne,Essendon,12631,Jordan,Ridley,Essendon,0.00030131671113018364
2026,14,Melbourne,Essendon,13168,Archie,Roberts,Essendon,0.001366138880216172
2026,14,Melbourne,Essendon,13307,Sullivan,Robey,Essendon,0.001391811416766314
2026,14,Melbourne,Essendon,12567,Will,Setterfield,Essendon,0.33519671308792726
2026,14,Melbourne,Essendon,13283,Dyson,Sharp,Essendon,1.841212199150087e-05
2026,14,Melbourne,Essendon,13087,Elijah,Tsatas,Essendon,0.0
2026,14,Melbourne,Essendon,12931,Jake,Bowey,Melbourne,0.06846855004501409
2026,14,Melbourne,Essendon,12756,Kade,Chandler,Melbourne,0.0048970168733241445
2026,14,Melbourne,Essendon,13334,Lukas,Cooke,Melbourne,0.006062168237936571
2026,14,Melbourne,Essendon,13300,Paddy,Cross,Melbourne,0.0016060030067794658
2026,14,Melbourne,Essendon,13335,Joel,Fitzgerald,Melbourne,0.05764753586036101
2026,14,Melbourne,Essendon,12598,Bayley,Fritsch,Melbourne,0.0027629196614598114
2026,14,Melbourne,Essendon,11966,Max,Gawn,Melbourne,1.9231593351741314
2026,14,Melbourne,Essendon,13098,Blake,Howes,Melbourne,0.015715032944263345
2026,14,Melbourne,Essendon,13330,Luker,Kentfield,Melbourne,0.008662498023408438
2026,14,Melbourne,Essendon,12393,Ed,Langdon,Melbourne,0.4290388432617878
2026,14,Melbourne,Essendon,13184,Harvey,Langford,Melbourne,0.008453757743629586
2026,14,Melbourne,Essendon,13032,Bailey,Laurie,Melbourne,0.0
2026,14,Melbourne,Essendon,12351,Jake,Lever,Melbourne,0.012384685064199865
2026,14,Melbourne,Essendon,11820,Jake,Melksham,Melbourne,0.005649640219918544
2026,14,Melbourne,Essendon,12653,Harry,Petty,Melbourne,0.011698941460823625
2026,14,Melbourne,Essendon,12771,Kysaiah,Pickett,Melbourne,2.67058654280841
2026,14,Melbourne,Essendon,12778,Trent,Rivers,Melbourne,0.04789077896083279
2026,14,Melbourne,Essendon,12864,Harry,Sharp,Melbourne,0.0018186550666884679
2026,14,Melbourne,Essendon,12693,Tom,Sparrow,Melbourne,0.14389124382152815
2026,14,Melbourne,Essendon,12368,Jack,Steele,Melbourne,0.1614933261962428
2026,14,Melbourne,Essendon,13123,Koltyn,Tholstrup,Melbourne,0.025265948607386145
2026,14,Melbourne,Essendon,12996,Daniel,Turner,Melbourne,0.009788204254110205
2026,14,Melbourne,Essendon,13048,Jacob,van Rooyen,Melbourne,0.0024625012645913043
2026,14,North Melbourne,West Coast,13287,Tom,Blamires,North Melbourne,0.24073009927636574
2026,14,North Melbourne,West Coast,12938,Charlie,Comben,North Melbourne,0.0
2026,14,North Melbourne,West Coast,12975,Paul,Curtis,North Melbourne,0.0
2026,14,North Melbourne,West Coast,12373,Caleb,Daniel,North Melbourne,0.0
2026,14,North Melbourne,West Coast,11905,Jack,Darling,North Melbourne,0.975733323761114
2026,14,North Melbourne,West Coast,12590,Luke,Davies-Uniacke,North Melbourne,0.08391420438583874
2026,14,North Melbourne,West Coast,13106,Zane,Duursma,North Melbourne,0.0
2026,14,North Melbourne,West Coast,13336,Taylor,Goad,North Melbourne,0.0
2026,14,North Melbourne,West Coast,13077,Cooper,Harvey,North Melbourne,0.004007248715485353
2026,14,North Melbourne,West Coast,13186,Jacob,Konstanty,North Melbourne,0.0
2026,14,North Melbourne,West Coast,12563,Nick,Larkey,North Melbourne,0.7535270069549395
2026,14,North Melbourne,West Coast,12511,Griffin,Logue,North Melbourne,0.0
2026,14,North Melbourne,West Coast,12246,Luke,McDonald,North Melbourne,0.0
2026,14,North Melbourne,West Coast,13107,Colby,McKercher,North Melbourne,0.0
2026,14,North Melbourne,West Coast,11953,Luke,Parker,North Melbourne,0.03518101632255925
2026,14,North Melbourne,West Coast,13034,Harry,Sheezel,North Melbourne,2.0619343044533367
2026,14,North Melbourne,West Coast,12502,Jy,Simpkin,North Melbourne,0.0
2026,14,North Melbourne,West Coast,12622,Charlie,Spargo,North Melbourne,0.0
2026,14,North Melbourne,West Coast,12796,Dylan,Stephens,North Melbourne,0.0535049178219585
2026,14,North Melbourne,West Coast,13263,Cooper,Trembath,North Melbourne,0.0
2026,14,North Melbourne,West Coast,13064,George,Wardlaw,North Melbourne,0.03128217734587724
2026,14,North Melbourne,West Coast,12788,Tristan,Xerri,North Melbourne,0.1622466142409869
2026,14,North Melbourne,West Coast,12557,Cameron,Zurhaar,North Melbourne,0.0
2026,14,North Melbourne,West Coast,13221,Bo,Allan,West Coast,0.0
2026,14,North Melbourne,West Coast,12661,Liam,Baker,West Coast,0.0
2026,14,North Melbourne,West Coast,13000,Rhett,Bazzo,West Coast,0.0
2026,14,North Melbourne,West Coast,12446,Tom,Cole,West Coast,0.0
2026,14,North Melbourne,West Coast,13210,Hamish,Davis,West Coast,0.0
2026,14,North Melbourne,West Coast,13291,Cooper,Duff-Tytler,West Coast,0.0
2026,14,North Melbourne,West Coast,12334,Liam,Duggan,West Coast,0.0
2026,14,North Melbourne,West Coast,13211,Tom,Gross,West Coast,0.0
2026,14,North Melbourne,West Coast,13339,Marcus,Herbert,West Coast,0.0
2026,14,North Melbourne,West Coast,13044,Elijah,Hewett,West Coast,0.0
2026,14,North Melbourne,West Coast,12957,Brady,Hough,West Coast,0.0
2026,14,North Melbourne,West Coast,13136,Harvey,Johnston,West Coast,0.0
2026,14,North Melbourne,West Coast,12595,Tim,Kelly,West Coast,1.2217774120653795
2026,14,North Melbourne,West Coast,13293,Josh,Lindsay,West Coast,0.0
2026,14,North Melbourne,West Coast,13070,Ryan,Maric,West Coast,0.0
2026,14,North Melbourne,West Coast,13294,Milan,Murdock,West Coast,0.0
2026,14,North Melbourne,West Coast,13111,Harley,Reid,West Coast,0.13166120840628392
2026,14,North Melbourne,West Coast,13247,Jobe,Shanahan,West Coast,0.15224419285155072
2026,14,North Melbourne,West Coast,12668,Brandon,Starcevich,West Coast,0.0
2026,14,North Melbourne,West Coast,12601,Jake,Waterman,West Coast,0.08702762786985942
2026,14,North Melbourne,West Coast,12836,Bailey,Williams,West Coast,0.004304774601341096
2026,14,North Melbourne,West Coast,12087,Elliot,Yeo,West Coast,0.0009238709269590133
2026,14,North Melbourne,West Coast,13043,Tylar,Young,West Coast,0.0
2026,14,Port Adelaide,Sydney,12433,Aliir,Aliir,Port Adelaide,0.015506939714314095
2026,14,Port Adelaide,Sydney,13337,Xavier,Bamert,Port Adelaide,0.01298456811570094
2026,14,Port Adelaide,Sydney,13188,Joe,Berry,Port Adelaide,0.01025271043728972
2026,14,Port Adelaide,Sydney,13007,Jase,Burgoyne,Port Adelaide,0.018577895507995216
2026,14,Port Adelaide,Sydney,12698,Zak,Butters,Port Adelaide,0.8820841664229279
2026,14,Port Adelaide,Sydney,12422,Darcy,Byrne-Jones,Port Adelaide,0.05819954887449916
2026,14,Port Adelaide,Sydney,13205,Tom,Cochrane,Port Adelaide,0.008178145171526947
2026,14,Port Adelaide,Sydney,12695,Willem,Drew,Port Adelaide,0.018104690199696186
2026,14,Port Adelaide,Sydney,12936,Corey,Durdin,Port Adelaide,0.011640900269364669
2026,14,Port Adelaide,Sydney,13156,Logan,Evans,Port Adelaide,0.00924366401526457
2026,14,Port Adelaide,Sydney,12664,Kane,Farrell,Port Adelaide,0.04044555736573996
2026,14,Port Adelaide,Sydney,12766,Mitch,Georgiades,Port Adelaide,0.0
2026,14,Port Adelaide,Sydney,12956,Jason,Horne-Francis,Port Adelaide,0.15272128063185256
2026,14,Port Adelaide,Sydney,12882,Lachie,Jones,Port Adelaide,0.011029630595910129
2026,14,Port Adelaide,Sydney,13269,Ewan,Mackinlay,Port Adelaide,0.009936847148511525
2026,14,Port Adelaide,Sydney,12575,Todd,Marshall,Port Adelaide,0.007998583171574692
2026,14,Port Adelaide,Sydney,12946,Jackson,Mead,Port Adelaide,0.010367334730192263
2026,14,Port Adelaide,Sydney,13270,Harrison,Ramm,Port Adelaide,0.015215159885880614
2026,14,Port Adelaide,Sydney,12597,Esava,Ratugolea,Port Adelaide,0.014903879394354076
2026,14,Port Adelaide,Sydney,13139,Joe,Richards,Port Adelaide,0.17560216117219124
2026,14,Port Adelaide,Sydney,12890,Jordon,Sweet,Port Adelaide,0.1002050336472917
2026,14,Port Adelaide,Sydney,13259,Jack,Whitlock,Port Adelaide,0.013643978978641853
2026,14,Port Adelaide,Sydney,12150,Ollie,Wines,Port Adelaide,0.03693117133847855
2026,14,Port Adelaide,Sydney,12844,Joel,Amartey,Sydney,0.01404629715030455
2026,14,Port Adelaide,Sydney,13195,Riley,Bice,Sydney,0.028544706204704524
2026,14,Port Adelaide,Sydney,12699,Nick,Blakey,Sydney,0.059996590941454306
2026,14,Port Adelaide,Sydney,13157,Caiden,Cleary,Sydney,0.005225383645405996
2026,14,Port Adelaide,Sydney,12015,Harry,Cunningham,Sydney,0.004637859950736529
2026,14,Port Adelaide,Sydney,12421,Charlie,Curnow,Sydney,0.05210563741675718
2026,14,Port Adelaide,Sydney,13318,Will,Edwards,Sydney,0.014194723905490692
2026,14,Port Adelaide,Sydney,12217,Brodie,Grundy,Sydney,0.4406532556791111
2026,14,Port Adelaide,Sydney,12359,Joel,Hamling,Sydney,0.02217115635707795
2026,14,Port Adelaide,Sydney,12326,Isaac,Heeney,Sydney,2.401291090519426
2026,14,Port Adelaide,Sydney,12860,James,Jordon,Sydney,0.020715004449020056
2026,14,Port Adelaide,Sydney,13327,Harry,Kyle,Sydney,0.013060109414560806
2026,14,Port Adelaide,Sydney,12268,Jake,Lloyd,Sydney,0.011875064692230698
2026,14,Port Adelaide,Sydney,12861,Logan,McDonald,Sydney,0.11556770456989594
2026,14,Port Adelaide,Sydney,12745,Hayden,McLean,Sydney,0.011404335146265782
2026,14,Port Adelaide,Sydney,12413,Callum,Mills,Sydney,0.47424379656569493
2026,14,Port Adelaide,Sydney,12994,Matt,Roberts,Sydney,0.010285433465795347
2026,14,Port Adelaide,Sydney,12903,Malcolm,Rosas,Sydney,0.010565634314033196
2026,14,Port Adelaide,Sydney,12714,James,Rowbottom,Sydney,0.035295006945213925
2026,14,Port Adelaide,Sydney,13022,Jai,Serong,Sydney,0.07709689649731931
2026,14,Port Adelaide,Sydney,12951,Angus,Sheldrick,Sydney,0.01825263780422862
2026,14,Port Adelaide,Sydney,12797,Chad,Warner,Sydney,0.5028342342047527
2026,14,Port Adelaide,Sydney,12818,Sam,Wicks,Sydney,0.02216359337236969
2026,14,Richmond,Brisbane Lions,12277,Charlie,Cameron,Brisbane Lions,0.0
2026,14,Richmond,Brisbane Lions,12340,Harris,Andrews,Brisbane Lions,0.0
2026,14,Richmond,Brisbane Lions,12718,Noah,Answerth,Brisbane Lions,0.0
2026,14,Richmond,Brisbane Lions,13197,Levi,Ashcroft,Brisbane Lions,0.0
2026,14,Richmond,Brisbane Lions,13040,Will,Ashcroft,Brisbane Lions,2.7308293736471905
2026,14,Richmond,Brisbane Lions,12610,Zac,Bailey,Brisbane Lions,0.7231115190769861
2026,14,Richmond,Brisbane Lions,12519,Jarrod,Berry,Brisbane Lions,0.0
2026,14,Richmond,Brisbane Lions,13142,Shadeau,Brain,Brisbane Lions,0.0
2026,14,Richmond,Brisbane Lions,12810,Sam,Draper,Brisbane Lions,0.0
2026,14,Richmond,Brisbane Lions,12408,Josh,Dunkley,Brisbane Lions,0.0
2026,14,Richmond,Brisbane Lions,13072,Jaspa,Fletcher,Brisbane Lions,0.0
2026,14,Richmond,Brisbane Lions,12724,Darcy,Fort,Brisbane Lions,0.0
2026,14,Richmond,Brisbane Lions,13235,Ty,Gallop,Brisbane Lions,0.0
2026,14,Richmond,Brisbane Lions,12267,Darcy,Gardiner,Brisbane Lions,0.0
2026,14,Richmond,Brisbane Lions,12454,Eric,Hipwood,Brisbane Lions,0.0
2026,14,Richmond,Brisbane Lions,12968,Kai,Lohmann,Brisbane Lions,0.0
2026,14,Richmond,Brisbane Lions,12391,Conor,McKenna,Brisbane Lions,0.0
2026,14,Richmond,Brisbane Lions,13137,Logan,Morris,Brisbane Lions,0.0
2026,14,Richmond,Brisbane Lions,12055,Lachie,Neale,Brisbane Lions,1.5940532134831276
2026,14,Richmond,Brisbane Lions,12592,Cam,Rayner,Brisbane Lions,0.0
2026,14,Richmond,Brisbane Lions,13138,Bruce,Reville,Brisbane Lions,0.0
2026,14,Richmond,Brisbane Lions,13005,James,Tunstill,Brisbane Lions,0.0
2026,14,Richmond,Brisbane Lions,13026,Darcy,Wilmot,Brisbane Lions,0.028226858103303165
2026,14,Richmond,Brisbane Lions,13242,Jasper,Alger,Richmond,0.0
2026,14,Richmond,Brisbane Lions,13338,Kye,Annand,Richmond,0.0
2026,14,Richmond,Brisbane Lions,12686,Noah,Balta,Richmond,0.0
2026,14,Richmond,Brisbane Lions,13078,Sam,Banks,Richmond,0.0
2026,14,Richmond,Brisbane Lions,12456,Nathan,Broad,Richmond,0.0
2026,14,Richmond,Brisbane Lions,13096,Tom,Brown,Richmond,0.0
2026,14,Richmond,Brisbane Lions,13100,Seth,Campbell,Richmond,0.0
2026,14,Richmond,Brisbane Lions,13316,Sam,Cumming,Richmond,0.0
2026,14,Richmond,Brisbane Lions,13200,Liam,Fawcett,Richmond,0.0
2026,14,Richmond,Brisbane Lions,13145,Steely,Green,Richmond,0.0
2026,14,Richmond,Brisbane Lions,13290,Sam,Grlj,Richmond,0.0
2026,14,Richmond,Brisbane Lions,13309,Oliver,Hayes-Brown,Richmond,0.0
2026,14,Richmond,Brisbane Lions,12440,Jacob,Hopper,Richmond,0.0
2026,14,Richmond,Brisbane Lions,13113,Mykelti,Lefau,Richmond,0.0
2026,14,Richmond,Brisbane Lions,12941,Ben,Miller,Richmond,0.0
2026,14,Richmond,Brisbane Lions,11917,Dion,Prestia,Richmond,0.0
2026,14,Richmond,Brisbane Lions,13313,Patrick,Retschko,Richmond,0.0
2026,14,Richmond,Brisbane Lions,12935,Maurice,Rioli,Richmond,0.0
2026,14,Richmond,Brisbane Lions,12418,Jayden,Short,Richmond,0.0
2026,14,Richmond,Brisbane Lions,13014,Tyler,Sonsie,Richmond,0.0
2026,14,Richmond,Brisbane Lions,12504,Tim,Taranto,Richmond,0.923779035691098
2026,14,Richmond,Brisbane Lions,13095,James,Trezise,Richmond,0.0
2026,14,Richmond,Brisbane Lions,12174,Nick,Vlastuin,Richmond,0.0
2026,14,St Kilda,Greater Western Sydney,13020,Leek,Aleer,Greater Western Sydney,0.0
2026,14,St Kilda,Greater Western Sydney,13001,Ryan,Angwin,Greater Western Sydney,0.0
2026,14,St Kilda,Greater Western Sydney,12782,Lachie,Ash,Greater Western Sydney,0.10304223729725334
2026,14,St Kilda,Greater Western Sydney,12772,Toby,Bedford,Greater Western Sydney,0.0
2026,14,St Kilda,Greater Western Sydney,12904,Kieren,Briggs,Greater Western Sydney,0.0035916922772420354
2026,14,St Kilda,Greater Western Sydney,12910,Callum,Brown,Greater Western Sydney,0.0
2026,14,St Kilda,Greater Western Sydney,13054,Aaron,Cadman,Greater Western Sydney,0.04184302275492318
2026,14,St Kilda,Greater Western Sydney,12969,Finn,Callaghan,Greater Western Sydney,0.09834587466663744
2026,14,St Kilda,Greater Western Sydney,12656,Brent,Daniels,Greater Western Sydney,0.21950833582083384
2026,14,St Kilda,Greater Western Sydney,13164,Joe,Fonti,Greater Western Sydney,0.0
2026,14,St Kilda,Greater Western Sydney,13279,Phoenix,Gothard,Greater Western Sydney,0.0
2026,14,St Kilda,Greater Western Sydney,12025,Toby,Greene,Greater Western Sydney,0.09200005568541875
2026,14,St Kilda,Greater Western Sydney,12462,Harry,Himmelberg,Greater Western Sydney,0.0
2026,14,St Kilda,Greater Western Sydney,12321,Jesse,Hogan,Greater Western Sydney,0.0
2026,14,St Kilda,Greater Western Sydney,12750,Connor,Idun,Greater Western Sydney,0.0019169062173295046
2026,14,St Kilda,Greater Western Sydney,12377,Jayden,Laverde,Greater Western Sydney,0.0005966909089198877
2026,14,St Kilda,Greater Western Sydney,13088,Toby,McMullin,Greater Western Sydney,0.0
2026,14,St Kilda,Greater Western Sydney,12410,Clayton,Oliver,Greater Western Sydney,0.7238782196928925
2026,14,St Kilda,Greater Western Sydney,12886,Conor,Stone,Greater Western Sydney,0.0
2026,14,St Kilda,Greater Western Sydney,12167,Jake,Stringer,Greater Western Sydney,0.0
2026,14,St Kilda,Greater Western Sydney,12644,Sam,Taylor,Greater Western Sydney,0.0053558238240368
2026,14,St Kilda,Greater Western Sydney,13101,Harvey,Thomas,Greater Western Sydney,0.0
2026,14,St Kilda,Greater Western Sydney,12143,Lachie,Whitfield,Greater Western Sydney,0.0
2026,14,St Kilda,Greater Western Sydney,12490,Dan,Butler,St Kilda,6.417391110507403e-05
2026,14,St Kilda,Greater Western Sydney,12802,Ryan,Byrnes,St Kilda,0.0
2026,14,St Kilda,Greater Western Sydney,13035,Anthony,Caminiti,St Kilda,0.005443821594447236
2026,14,St Kilda,Greater Western Sydney,12674,Tom,De Koning,St Kilda,0.01710816997097147
2026,14,St Kilda,Greater Western Sydney,13125,Hugo,Garcia,St Kilda,0.2053180330395548
2026,14,St Kilda,Greater Western Sydney,13193,Max,Hall,St Kilda,0.04152136104853466
2026,14,St Kilda,Greater Western Sydney,13116,Angus,Hastie,St Kilda,0.0
2026,14,St Kilda,Greater Western Sydney,12060,Bradley,Hill,St Kilda,0.0
2026,14,St Kilda,Greater Western Sydney,13331,Campbell,Lake,St Kilda,0.0
2026,14,St Kilda,Greater Western Sydney,12166,Jack,Macrae,St Kilda,0.05524821669992246
2026,14,St Kilda,Greater Western Sydney,12564,Rowan,Marshall,St Kilda,0.016930318188759473
2026,14,St Kilda,Greater Western Sydney,12948,Mitch,Owens,St Kilda,0.020816377460022704
2026,14,St Kilda,Greater Western Sydney,12600,Liam,Ryan,St Kilda,1.8767508172978455
2026,14,St Kilda,Greater Western Sydney,12929,Cooper,Sharman,St Kilda,0.6209541480775899
2026,14,St Kilda,Greater Western Sydney,12458,Jack,Silvagni,St Kilda,0.007207861665279945
2026,14,St Kilda,Greater Western Sydney,12325,Jack,Sinclair,St Kilda,0.013106338108289865
2026,14,St Kilda,Greater Western Sydney,12721,Liam,Stocker,St Kilda,0.00010684963692971644
2026,14,St Kilda,Greater Western Sydney,13243,Alix,Tauru,St Kilda,0.0005666322339723737
2026,14,St Kilda,Greater Western Sydney,12950,Nasiah,Wanganeen-Milera,St Kilda,1.7746029218217596
2026,14,St Kilda,Greater Western Sydney,12703,Callum,Wilkie,St Kilda,0.008208726146098376
2026,14,St Kilda,Greater Western Sydney,13110,Darcy,Wilson,St Kilda,0.007221235658558332
2026,14,St Kilda,Greater Western Sydney,12967,Marcus,Windhager,St Kilda,0.03874513829256201
2026,14,St Kilda,Greater Western Sydney,12312,Mason,Wood,St Kilda,0.0
2026,15,Fremantle,Geelong,12983,Jye,Amiss,Fremantle,0.02696736721107141
2026,15,Fremantle,Geelong,12535,Shai,Bolton,Fremantle,0.0730769137462042
2026,15,Fremantle,Geelong,12589,Andrew,Brayshaw,Fremantle,1.981722680501968
2026,15,Fremantle,Geelong,12875,Heath,Chapman,Fremantle,0.0
2026,15,Fremantle,Geelong,12688,Jordan,Clark,Fremantle,0.0
2026,15,Fremantle,Geelong,12544,Brennan,Cox,Fremantle,0.0
2026,15,Fremantle,Geelong,12428,Mason,Cox,Fremantle,0.0
2026,15,Fremantle,Geelong,13204,Isaiah,Dudley,Fremantle,0.0
2026,15,Fremantle,Geelong,12966,Neil,Erasmus,Fremantle,0.0
2026,15,Fremantle,Geelong,12801,Michael,Frederick,Fremantle,0.0
2026,15,Fremantle,Geelong,12779,Luke,Jackson,Fremantle,2.7569894601842586
2026,15,Fremantle,Geelong,13047,Matthew,Johnson,Fremantle,0.0
2026,15,Fremantle,Geelong,13033,Judd,McVee,Fremantle,0.0
2026,15,Fremantle,Geelong,12960,Nathan,ODriscoll,Fremantle,0.0
2026,15,Fremantle,Geelong,12352,Alex,Pearce,Fremantle,0.1332524435036435
2026,15,Fremantle,Geelong,13180,Murphy,Reid,Fremantle,0.37591744372705677
2026,15,Fremantle,Geelong,12542,Luke,Ryan,Fremantle,0.0
2026,15,Fremantle,Geelong,12786,Caleb,Serong,Fremantle,0.09061653143791756
2026,15,Fremantle,Geelong,12672,Sam,Switkowski,Fremantle,0.0
2026,15,Fremantle,Geelong,12887,Josh,Treacy,Fremantle,0.0
2026,15,Fremantle,Geelong,13129,Patrick,Voss,Fremantle,0.0
2026,15,Fremantle,Geelong,13075,Karl,Worner,Fremantle,0.0
2026,15,Fremantle,Geelong,12777,Hayden,Young,Fremantle,0.0
2026,15,Fremantle,Geelong,12690,Tom,Atkins,Geelong,0.0
2026,15,Fremantle,Geelong,12153,Mark,Blicavs,Geelong,0.0
2026,15,Fremantle,Geelong,12499,Jack,Bowes,Geelong,0.0
2026,15,Fremantle,Geelong,12871,Tanner,Bruhn,Geelong,0.025614645675084625
2026,15,Fremantle,Geelong,12017,Jeremy,Cameron,Geelong,0.0
2026,15,Fremantle,Geelong,11700,Patrick,Dangerfield,Geelong,0.14406673184883848
2026,15,Fremantle,Geelong,12891,Sam,De Koning,Geelong,0.0
2026,15,Fremantle,Geelong,12974,Oliver,Dempsey,Geelong,0.0
2026,15,Fremantle,Geelong,13285,Mitchell,Edwards,Geelong,0.0
2026,15,Fremantle,Geelong,12551,Zach,Guthrie,Geelong,0.0
2026,15,Fremantle,Geelong,12607,Jack,Henry,Geelong,0.0
2026,15,Fremantle,Geelong,12851,Oliver,Henry,Geelong,0.0
2026,15,Fremantle,Geelong,12881,Max,Holmes,Geelong,0.3877234277696305
2026,15,Fremantle,Geelong,13160,Lawson,Humphries,Geelong,0.0
2026,15,Fremantle,Geelong,12370,Jake,Kolodjashnij,Geelong,0.0
2026,15,Fremantle,Geelong,13104,Shaun,Mannagh,Geelong,0.0
2026,15,Fremantle,Geelong,12236,Jack,Martin,Geelong,0.0
2026,15,Fremantle,Geelong,13066,Oisin,Mullin,Geelong,0.0
2026,15,Fremantle,Geelong,12992,Shannon,Neale,Geelong,0.0
2026,15,Fremantle,Geelong,12531,Mark,OConnor,Geelong,0.0
2026,15,Fremantle,Geelong,13122,Connor,OSullivan,Geelong,0.0013357421575922526
2026,15,Fremantle,Geelong,13249,George,Stevens,Geelong,0.0027166122391382233
2026,15,Fremantle,Geelong,13217,Oliver,Wiltshire,Geelong,0.0
2026,15,Gold Coast,Hawthorn,13251,Oscar,Adams,Gold Coast,0.008649689456571647
2026,15,Gold Coast,Hawthorn,13341,Beau,Addinsall,Gold Coast,0.006568826303027676
2026,15,Gold Coast,Hawthorn,12767,Noah,Anderson,Gold Coast,1.1832072158905338
2026,15,Gold Coast,Hawthorn,13019,Mac,Andrew,Gold Coast,0.004449135863129634
2026,15,Gold Coast,Hawthorn,13119,Sam,Clohesy,Gold Coast,0.007905631177043144
2026,15,Gold Coast,Hawthorn,12444,Sam,Collins,Gold Coast,0.012158095439838468
2026,15,Gold Coast,Hawthorn,12307,Nick,Holman,Gold Coast,0.005252030829059496
2026,15,Gold Coast,Hawthorn,13049,Bailey,Humphrey,Gold Coast,0.012084491900849443
2026,15,Gold Coast,Hawthorn,12933,Joel,Jeffrey,Gold Coast,0.09525640620585533
2026,15,Gold Coast,Hawthorn,12728,Ben,King,Gold Coast,0.00624746252952026
2026,15,Gold Coast,Hawthorn,13232,Leo,Lombard,Gold Coast,0.02091483135321476
2026,15,Gold Coast,Hawthorn,12521,Ben,Long,Gold Coast,0.5156639742558469
2026,15,Gold Coast,Hawthorn,12331,Touk,Miller,Gold Coast,0.02541377981762515
2026,15,Gold Coast,Hawthorn,13050,Ned,Moyle,Gold Coast,0.009539361672060116
2026,15,Gold Coast,Hawthorn,13332,Jai,Murray,Gold Coast,0.004919766541151938
2026,15,Gold Coast,Hawthorn,12743,John,Noble,Gold Coast,0.007721097554062823
2026,15,Gold Coast,Hawthorn,12430,Christian,Petracca,Gold Coast,0.3162606257831153
2026,15,Gold Coast,Hawthorn,12403,Daniel,Rioli,Gold Coast,0.0020854652448452533
2026,15,Gold Coast,Hawthorn,12768,Matt,Rowell,Gold Coast,0.10093106784576208
2026,15,Gold Coast,Hawthorn,13041,Bodhi,Uwland,Gold Coast,0.013992136434583847
2026,15,Gold Coast,Hawthorn,13278,Zeke,Uwland,Gold Coast,0.004721389915012104
2026,15,Gold Coast,Hawthorn,13114,Jed,Walter,Gold Coast,0.00523369230776562
2026,15,Gold Coast,Hawthorn,12177,Jarrod,Witts,Gold Coast,0.009144340400054619
2026,15,Gold Coast,Hawthorn,12357,Karl,Amon,Hawthorn,0.07029565168136402
2026,15,Gold Coast,Hawthorn,12383,Tom,Barrass,Hawthorn,0.011087932184972882
2026,15,Gold Coast,Hawthorn,12558,Josh,Battle,Hawthorn,0.01601217440276158
2026,15,Gold Coast,Hawthorn,12485,Mabior,Chol,Hawthorn,0.020372561433496198
2026,15,Gold Coast,Hawthorn,12998,Massimo,DAmbrosio,Hawthorn,0.01931924860891392
2026,15,Gold Coast,Hawthorn,12794,Will,Day,Hawthorn,0.4790633102240247
2026,15,Gold Coast,Hawthorn,12927,Jack,Ginnivan,Hawthorn,0.02366637321507981
2026,15,Gold Coast,Hawthorn,12469,Blake,Hardwick,Hawthorn,0.005656608640378247
2026,15,Gold Coast,Hawthorn,12237,Jarman,Impey,Hawthorn,0.003721953613298846
2026,15,Gold Coast,Hawthorn,12636,Mitch,Lewis,Hawthorn,0.012179892638335622
2026,15,Gold Coast,Hawthorn,13069,Bailey,Macdonald,Hawthorn,0.009143791964988896
2026,15,Gold Coast,Hawthorn,12954,Connor,Macdonald,Hawthorn,0.024826610209589043
2026,15,Gold Coast,Hawthorn,13031,Cam,Mackenzie,Hawthorn,0.011058977316583746
2026,15,Gold Coast,Hawthorn,12856,Lloyd,Meek,Hawthorn,0.015420864135497845
2026,15,Gold Coast,Hawthorn,12710,Dylan,Moore,Hawthorn,0.16436824921160356
2026,15,Gold Coast,Hawthorn,12579,Harry,Morrison,Hawthorn,0.003555087341813274
2026,15,Gold Coast,Hawthorn,13326,Cameron,Nairn,Hawthorn,0.008544575258077242
2026,15,Gold Coast,Hawthorn,12915,Jai,Newcombe,Hawthorn,2.1359489356252985
2026,15,Gold Coast,Hawthorn,12906,Ned,Reeves,Hawthorn,0.01255724424621692
2026,15,Gold Coast,Hawthorn,12332,James,Sicily,Hawthorn,0.02633177911700541
2026,15,Gold Coast,Hawthorn,12955,Josh,Ward,Hawthorn,0.46845906651452407
2026,15,Gold Coast,Hawthorn,13105,Nick,Watson,Hawthorn,0.027748265081897986
2026,15,Gold Coast,Hawthorn,13057,Josh,Weddle,Hawthorn,0.05234033260107625
2026,15,Adelaide,Melbourne,12849,Sam,Berry,Adelaide,0.3909698240866997
2026,15,Adelaide,Melbourne,13086,James,Borlase,Adelaide,0.06633870594134067
2026,15,Adelaide,Melbourne,12932,Brayden,Cook,Adelaide,0.05028683639906099
2026,15,Adelaide,Melbourne,13132,Daniel,Curtin,Adelaide,0.03740441320023646
2026,15,Adelaide,Melbourne,12516,Jordan,Dawson,Adelaide,0.23438540293239582
2026,15,Adelaide,Melbourne,12584,Darcy,Fogarty,Adelaide,0.046337955196204685
2026,15,Adelaide,Melbourne,13328,Hugo,Hall-Kahan,Adelaide,0.05488426167457331
2026,15,Adelaide,Melbourne,12809,Mark,Keane,Adelaide,0.8937754257026558
2026,15,Adelaide,Melbourne,12434,Ben,Keays,Adelaide,0.04861775283192623
2026,15,Adelaide,Melbourne,12165,Rory,Laird,Adelaide,0.12945545493056568
2026,15,Adelaide,Melbourne,13065,Lachlan,McAndrew,Adelaide,0.054114865121126864
2026,15,Adelaide,Melbourne,13027,Max,Michalanney,Adelaide,0.057419284433508834
2026,15,Adelaide,Melbourne,12405,Wayne,Milera,Adelaide,0.5192028810007212
2026,15,Adelaide,Melbourne,12872,Nick,Murray,Adelaide,0.04726089936925091
2026,15,Adelaide,Melbourne,13081,Luke,Nankervis,Adelaide,0.0809299285236525
2026,15,Adelaide,Melbourne,12367,Alex,Neal-Bullen,Adelaide,0.029116166422844085
2026,15,Adelaide,Melbourne,12934,James,Peatling,Adelaide,0.054256362238728977
2026,15,Adelaide,Melbourne,12953,Josh,Rachele,Adelaide,0.09010421873296118
2026,15,Adelaide,Melbourne,12798,Izak,Rankine,Adelaide,0.08787531342003085
2026,15,Adelaide,Melbourne,12952,Jake,Soligo,Adelaide,0.06138525188692575
2026,15,Adelaide,Melbourne,13159,Zac,Taylor,Adelaide,0.03501120292885925
2026,15,Adelaide,Melbourne,12892,Riley,Thilthorpe,Adelaide,0.05565931673744829
2026,15,Adelaide,Melbourne,11713,Taylor,Walker,Adelaide,0.03159644498438335
2026,15,Adelaide,Melbourne,12931,Jake,Bowey,Melbourne,0.04313084536726396
2026,15,Adelaide,Melbourne,12756,Kade,Chandler,Melbourne,0.1581145355963286
2026,15,Adelaide,Melbourne,13300,Paddy,Cross,Melbourne,0.032010695925548886
2026,15,Adelaide,Melbourne,13335,Joel,Fitzgerald,Melbourne,0.02941386659956579
2026,15,Adelaide,Melbourne,12598,Bayley,Fritsch,Melbourne,0.02751735715718267
2026,15,Adelaide,Melbourne,11966,Max,Gawn,Melbourne,1.5735555808340023
2026,15,Adelaide,Melbourne,13098,Blake,Howes,Melbourne,0.03500753459445482
2026,15,Adelaide,Melbourne,13182,Matthew,Jefferson,Melbourne,0.03223796346360654
2026,15,Adelaide,Melbourne,13330,Luker,Kentfield,Melbourne,0.037344109808771335
2026,15,Adelaide,Melbourne,12393,Ed,Langdon,Melbourne,0.033309886760306516
2026,15,Adelaide,Melbourne,13184,Harvey,Langford,Melbourne,0.03093343014993643
2026,15,Adelaide,Melbourne,12351,Jake,Lever,Melbourne,0.03679661151332638
2026,15,Adelaide,Melbourne,12009,Tom,McDonald,Melbourne,0.028061114438375466
2026,15,Adelaide,Melbourne,11820,Jake,Melksham,Melbourne,0.030972370495577432
2026,15,Adelaide,Melbourne,12771,Kysaiah,Pickett,Melbourne,0.059187133570121016
2026,15,Adelaide,Melbourne,12778,Trent,Rivers,Melbourne,0.02695460621342851
2026,15,Adelaide,Melbourne,12864,Harry,Sharp,Melbourne,0.038437555605716066
2026,15,Adelaide,Melbourne,12693,Tom,Sparrow,Melbourne,0.4069840816476436
2026,15,Adelaide,Melbourne,12368,Jack,Steele,Melbourne,0.05759981841389702
2026,15,Adelaide,Melbourne,13123,Koltyn,Tholstrup,Melbourne,0.03545457269298726
2026,15,Adelaide,Melbourne,12996,Daniel,Turner,Melbourne,0.03539855059629173
2026,15,Adelaide,Melbourne,13048,Jacob,van Rooyen,Melbourne,0.019219076427555902
2026,15,Adelaide,Melbourne,13099,Caleb,Windsor,Melbourne,0.03597053344140951
2026,15,Greater Western Sydney,Carlton,13365,Billy,Wilson,Carlton,0.0
2026,15,Greater Western Sydney,Carlton,12276,Blake,Acres,Carlton,0.034432024220502226
2026,15,Greater Western Sydney,Carlton,12498,Ben,Ainsworth,Carlton,0.0
2026,15,Greater Western Sydney,Carlton,13297,Talor,Byrne,Carlton,0.0
2026,15,Greater Western Sydney,Carlton,12603,Adam,Cerra,Carlton,0.0
2026,15,Greater Western Sydney,Carlton,12822,Matthew,Cottrell,Carlton,0.0009734518147114582
2026,15,Greater Western Sydney,Carlton,13028,Lachlan,Cowan,Carlton,0.0
2026,15,Greater Western Sydney,Carlton,12261,Patrick,Cripps,Carlton,1.9572291333659093
2026,15,Greater Western Sydney,Carlton,13273,Harry,Dean,Carlton,0.0
2026,15,Greater Western Sydney,Carlton,13303,Wade,Derksen,Carlton,0.0
2026,15,Greater Western Sydney,Carlton,12873,Francis,Evans,Carlton,0.031820850265912075
2026,15,Greater Western Sydney,Carlton,12497,Oliver,Florent,Carlton,0.0
2026,15,Greater Western Sydney,Carlton,12091,Nick,Haynes,Carlton,0.005497095128589917
2026,15,Greater Western Sydney,Carlton,12509,Will,Hayward,Carlton,0.0
2026,15,Greater Western Sydney,Carlton,12411,George,Hewett,Carlton,1.2751771516571568
2026,15,Greater Western Sydney,Carlton,13321,Jack,Ison,Carlton,0.0
2026,15,Greater Western Sydney,Carlton,12937,Brodie,Kemp,Carlton,0.0
2026,15,Greater Western Sydney,Carlton,12404,Mitch,McGovern,Carlton,0.0
2026,15,Greater Western Sydney,Carlton,12566,Harry,McKay,Carlton,0.0035214798670953965
2026,15,Greater Western Sydney,Carlton,12508,Nic,Newman,Carlton,0.07722905140892014
2026,15,Greater Western Sydney,Carlton,12417,Marc,Pittonet,Carlton,0.0
2026,15,Greater Western Sydney,Carlton,13274,Jagga,Smith,Carlton,0.19754338457720066
2026,15,Greater Western Sydney,Carlton,12684,Sam,Walsh,Carlton,1.9197365407339235
2026,15,Greater Western Sydney,Carlton,13020,Leek,Aleer,Greater Western Sydney,0.0
2026,15,Greater Western Sydney,Carlton,13001,Ryan,Angwin,Greater Western Sydney,0.0
2026,15,Greater Western Sydney,Carlton,12782,Lachie,Ash,Greater Western Sydney,0.007152092806905604
2026,15,Greater Western Sydney,Carlton,12772,Toby,Bedford,Greater Western Sydney,0.0
2026,15,Greater Western Sydney,Carlton,12904,Kieren,Briggs,Greater Western Sydney,0.0
2026,15,Greater Western Sydney,Carlton,12910,Callum,Brown,Greater Western Sydney,0.0
2026,15,Greater Western Sydney,Carlton,13054,Aaron,Cadman,Greater Western Sydney,0.0
2026,15,Greater Western Sydney,Carlton,12969,Finn,Callaghan,Greater Western Sydney,0.39902679713683886
2026,15,Greater Western Sydney,Carlton,12028,Stephen,Coniglio,Greater Western Sydney,0.0
2026,15,Greater Western Sydney,Carlton,12656,Brent,Daniels,Greater Western Sydney,0.0
2026,15,Greater Western Sydney,Carlton,13164,Joe,Fonti,Greater Western Sydney,0.0
2026,15,Greater Western Sydney,Carlton,13279,Phoenix,Gothard,Greater Western Sydney,0.0
2026,15,Greater Western Sydney,Carlton,12025,Toby,Greene,Greater Western Sydney,0.0
2026,15,Greater Western Sydney,Carlton,12462,Harry,Himmelberg,Greater Western Sydney,0.0
2026,15,Greater Western Sydney,Carlton,12321,Jesse,Hogan,Greater Western Sydney,0.0
2026,15,Greater Western Sydney,Carlton,12750,Connor,Idun,Greater Western Sydney,0.0
2026,15,Greater Western Sydney,Carlton,12377,Jayden,Laverde,Greater Western Sydney,0.0
2026,15,Greater Western Sydney,Carlton,12410,Clayton,Oliver,Greater Western Sydney,0.09066094701844307
2026,15,Greater Western Sydney,Carlton,12886,Conor,Stone,Greater Western Sydney,0.0
2026,15,Greater Western Sydney,Carlton,12167,Jake,Stringer,Greater Western Sydney,0.0
2026,15,Greater Western Sydney,Carlton,12644,Sam,Taylor,Greater Western Sydney,0.0
2026,15,Greater Western Sydney,Carlton,13101,Harvey,Thomas,Greater Western Sydney,0.0
2026,15,Greater Western Sydney,Carlton,12143,Lachie,Whitfield,Greater Western Sydney,0.0
2026,15,Collingwood,Port Adelaide,13146,Edward,Allan,Collingwood,0.03211081142282613
2026,15,Collingwood,Port Adelaide,13071,Jack,Buller,Collingwood,0.0
2026,15,Collingwood,Port Adelaide,12660,Darcy,Cameron,Collingwood,0.0051577580629426825
2026,15,Collingwood,Port Adelaide,12061,Jack,Crisp,Collingwood,0.001550818878006779
2026,15,Collingwood,Port Adelaide,12573,Josh,Daicos,Collingwood,0.11407007734828103
2026,15,Collingwood,Port Adelaide,12943,Nick,Daicos,Collingwood,2.6965379311617186
2026,15,Collingwood,Port Adelaide,12318,Jordan,de Goey,Collingwood,2.1554020285738082
2026,15,Collingwood,Port Adelaide,12676,Billy,Frampton,Collingwood,0.005189622712954386
2026,15,Collingwood,Port Adelaide,13068,Harvey,Harrison,Collingwood,0.0
2026,15,Collingwood,Port Adelaide,12495,Dan,Houston,Collingwood,0.0025438517408772534
2026,15,Collingwood,Port Adelaide,11967,Jeremy,Howe,Collingwood,0.23560812949974233
2026,15,Collingwood,Port Adelaide,12578,Patrick,Lipinski,Collingwood,0.027992330361181504
2026,15,Collingwood,Port Adelaide,13023,Ned,Long,Collingwood,0.000432053615738023
2026,15,Collingwood,Port Adelaide,12876,Beau,McCreery,Collingwood,0.0
2026,15,Collingwood,Port Adelaide,12291,Daniel,McStay,Collingwood,0.007776318053346156
2026,15,Collingwood,Port Adelaide,12300,Tim,Membrey,Collingwood,0.047874076415383306
2026,15,Collingwood,Port Adelaide,12536,Harry,Perryman,Collingwood,0.0
2026,15,Collingwood,Port Adelaide,13329,Mitch,Podhajski,Collingwood,0.0
2026,15,Collingwood,Port Adelaide,12740,Isaac,Quaynor,Collingwood,0.006382479279476513
2026,15,Collingwood,Port Adelaide,12700,Lachie,Schultz,Collingwood,0.006845681900644293
2026,15,Collingwood,Port Adelaide,11751,Steele,Sidebottom,Collingwood,0.03804195884530311
2026,15,Collingwood,Port Adelaide,13248,Roan,Steele,Collingwood,0.0
2026,15,Collingwood,Port Adelaide,13340,Sam,Swadling,Collingwood,0.0031328020414839505
2026,15,Collingwood,Port Adelaide,12433,Aliir,Aliir,Port Adelaide,0.0
2026,15,Collingwood,Port Adelaide,13337,Xavier,Bamert,Port Adelaide,0.0
2026,15,Collingwood,Port Adelaide,13188,Joe,Berry,Port Adelaide,0.0
2026,15,Collingwood,Port Adelaide,13007,Jase,Burgoyne,Port Adelaide,0.011812460159853549
2026,15,Collingwood,Port Adelaide,12698,Zak,Butters,Port Adelaide,0.0732521258905488
2026,15,Collingwood,Port Adelaide,12422,Darcy,Byrne-Jones,Port Adelaide,0.0
2026,15,Collingwood,Port Adelaide,13205,Tom,Cochrane,Port Adelaide,0.0
2026,15,Collingwood,Port Adelaide,12695,Willem,Drew,Port Adelaide,0.004585754883604623
2026,15,Collingwood,Port Adelaide,12936,Corey,Durdin,Port Adelaide,0.0
2026,15,Collingwood,Port Adelaide,13156,Logan,Evans,Port Adelaide,0.0
2026,15,Collingwood,Port Adelaide,12766,Mitch,Georgiades,Port Adelaide,0.0
2026,15,Collingwood,Port Adelaide,12956,Jason,Horne-Francis,Port Adelaide,0.477949690420933
2026,15,Collingwood,Port Adelaide,12882,Lachie,Jones,Port Adelaide,0.0
2026,15,Collingwood,Port Adelaide,13301,Josh,Lai,Port Adelaide,0.0
2026,15,Collingwood,Port Adelaide,12704,Jack,Lukosius,Port Adelaide,0.0
2026,15,Collingwood,Port Adelaide,13269,Ewan,Mackinlay,Port Adelaide,0.0007080126537277794
2026,15,Collingwood,Port Adelaide,12575,Todd,Marshall,Port Adelaide,0.0
2026,15,Collingwood,Port Adelaide,12946,Jackson,Mead,Port Adelaide,0.0
2026,15,Collingwood,Port Adelaide,13270,Harrison,Ramm,Port Adelaide,0.0
2026,15,Collingwood,Port Adelaide,12597,Esava,Ratugolea,Port Adelaide,0.00036432247449560105
2026,15,Collingwood,Port Adelaide,13139,Joe,Richards,Port Adelaide,0.0
2026,15,Collingwood,Port Adelaide,12890,Jordon,Sweet,Port Adelaide,0.044678903601221016
2026,15,Collingwood,Port Adelaide,13259,Jack,Whitlock,Port Adelaide,0.0
2026,15,Richmond,North Melbourne,13287,Tom,Blamires,North Melbourne,0.0
2026,15,Richmond,North Melbourne,12938,Charlie,Comben,North Melbourne,0.0
2026,15,Richmond,North Melbourne,12181,Aidan,Corr,North Melbourne,0.0
2026,15,Richmond,North Melbourne,12373,Caleb,Daniel,North Melbourne,2.5048514175239043
2026,15,Richmond,North Melbourne,11905,Jack,Darling,North Melbourne,0.0
2026,15,Richmond,North Melbourne,12590,Luke,Davies-Uniacke,North Melbourne,0.0
2026,15,Richmond,North Melbourne,13106,Zane,Duursma,North Melbourne,0.0
2026,15,Richmond,North Melbourne,13336,Taylor,Goad,North Melbourne,0.0
2026,15,Richmond,North Melbourne,13077,Cooper,Harvey,North Melbourne,0.0
2026,15,Richmond,North Melbourne,13186,Jacob,Konstanty,North Melbourne,0.0
2026,15,Richmond,North Melbourne,12563,Nick,Larkey,North Melbourne,0.0
2026,15,Richmond,North Melbourne,12246,Luke,McDonald,North Melbourne,0.0
2026,15,Richmond,North Melbourne,13107,Colby,McKercher,North Melbourne,0.0
2026,15,Richmond,North Melbourne,13187,Finn,OSullivan,North Melbourne,0.0
2026,15,Richmond,North Melbourne,11953,Luke,Parker,North Melbourne,0.6854255736022906
2026,15,Richmond,North Melbourne,13034,Harry,Sheezel,North Melbourne,1.4264135948870742
2026,15,Richmond,North Melbourne,12502,Jy,Simpkin,North Melbourne,0.0
2026,15,Richmond,North Melbourne,12622,Charlie,Spargo,North Melbourne,0.0
2026,15,Richmond,North Melbourne,12796,Dylan,Stephens,North Melbourne,0.0
2026,15,Richmond,North Melbourne,13263,Cooper,Trembath,North Melbourne,1.2533124115595355
2026,15,Richmond,North Melbourne,13064,George,Wardlaw,North Melbourne,0.0
2026,15,Richmond,North Melbourne,12788,Tristan,Xerri,North Melbourne,0.0
2026,15,Richmond,North Melbourne,12557,Cameron,Zurhaar,North Melbourne,0.0
2026,15,Richmond,North Melbourne,13242,Jasper,Alger,Richmond,0.0
2026,15,Richmond,North Melbourne,13338,Kye,Annand,Richmond,0.0
2026,15,Richmond,North Melbourne,12686,Noah,Balta,Richmond,0.0
2026,15,Richmond,North Melbourne,13078,Sam,Banks,Richmond,0.0
2026,15,Richmond,North Melbourne,12456,Nathan,Broad,Richmond,0.0
2026,15,Richmond,North Melbourne,13096,Tom,Brown,Richmond,0.0
2026,15,Richmond,North Melbourne,13100,Seth,Campbell,Richmond,0.0
2026,15,Richmond,North Melbourne,13316,Sam,Cumming,Richmond,0.0
2026,15,Richmond,North Melbourne,13200,Liam,Fawcett,Richmond,0.0
2026,15,Richmond,North Melbourne,13145,Steely,Green,Richmond,0.0
2026,15,Richmond,North Melbourne,13290,Sam,Grlj,Richmond,0.0
2026,15,Richmond,North Melbourne,13253,Taj,Hotton,Richmond,0.0
2026,15,Richmond,North Melbourne,13113,Mykelti,Lefau,Richmond,0.0
2026,15,Richmond,North Melbourne,12941,Ben,Miller,Richmond,0.0
2026,15,Richmond,North Melbourne,12374,Toby,Nankervis,Richmond,0.0
2026,15,Richmond,North Melbourne,11917,Dion,Prestia,Richmond,0.0
2026,15,Richmond,North Melbourne,13313,Patrick,Retschko,Richmond,0.0
2026,15,Richmond,North Melbourne,12935,Maurice,Rioli,Richmond,0.0
2026,15,Richmond,North Melbourne,12418,Jayden,Short,Richmond,0.0
2026,15,Richmond,North Melbourne,13014,Tyler,Sonsie,Richmond,0.0
2026,15,Richmond,North Melbourne,12504,Tim,Taranto,Richmond,0.1299970024281704
2026,15,Richmond,North Melbourne,13095,James,Trezise,Richmond,0.0
2026,15,Richmond,North Melbourne,12174,Nick,Vlastuin,Richmond,0.0
2026,15,St Kilda,Western Bulldogs,12490,Dan,Butler,St Kilda,0.014607591758460693
2026,15,St Kilda,Western Bulldogs,12802,Ryan,Byrnes,St Kilda,0.01404957311411157
2026,15,St Kilda,Western Bulldogs,13035,Anthony,Caminiti,St Kilda,0.016757818441360463
2026,15,St Kilda,Western Bulldogs,12674,Tom,De Koning,St Kilda,0.01979790283054684
2026,15,St Kilda,Western Bulldogs,13125,Hugo,Garcia,St Kilda,0.5831900285177171
2026,15,St Kilda,Western Bulldogs,13193,Max,Hall,St Kilda,0.014228705518876679
2026,15,St Kilda,Western Bulldogs,13116,Angus,Hastie,St Kilda,0.010571900478149578
2026,15,St Kilda,Western Bulldogs,12609,Jack,Higgins,St Kilda,0.011400651882320957
2026,15,St Kilda,Western Bulldogs,12060,Bradley,Hill,St Kilda,0.09732972768445042
2026,15,St Kilda,Western Bulldogs,13331,Campbell,Lake,St Kilda,0.013720615291903
2026,15,St Kilda,Western Bulldogs,12166,Jack,Macrae,St Kilda,0.0005971358039565458
2026,15,St Kilda,Western Bulldogs,12564,Rowan,Marshall,St Kilda,0.03327985817962687
2026,15,St Kilda,Western Bulldogs,12948,Mitch,Owens,St Kilda,0.012925501892802484
2026,15,St Kilda,Western Bulldogs,12600,Liam,Ryan,St Kilda,0.012530160482395365
2026,15,St Kilda,Western Bulldogs,12929,Cooper,Sharman,St Kilda,0.009641950910518844
2026,15,St Kilda,Western Bulldogs,12458,Jack,Silvagni,St Kilda,0.015427462872729066
2026,15,St Kilda,Western Bulldogs,12325,Jack,Sinclair,St Kilda,0.011535027621207457
2026,15,St Kilda,Western Bulldogs,12721,Liam,Stocker,St Kilda,0.01212813048525025
2026,15,St Kilda,Western Bulldogs,12950,Nasiah,Wanganeen-Milera,St Kilda,1.4740159760020426
2026,15,St Kilda,Western Bulldogs,12703,Callum,Wilkie,St Kilda,0.0027953132970370345
2026,15,St Kilda,Western Bulldogs,13110,Darcy,Wilson,St Kilda,0.022381392659771134
2026,15,St Kilda,Western Bulldogs,12967,Marcus,Windhager,St Kilda,0.027529092806172765
2026,15,St Kilda,Western Bulldogs,12312,Mason,Wood,St Kilda,0.0
2026,15,St Kilda,Western Bulldogs,12269,Marcus,Bontempelli,Western Bulldogs,2.707662261088984
2026,15,St Kilda,Western Bulldogs,12916,Lachlan,Bramble,Western Bulldogs,0.016330055071604684
2026,15,St Kilda,Western Bulldogs,12769,Connor,Budarick,Western Bulldogs,0.012659171458291298
2026,15,St Kilda,Western Bulldogs,12608,Nick,Coffield,Western Bulldogs,0.01200744002386673
2026,15,St Kilda,Western Bulldogs,13265,Jordan,Croft,Western Bulldogs,0.014739176081132017
2026,15,St Kilda,Western Bulldogs,12354,Bailey,Dale,Western Bulldogs,0.22877508692487006
2026,15,St Kilda,Western Bulldogs,12537,Tim,English,Western Bulldogs,0.04756065684436301
2026,15,St Kilda,Western Bulldogs,13140,Joel,Freijah,Western Bulldogs,0.04667813246474154
2026,15,St Kilda,Western Bulldogs,13213,Cooper,Hynes,Western Bulldogs,0.022436405031602512
2026,15,St Kilda,Western Bulldogs,13046,Arthur,Jones,Western Bulldogs,0.015827412958741245
2026,15,St Kilda,Western Bulldogs,13333,Luke,Kennedy,Western Bulldogs,0.014495184134456558
2026,15,St Kilda,Western Bulldogs,12455,Matthew,Kennedy,Western Bulldogs,0.11636930332060827
2026,15,St Kilda,Western Bulldogs,12900,Buku,Khamis,Western Bulldogs,0.013151170533605545
2026,15,St Kilda,Western Bulldogs,13284,Will,Lewis,Western Bulldogs,0.028881928203205266
2026,15,St Kilda,Western Bulldogs,11898,Tom,Liberatore,Western Bulldogs,0.06486816847944038
2026,15,St Kilda,Western Bulldogs,12282,Rory,Lobb,Western Bulldogs,0.03602043821027106
2026,15,St Kilda,Western Bulldogs,12854,Lachlan,McNeil,Western Bulldogs,0.017923493394249874
2026,15,St Kilda,Western Bulldogs,12594,Aaron,Naughton,Western Bulldogs,0.03369051627196227
2026,15,St Kilda,Western Bulldogs,13061,James,ODonnell,Western Bulldogs,0.024115008835325823
2026,15,St Kilda,Western Bulldogs,12605,Ed,Richards,Western Bulldogs,0.05644789530300586
2026,15,St Kilda,Western Bulldogs,13103,Ryley,Sanders,Western Bulldogs,0.015461518946824855
2026,15,St Kilda,Western Bulldogs,13276,Michael,Sellwood,Western Bulldogs,0.013372703078964189
2026,15,St Kilda,Western Bulldogs,12748,Rhylee,West,Western Bulldogs,0.01008535481152429
2026,16,Brisbane Lions,Sydney,12277,Charlie,Cameron,Brisbane Lions,0.0031087405418149232
2026,16,Brisbane Lions,Sydney,12340,Harris,Andrews,Brisbane Lions,0.0
2026,16,Brisbane Lions,Sydney,12718,Noah,Answerth,Brisbane Lions,0.003221194412623361
2026,16,Brisbane Lions,Sydney,13197,Levi,Ashcroft,Brisbane Lions,0.2248528713930132
2026,16,Brisbane Lions,Sydney,13040,Will,Ashcroft,Brisbane Lions,1.9290254044347814
2026,16,Brisbane Lions,Sydney,12610,Zac,Bailey,Brisbane Lions,0.21755534194831555
2026,16,Brisbane Lions,Sydney,12519,Jarrod,Berry,Brisbane Lions,0.011686637552513394
2026,16,Brisbane Lions,Sydney,12810,Sam,Draper,Brisbane Lions,0.009767846489903876
2026,16,Brisbane Lions,Sydney,12408,Josh,Dunkley,Brisbane Lions,0.36544746613100887
2026,16,Brisbane Lions,Sydney,13072,Jaspa,Fletcher,Brisbane Lions,0.00915367712042414
2026,16,Brisbane Lions,Sydney,12724,Darcy,Fort,Brisbane Lions,0.014463742091307517
2026,16,Brisbane Lions,Sydney,13235,Ty,Gallop,Brisbane Lions,0.004567117345803546
2026,16,Brisbane Lions,Sydney,12267,Darcy,Gardiner,Brisbane Lions,0.003885282356887147
2026,16,Brisbane Lions,Sydney,12454,Eric,Hipwood,Brisbane Lions,0.0
2026,16,Brisbane Lions,Sydney,11894,Ryan,Lester,Brisbane Lions,0.0
2026,16,Brisbane Lions,Sydney,12968,Kai,Lohmann,Brisbane Lions,0.007347772645080198
2026,16,Brisbane Lions,Sydney,12391,Conor,McKenna,Brisbane Lions,0.15501396535654263
2026,16,Brisbane Lions,Sydney,13137,Logan,Morris,Brisbane Lions,0.008100835531044527
2026,16,Brisbane Lions,Sydney,12055,Lachie,Neale,Brisbane Lions,0.9074952780499863
2026,16,Brisbane Lions,Sydney,12592,Cam,Rayner,Brisbane Lions,0.053245363138743174
2026,16,Brisbane Lions,Sydney,13138,Bruce,Reville,Brisbane Lions,0.0
2026,16,Brisbane Lions,Sydney,13005,James,Tunstill,Brisbane Lions,0.0
2026,16,Brisbane Lions,Sydney,13026,Darcy,Wilmot,Brisbane Lions,0.007306965405888028
2026,16,Brisbane Lions,Sydney,12844,Joel,Amartey,Sydney,0.0
2026,16,Brisbane Lions,Sydney,13195,Riley,Bice,Sydney,0.0
2026,16,Brisbane Lions,Sydney,12699,Nick,Blakey,Sydney,0.0038729065348528085
2026,16,Brisbane Lions,Sydney,13157,Caiden,Cleary,Sydney,2.6746382386115194e-05
2026,16,Brisbane Lions,Sydney,12015,Harry,Cunningham,Sydney,0.0
2026,16,Brisbane Lions,Sydney,12421,Charlie,Curnow,Sydney,0.0
2026,16,Brisbane Lions,Sydney,13318,Will,Edwards,Sydney,0.0
2026,16,Brisbane Lions,Sydney,12217,Brodie,Grundy,Sydney,0.0
2026,16,Brisbane Lions,Sydney,12862,Errol,Gulden,Sydney,0.005464070140905509
2026,16,Brisbane Lions,Sydney,12359,Joel,Hamling,Sydney,0.0
2026,16,Brisbane Lions,Sydney,12326,Isaac,Heeney,Sydney,0.07286684124840015
2026,16,Brisbane Lions,Sydney,12860,James,Jordon,Sydney,0.0
2026,16,Brisbane Lions,Sydney,12729,Peter,Ladhams,Sydney,0.0
2026,16,Brisbane Lions,Sydney,12268,Jake,Lloyd,Sydney,0.0
2026,16,Brisbane Lions,Sydney,12627,Tom,McCartin,Sydney,0.0
2026,16,Brisbane Lions,Sydney,12861,Logan,McDonald,Sydney,0.0
2026,16,Brisbane Lions,Sydney,12413,Callum,Mills,Sydney,0.04395851876667252
2026,16,Brisbane Lions,Sydney,12903,Malcolm,Rosas,Sydney,0.0
2026,16,Brisbane Lions,Sydney,12714,James,Rowbottom,Sydney,0.004400163037012293
2026,16,Brisbane Lions,Sydney,13022,Jai,Serong,Sydney,0.0
2026,16,Brisbane Lions,Sydney,12951,Angus,Sheldrick,Sydney,0.013976089318453759
2026,16,Brisbane Lions,Sydney,12797,Chad,Warner,Sydney,1.9201891626244736
2026,16,Brisbane Lions,Sydney,12818,Sam,Wicks,Sydney,0.0
2026,16,Hawthorn,Greater Western Sydney,13020,Leek,Aleer,Greater Western Sydney,0.0
2026,16,Hawthorn,Greater Western Sydney,13001,Ryan,Angwin,Greater Western Sydney,0.0
2026,16,Hawthorn,Greater Western Sydney,12782,Lachie,Ash,Greater Western Sydney,0.017182085984709605
2026,16,Hawthorn,Greater Western Sydney,12772,Toby,Bedford,Greater Western Sydney,0.0
2026,16,Hawthorn,Greater Western Sydney,12904,Kieren,Briggs,Greater Western Sydney,0.0
2026,16,Hawthorn,Greater Western Sydney,12910,Callum,Brown,Greater Western Sydney,0.039980080134256885
2026,16,Hawthorn,Greater Western Sydney,13054,Aaron,Cadman,Greater Western Sydney,0.0
2026,16,Hawthorn,Greater Western Sydney,12969,Finn,Callaghan,Greater Western Sydney,0.6991710248136049
2026,16,Hawthorn,Greater Western Sydney,12028,Stephen,Coniglio,Greater Western Sydney,0.0
2026,16,Hawthorn,Greater Western Sydney,12656,Brent,Daniels,Greater Western Sydney,0.0012026053261119957
2026,16,Hawthorn,Greater Western Sydney,13164,Joe,Fonti,Greater Western Sydney,0.007467681371642292
2026,16,Hawthorn,Greater Western Sydney,13279,Phoenix,Gothard,Greater Western Sydney,0.0
2026,16,Hawthorn,Greater Western Sydney,12025,Toby,Greene,Greater Western Sydney,0.05128437875963504
2026,16,Hawthorn,Greater Western Sydney,13158,Max,Gruzewski,Greater Western Sydney,0.0
2026,16,Hawthorn,Greater Western Sydney,12462,Harry,Himmelberg,Greater Western Sydney,0.0
2026,16,Hawthorn,Greater Western Sydney,12750,Connor,Idun,Greater Western Sydney,0.0006074257735948236
2026,16,Hawthorn,Greater Western Sydney,12410,Clayton,Oliver,Greater Western Sydney,0.5367133045874684
2026,16,Hawthorn,Greater Western Sydney,13325,Harrison,Oliver,Greater Western Sydney,0.0
2026,16,Hawthorn,Greater Western Sydney,12886,Conor,Stone,Greater Western Sydney,0.0
2026,16,Hawthorn,Greater Western Sydney,12167,Jake,Stringer,Greater Western Sydney,0.0
2026,16,Hawthorn,Greater Western Sydney,12644,Sam,Taylor,Greater Western Sydney,0.016641981942978362
2026,16,Hawthorn,Greater Western Sydney,13101,Harvey,Thomas,Greater Western Sydney,0.0
2026,16,Hawthorn,Greater Western Sydney,12143,Lachie,Whitfield,Greater Western Sydney,0.0
2026,16,Hawthorn,Greater Western Sydney,12357,Karl,Amon,Hawthorn,0.011906741096524997
2026,16,Hawthorn,Greater Western Sydney,12383,Tom,Barrass,Hawthorn,0.0016746888648406805
2026,16,Hawthorn,Greater Western Sydney,12558,Josh,Battle,Hawthorn,0.007029806614288788
2026,16,Hawthorn,Greater Western Sydney,12485,Mabior,Chol,Hawthorn,0.0064904421042228395
2026,16,Hawthorn,Greater Western Sydney,13304,Jack,Dalton,Hawthorn,0.0006187209481525197
2026,16,Hawthorn,Greater Western Sydney,12998,Massimo,DAmbrosio,Hawthorn,0.0
2026,16,Hawthorn,Greater Western Sydney,12794,Will,Day,Hawthorn,0.9997670207294224
2026,16,Hawthorn,Greater Western Sydney,13135,Calsher,Dear,Hawthorn,0.0
2026,16,Hawthorn,Greater Western Sydney,12927,Jack,Ginnivan,Hawthorn,0.4151915068981556
2026,16,Hawthorn,Greater Western Sydney,12469,Blake,Hardwick,Hawthorn,0.04217741556130801
2026,16,Hawthorn,Greater Western Sydney,12636,Mitch,Lewis,Hawthorn,0.012684158915560588
2026,16,Hawthorn,Greater Western Sydney,13069,Bailey,Macdonald,Hawthorn,0.0
2026,16,Hawthorn,Greater Western Sydney,12954,Connor,Macdonald,Hawthorn,0.034351802605840795
2026,16,Hawthorn,Greater Western Sydney,13031,Cam,Mackenzie,Hawthorn,0.6325068695862263
2026,16,Hawthorn,Greater Western Sydney,12856,Lloyd,Meek,Hawthorn,0.009920281935069069
2026,16,Hawthorn,Greater Western Sydney,12710,Dylan,Moore,Hawthorn,0.003211642476248751
2026,16,Hawthorn,Greater Western Sydney,12579,Harry,Morrison,Hawthorn,0.0
2026,16,Hawthorn,Greater Western Sydney,12915,Jai,Newcombe,Hawthorn,2.322328731199948
2026,16,Hawthorn,Greater Western Sydney,12841,Flynn,Perez,Hawthorn,0.0
2026,16,Hawthorn,Greater Western Sydney,12906,Ned,Reeves,Hawthorn,0.014160971744774807
2026,16,Hawthorn,Greater Western Sydney,12332,James,Sicily,Hawthorn,0.04490426151347812
2026,16,Hawthorn,Greater Western Sydney,12955,Josh,Ward,Hawthorn,0.044735888302346996
2026,16,Hawthorn,Greater Western Sydney,13105,Nick,Watson,Hawthorn,0.0260884802075146
2026,16,Carlton,West Coast,13365,Billy,Wilson,Carlton,0.0
2026,16,Carlton,West Coast,12276,Blake,Acres,Carlton,0.0
2026,16,Carlton,West Coast,12498,Ben,Ainsworth,Carlton,0.8413631282732668
2026,16,Carlton,West Coast,13297,Talor,Byrne,Carlton,0.0
2026,16,Carlton,West Coast,12603,Adam,Cerra,Carlton,0.0
2026,16,Carlton,West Coast,12822,Matthew,Cottrell,Carlton,0.0
2026,16,Carlton,West Coast,13028,Lachlan,Cowan,Carlton,0.0
2026,16,Carlton,West Coast,12261,Patrick,Cripps,Carlton,2.8377176411329925
2026,16,Carlton,West Coast,13273,Harry,Dean,Carlton,0.0
2026,16,Carlton,West Coast,13303,Wade,Derksen,Carlton,0.0
2026,16,Carlton,West Coast,12873,Francis,Evans,Carlton,0.0
2026,16,Carlton,West Coast,12497,Oliver,Florent,Carlton,0.0
2026,16,Carlton,West Coast,12091,Nick,Haynes,Carlton,0.0
2026,16,Carlton,West Coast,12509,Will,Hayward,Carlton,0.0
2026,16,Carlton,West Coast,12411,George,Hewett,Carlton,0.3004364719452377
2026,16,Carlton,West Coast,13321,Jack,Ison,Carlton,0.0
2026,16,Carlton,West Coast,12937,Brodie,Kemp,Carlton,0.0
2026,16,Carlton,West Coast,12404,Mitch,McGovern,Carlton,0.0
2026,16,Carlton,West Coast,12566,Harry,McKay,Carlton,0.1195011219041448
2026,16,Carlton,West Coast,12508,Nic,Newman,Carlton,0.0
2026,16,Carlton,West Coast,12417,Marc,Pittonet,Carlton,0.0
2026,16,Carlton,West Coast,13274,Jagga,Smith,Carlton,0.015462749936535819
2026,16,Carlton,West Coast,12684,Sam,Walsh,Carlton,1.5766329803723889
2026,16,Carlton,West Coast,12576,Jack,Graham,West Coast,0.0
2026,16,Carlton,West Coast,13221,Bo,Allan,West Coast,0.0
2026,16,Carlton,West Coast,12661,Liam,Baker,West Coast,0.0
2026,16,Carlton,West Coast,13000,Rhett,Bazzo,West Coast,0.0
2026,16,Carlton,West Coast,12446,Tom,Cole,West Coast,0.0
2026,16,Carlton,West Coast,13210,Hamish,Davis,West Coast,0.0
2026,16,Carlton,West Coast,13291,Cooper,Duff-Tytler,West Coast,0.0
2026,16,Carlton,West Coast,12334,Liam,Duggan,West Coast,0.0
2026,16,Carlton,West Coast,13292,Willem,Duursma,West Coast,0.0
2026,16,Carlton,West Coast,13339,Marcus,Herbert,West Coast,0.0
2026,16,Carlton,West Coast,13044,Elijah,Hewett,West Coast,0.0
2026,16,Carlton,West Coast,12957,Brady,Hough,West Coast,0.0
2026,16,Carlton,West Coast,13151,Jack,Hutchinson,West Coast,0.0
2026,16,Carlton,West Coast,13070,Ryan,Maric,West Coast,0.0
2026,16,Carlton,West Coast,13240,Tom,McCarthy,West Coast,0.0
2026,16,Carlton,West Coast,13294,Milan,Murdock,West Coast,0.0
2026,16,Carlton,West Coast,13111,Harley,Reid,West Coast,0.30888590643564806
2026,16,Carlton,West Coast,13247,Jobe,Shanahan,West Coast,0.0
2026,16,Carlton,West Coast,12668,Brandon,Starcevich,West Coast,0.0
2026,16,Carlton,West Coast,12601,Jake,Waterman,West Coast,0.0
2026,16,Carlton,West Coast,12836,Bailey,Williams,West Coast,0.0
2026,16,Carlton,West Coast,12087,Elliot,Yeo,West Coast,0.0
2026,16,Carlton,West Coast,13043,Tylar,Young,West Coast,0.0
2026,16,Collingwood,Richmond,13146,Edward,Allan,Collingwood,0.01993095259628694
2026,16,Collingwood,Richmond,13071,Jack,Buller,Collingwood,0.0
2026,16,Collingwood,Richmond,12660,Darcy,Cameron,Collingwood,0.004837940479909861
2026,16,Collingwood,Richmond,12061,Jack,Crisp,Collingwood,0.08864948117151049
2026,16,Collingwood,Richmond,12573,Josh,Daicos,Collingwood,0.3797923105157595
2026,16,Collingwood,Richmond,12943,Nick,Daicos,Collingwood,2.7245468211880848
2026,16,Collingwood,Richmond,12318,Jordan,de Goey,Collingwood,0.8440733189874865
2026,16,Collingwood,Richmond,12676,Billy,Frampton,Collingwood,0.0
2026,16,Collingwood,Richmond,13068,Harvey,Harrison,Collingwood,0.0
2026,16,Collingwood,Richmond,12495,Dan,Houston,Collingwood,0.20224502038405479
2026,16,Collingwood,Richmond,11967,Jeremy,Howe,Collingwood,0.0
2026,16,Collingwood,Richmond,12578,Patrick,Lipinski,Collingwood,0.0
2026,16,Collingwood,Richmond,13023,Ned,Long,Collingwood,0.0
2026,16,Collingwood,Richmond,12876,Beau,McCreery,Collingwood,0.0
2026,16,Collingwood,Richmond,12291,Daniel,McStay,Collingwood,0.0
2026,16,Collingwood,Richmond,12300,Tim,Membrey,Collingwood,0.0
2026,16,Collingwood,Richmond,4182,Scott,Pendlebury,Collingwood,0.07605067919896889
2026,16,Collingwood,Richmond,12536,Harry,Perryman,Collingwood,0.0
2026,16,Collingwood,Richmond,12740,Isaac,Quaynor,Collingwood,0.0
2026,16,Collingwood,Richmond,12700,Lachie,Schultz,Collingwood,0.28412713700756254
2026,16,Collingwood,Richmond,11751,Steele,Sidebottom,Collingwood,0.0
2026,16,Collingwood,Richmond,13248,Roan,Steele,Collingwood,0.0
2026,16,Collingwood,Richmond,13340,Sam,Swadling,Collingwood,0.0
2026,16,Collingwood,Richmond,12712,Jack,Ross,Richmond,0.0
2026,16,Collingwood,Richmond,13242,Jasper,Alger,Richmond,0.0
2026,16,Collingwood,Richmond,13338,Kye,Annand,Richmond,0.0
2026,16,Collingwood,Richmond,12686,Noah,Balta,Richmond,0.0
2026,16,Collingwood,Richmond,13078,Sam,Banks,Richmond,0.0
2026,16,Collingwood,Richmond,12456,Nathan,Broad,Richmond,0.0
2026,16,Collingwood,Richmond,13096,Tom,Brown,Richmond,0.0
2026,16,Collingwood,Richmond,13100,Seth,Campbell,Richmond,0.0
2026,16,Collingwood,Richmond,13316,Sam,Cumming,Richmond,0.0
2026,16,Collingwood,Richmond,13145,Steely,Green,Richmond,0.0
2026,16,Collingwood,Richmond,13290,Sam,Grlj,Richmond,0.0
2026,16,Collingwood,Richmond,13253,Taj,Hotton,Richmond,0.0
2026,16,Collingwood,Richmond,13113,Mykelti,Lefau,Richmond,0.0
2026,16,Collingwood,Richmond,12883,Rhyan,Mansell,Richmond,0.0
2026,16,Collingwood,Richmond,12941,Ben,Miller,Richmond,0.0
2026,16,Collingwood,Richmond,12374,Toby,Nankervis,Richmond,0.0
2026,16,Collingwood,Richmond,11917,Dion,Prestia,Richmond,0.0
2026,16,Collingwood,Richmond,13313,Patrick,Retschko,Richmond,0.0
2026,16,Collingwood,Richmond,12935,Maurice,Rioli,Richmond,0.0
2026,16,Collingwood,Richmond,12418,Jayden,Short,Richmond,0.0
2026,16,Collingwood,Richmond,12504,Tim,Taranto,Richmond,1.375746338467552
2026,16,Collingwood,Richmond,13095,James,Trezise,Richmond,0.0
2026,16,Collingwood,Richmond,12174,Nick,Vlastuin,Richmond,0.0
2026,16,Port Adelaide,Adelaide,12849,Sam,Berry,Adelaide,0.0
2026,16,Port Adelaide,Adelaide,13086,James,Borlase,Adelaide,0.0
2026,16,Port Adelaide,Adelaide,12932,Brayden,Cook,Adelaide,0.0
2026,16,Port Adelaide,Adelaide,12629,Isaac,Cumming,Adelaide,0.0
2026,16,Port Adelaide,Adelaide,13132,Daniel,Curtin,Adelaide,0.0
2026,16,Port Adelaide,Adelaide,12516,Jordan,Dawson,Adelaide,0.13956512470404991
2026,16,Port Adelaide,Adelaide,12584,Darcy,Fogarty,Adelaide,0.7162128404033592
2026,16,Port Adelaide,Adelaide,13328,Hugo,Hall-Kahan,Adelaide,0.0
2026,16,Port Adelaide,Adelaide,12809,Mark,Keane,Adelaide,0.0
2026,16,Port Adelaide,Adelaide,12434,Ben,Keays,Adelaide,0.0
2026,16,Port Adelaide,Adelaide,12165,Rory,Laird,Adelaide,0.0
2026,16,Port Adelaide,Adelaide,13065,Lachlan,McAndrew,Adelaide,0.0
2026,16,Port Adelaide,Adelaide,13027,Max,Michalanney,Adelaide,0.0
2026,16,Port Adelaide,Adelaide,13081,Luke,Nankervis,Adelaide,0.0
2026,16,Port Adelaide,Adelaide,12367,Alex,Neal-Bullen,Adelaide,0.0
2026,16,Port Adelaide,Adelaide,12934,James,Peatling,Adelaide,0.0
2026,16,Port Adelaide,Adelaide,12953,Josh,Rachele,Adelaide,0.0
2026,16,Port Adelaide,Adelaide,12798,Izak,Rankine,Adelaide,0.0
2026,16,Port Adelaide,Adelaide,12952,Jake,Soligo,Adelaide,0.0
2026,16,Port Adelaide,Adelaide,13159,Zac,Taylor,Adelaide,0.0
2026,16,Port Adelaide,Adelaide,12892,Riley,Thilthorpe,Adelaide,0.0
2026,16,Port Adelaide,Adelaide,11713,Taylor,Walker,Adelaide,0.0
2026,16,Port Adelaide,Adelaide,12912,Josh,Worrell,Adelaide,0.0
2026,16,Port Adelaide,Adelaide,12433,Aliir,Aliir,Port Adelaide,0.0
2026,16,Port Adelaide,Adelaide,13337,Xavier,Bamert,Port Adelaide,0.0
2026,16,Port Adelaide,Adelaide,13188,Joe,Berry,Port Adelaide,0.0
2026,16,Port Adelaide,Adelaide,13007,Jase,Burgoyne,Port Adelaide,0.0
2026,16,Port Adelaide,Adelaide,12698,Zak,Butters,Port Adelaide,2.5827185504454135
2026,16,Port Adelaide,Adelaide,12422,Darcy,Byrne-Jones,Port Adelaide,0.0
2026,16,Port Adelaide,Adelaide,12695,Willem,Drew,Port Adelaide,0.0
2026,16,Port Adelaide,Adelaide,12936,Corey,Durdin,Port Adelaide,0.0
2026,16,Port Adelaide,Adelaide,13156,Logan,Evans,Port Adelaide,0.0
2026,16,Port Adelaide,Adelaide,12766,Mitch,Georgiades,Port Adelaide,0.44233000256995175
2026,16,Port Adelaide,Adelaide,12956,Jason,Horne-Francis,Port Adelaide,1.9784370453630091
2026,16,Port Adelaide,Adelaide,12882,Lachie,Jones,Port Adelaide,0.0
2026,16,Port Adelaide,Adelaide,13301,Josh,Lai,Port Adelaide,0.0
2026,16,Port Adelaide,Adelaide,12704,Jack,Lukosius,Port Adelaide,0.0
2026,16,Port Adelaide,Adelaide,12946,Jackson,Mead,Port Adelaide,0.0
2026,16,Port Adelaide,Adelaide,13139,Joe,Richards,Port Adelaide,0.0
2026,16,Port Adelaide,Adelaide,12890,Jordon,Sweet,Port Adelaide,0.10278129961891483
2026,16,Port Adelaide,Adelaide,13073,Dante,Visentini,Port Adelaide,0.0
2026,16,Port Adelaide,Adelaide,12991,Jacob,Wehr,Port Adelaide,0.0
2026,16,Port Adelaide,Adelaide,13259,Jack,Whitlock,Port Adelaide,0.0
2026,16,Port Adelaide,Adelaide,12150,Ollie,Wines,Port Adelaide,0.03795513689329849
2026,16,Port Adelaide,Adelaide,13305,Mitch,Zadow,Port Adelaide,0.0
2026,16,Port Adelaide,Adelaide,12757,Brandon,Zerk-Thatcher,Port Adelaide,0.0
2026,16,Fremantle,Gold Coast,12983,Jye,Amiss,Fremantle,0.0056794612392356844
2026,16,Fremantle,Gold Coast,12535,Shai,Bolton,Fremantle,0.3864011740214494
2026,16,Fremantle,Gold Coast,12589,Andrew,Brayshaw,Fremantle,2.3494565554955185
2026,16,Fremantle,Gold Coast,12875,Heath,Chapman,Fremantle,0.008509765547553463
2026,16,Fremantle,Gold Coast,12688,Jordan,Clark,Fremantle,0.07532342798095029
2026,16,Fremantle,Gold Coast,12544,Brennan,Cox,Fremantle,0.06583651104018054
2026,16,Fremantle,Gold Coast,12547,Sean,Darcy,Fremantle,0.014446062118409639
2026,16,Fremantle,Gold Coast,13204,Isaiah,Dudley,Fremantle,0.0
2026,16,Fremantle,Gold Coast,12966,Neil,Erasmus,Fremantle,0.0
2026,16,Fremantle,Gold Coast,12801,Michael,Frederick,Fremantle,1.236063786365186
2026,16,Fremantle,Gold Coast,12779,Luke,Jackson,Fremantle,0.8674716690131349
2026,16,Fremantle,Gold Coast,13047,Matthew,Johnson,Fremantle,0.006156501731856862
2026,16,Fremantle,Gold Coast,13033,Judd,McVee,Fremantle,0.00828061827657424
2026,16,Fremantle,Gold Coast,12960,Nathan,ODriscoll,Fremantle,0.1246216918142943
2026,16,Fremantle,Gold Coast,12352,Alex,Pearce,Fremantle,0.007345631913006135
2026,16,Fremantle,Gold Coast,13180,Murphy,Reid,Fremantle,0.32974019959176293
2026,16,Fremantle,Gold Coast,12542,Luke,Ryan,Fremantle,0.04693793253015302
2026,16,Fremantle,Gold Coast,12786,Caleb,Serong,Fremantle,0.10306636717048406
2026,16,Fremantle,Gold Coast,12672,Sam,Switkowski,Fremantle,0.005267225883600097
2026,16,Fremantle,Gold Coast,12887,Josh,Treacy,Fremantle,0.0042227504192201845
2026,16,Fremantle,Gold Coast,13129,Patrick,Voss,Fremantle,0.0033244629458828176
2026,16,Fremantle,Gold Coast,13075,Karl,Worner,Fremantle,0.07798275588499201
2026,16,Fremantle,Gold Coast,12777,Hayden,Young,Fremantle,0.015530613176731878
2026,16,Fremantle,Gold Coast,13341,Beau,Addinsall,Gold Coast,0.0
2026,16,Fremantle,Gold Coast,12767,Noah,Anderson,Gold Coast,0.21487966463066663
2026,16,Fremantle,Gold Coast,13019,Mac,Andrew,Gold Coast,0.0036527649901211
2026,16,Fremantle,Gold Coast,12625,Charlie,Ballard,Gold Coast,0.0034511416751923105
2026,16,Fremantle,Gold Coast,12444,Sam,Collins,Gold Coast,0.0
2026,16,Fremantle,Gold Coast,12307,Nick,Holman,Gold Coast,0.0
2026,16,Fremantle,Gold Coast,13049,Bailey,Humphrey,Gold Coast,0.0
2026,16,Fremantle,Gold Coast,12933,Joel,Jeffrey,Gold Coast,0.0038324480178540685
2026,16,Fremantle,Gold Coast,13257,Ben,Jepson,Gold Coast,0.0
2026,16,Fremantle,Gold Coast,12728,Ben,King,Gold Coast,0.0
2026,16,Fremantle,Gold Coast,13232,Leo,Lombard,Gold Coast,0.0
2026,16,Fremantle,Gold Coast,12521,Ben,Long,Gold Coast,0.0
2026,16,Fremantle,Gold Coast,12331,Touk,Miller,Gold Coast,0.0
2026,16,Fremantle,Gold Coast,13050,Ned,Moyle,Gold Coast,0.0005121292421916841
2026,16,Fremantle,Gold Coast,13332,Jai,Murray,Gold Coast,0.0
2026,16,Fremantle,Gold Coast,12743,John,Noble,Gold Coast,0.0041965127447780035
2026,16,Fremantle,Gold Coast,12430,Christian,Petracca,Gold Coast,0.026673659228202834
2026,16,Fremantle,Gold Coast,12652,Wil,Powell,Gold Coast,0.0
2026,16,Fremantle,Gold Coast,12768,Matt,Rowell,Gold Coast,0.0
2026,16,Fremantle,Gold Coast,13041,Bodhi,Uwland,Gold Coast,0.0
2026,16,Fremantle,Gold Coast,13278,Zeke,Uwland,Gold Coast,0.0011365153087500308
2026,16,Fremantle,Gold Coast,13114,Jed,Walter,Gold Coast,0.0
2026,16,Fremantle,Gold Coast,12177,Jarrod,Witts,Gold Coast,0.0
2026,16,North Melbourne,Essendon,13237,Lachlan,Blakiston,Essendon,0.0
2026,16,North Melbourne,Essendon,12899,Nick,Bryan,Essendon,0.0
2026,16,North Melbourne,Essendon,13148,Nate,Caddy,Essendon,0.0
2026,16,North Melbourne,Essendon,12755,Jye,Caldwell,Essendon,0.0
2026,16,North Melbourne,Essendon,13223,Archer,Day-Wicks,Essendon,0.0
2026,16,North Melbourne,Essendon,12925,Sam,Durham,Essendon,0.16478814801701927
2026,16,North Melbourne,Essendon,12696,Xavier,Duursma,Essendon,0.0005835823662126067
2026,16,North Melbourne,Essendon,13281,Hussien,El Achkar,Essendon,0.0
2026,16,North Melbourne,Essendon,13299,Jacob,Farrow,Essendon,0.016407974496860177
2026,16,North Melbourne,Essendon,12853,Harry,Jones,Essendon,0.0
2026,16,North Melbourne,Essendon,13177,Isaac,Kako,Essendon,0.0
2026,16,North Melbourne,Essendon,12491,Andrew,McGrath,Essendon,0.0
2026,16,North Melbourne,Essendon,12580,Ben,McKay,Essendon,0.004702448803826356
2026,16,North Melbourne,Essendon,12241,Zach,Merrett,Essendon,0.046346160131405974
2026,16,North Melbourne,Essendon,12406,Darcy,Parish,Essendon,0.031930783470959824
2026,16,North Melbourne,Essendon,12879,Archie,Perkins,Essendon,0.0
2026,16,North Melbourne,Essendon,12874,Jaxon,Prior,Essendon,0.0009059536976551625
2026,16,North Melbourne,Essendon,12437,Mason,Redman,Essendon,0.05792522105934935
2026,16,North Melbourne,Essendon,12889,Zach,Reid,Essendon,0.00552702144677166
2026,16,North Melbourne,Essendon,12631,Jordan,Ridley,Essendon,0.014580276959648758
2026,16,North Melbourne,Essendon,13307,Sullivan,Robey,Essendon,0.008063159089094654
2026,16,North Melbourne,Essendon,12567,Will,Setterfield,Essendon,0.001774261089191201
2026,16,North Melbourne,Essendon,13283,Dyson,Sharp,Essendon,0.0
2026,16,North Melbourne,Essendon,13287,Tom,Blamires,North Melbourne,0.00191482805262507
2026,16,North Melbourne,Essendon,12730,Callum,Coleman-Jones,North Melbourne,0.006249135313634682
2026,16,North Melbourne,Essendon,12938,Charlie,Comben,North Melbourne,0.005124447416098124
2026,16,North Melbourne,Essendon,12181,Aidan,Corr,North Melbourne,0.00825505873956702
2026,16,North Melbourne,Essendon,12373,Caleb,Daniel,North Melbourne,0.9524388865510035
2026,16,North Melbourne,Essendon,11905,Jack,Darling,North Melbourne,0.003629177394001501
2026,16,North Melbourne,Essendon,12590,Luke,Davies-Uniacke,North Melbourne,1.4402403421646426
2026,16,North Melbourne,Essendon,13144,Wil,Dawson,North Melbourne,0.003191070133315202
2026,16,North Melbourne,Essendon,13106,Zane,Duursma,North Melbourne,0.0014009159201968575
2026,16,North Melbourne,Essendon,13025,Josh,Goater,North Melbourne,0.00011988886178115063
2026,16,North Melbourne,Essendon,13077,Cooper,Harvey,North Melbourne,0.002447909211709057
2026,16,North Melbourne,Essendon,13186,Jacob,Konstanty,North Melbourne,0.009098712260682448
2026,16,North Melbourne,Essendon,12563,Nick,Larkey,North Melbourne,0.0
2026,16,North Melbourne,Essendon,13107,Colby,McKercher,North Melbourne,0.05427529941710956
2026,16,North Melbourne,Essendon,13187,Finn,OSullivan,North Melbourne,0.013686095957333949
2026,16,North Melbourne,Essendon,11953,Luke,Parker,North Melbourne,0.09628767375301579
2026,16,North Melbourne,Essendon,13034,Harry,Sheezel,North Melbourne,2.948323741737853
2026,16,North Melbourne,Essendon,12502,Jy,Simpkin,North Melbourne,0.003810469933374297
2026,16,North Melbourne,Essendon,12622,Charlie,Spargo,North Melbourne,0.020456191446906462
2026,16,North Melbourne,Essendon,12796,Dylan,Stephens,North Melbourne,0.0
2026,16,North Melbourne,Essendon,13263,Cooper,Trembath,North Melbourne,0.003614954954724156
2026,16,North Melbourne,Essendon,13064,George,Wardlaw,North Melbourne,0.06482498925049728
2026,16,North Melbourne,Essendon,12557,Cameron,Zurhaar,North Melbourne,0.007075220906750631
2026,17,Geelong,Brisbane Lions,12277,Charlie,Cameron,Brisbane Lions,0.0
2026,17,Geelong,Brisbane Lions,12340,Harris,Andrews,Brisbane Lions,0.0
2026,17,Geelong,Brisbane Lions,12718,Noah,Answerth,Brisbane Lions,0.0
2026,17,Geelong,Brisbane Lions,13197,Levi,Ashcroft,Brisbane Lions,0.019243020328069023
2026,17,Geelong,Brisbane Lions,13040,Will,Ashcroft,Brisbane Lions,2.2600648524064955
2026,17,Geelong,Brisbane Lions,12610,Zac,Bailey,Brisbane Lions,0.2323902222476214
2026,17,Geelong,Brisbane Lions,12519,Jarrod,Berry,Brisbane Lions,0.0
2026,17,Geelong,Brisbane Lions,12810,Sam,Draper,Brisbane Lions,0.0
2026,17,Geelong,Brisbane Lions,12408,Josh,Dunkley,Brisbane Lions,0.3901566448099005
2026,17,Geelong,Brisbane Lions,13072,Jaspa,Fletcher,Brisbane Lions,0.0
2026,17,Geelong,Brisbane Lions,12724,Darcy,Fort,Brisbane Lions,0.0
2026,17,Geelong,Brisbane Lions,13235,Ty,Gallop,Brisbane Lions,0.0
2026,17,Geelong,Brisbane Lions,12267,Darcy,Gardiner,Brisbane Lions,0.0
2026,17,Geelong,Brisbane Lions,12454,Eric,Hipwood,Brisbane Lions,0.0
2026,17,Geelong,Brisbane Lions,11894,Ryan,Lester,Brisbane Lions,0.0
2026,17,Geelong,Brisbane Lions,12968,Kai,Lohmann,Brisbane Lions,0.690823997443661
2026,17,Geelong,Brisbane Lions,12391,Conor,McKenna,Brisbane Lions,0.0033341814745292755
2026,17,Geelong,Brisbane Lions,13137,Logan,Morris,Brisbane Lions,0.007842221391363265
2026,17,Geelong,Brisbane Lions,12055,Lachie,Neale,Brisbane Lions,0.3734466310571582
2026,17,Geelong,Brisbane Lions,12592,Cam,Rayner,Brisbane Lions,0.05603375692371542
2026,17,Geelong,Brisbane Lions,13138,Bruce,Reville,Brisbane Lions,0.0
2026,17,Geelong,Brisbane Lions,13005,James,Tunstill,Brisbane Lions,0.0
2026,17,Geelong,Brisbane Lions,13026,Darcy,Wilmot,Brisbane Lions,0.12361204569526543
2026,17,Geelong,Brisbane Lions,12690,Tom,Atkins,Geelong,0.0
2026,17,Geelong,Brisbane Lions,12153,Mark,Blicavs,Geelong,0.0
2026,17,Geelong,Brisbane Lions,12871,Tanner,Bruhn,Geelong,0.0
2026,17,Geelong,Brisbane Lions,12017,Jeremy,Cameron,Geelong,0.0
2026,17,Geelong,Brisbane Lions,11700,Patrick,Dangerfield,Geelong,1.1769895757809632
2026,17,Geelong,Brisbane Lions,12891,Sam,De Koning,Geelong,0.0
2026,17,Geelong,Brisbane Lions,12974,Oliver,Dempsey,Geelong,0.0
2026,17,Geelong,Brisbane Lions,13285,Mitchell,Edwards,Geelong,0.0
2026,17,Geelong,Brisbane Lions,12551,Zach,Guthrie,Geelong,0.0
2026,17,Geelong,Brisbane Lions,12607,Jack,Henry,Geelong,0.0
2026,17,Geelong,Brisbane Lions,12851,Oliver,Henry,Geelong,0.0
2026,17,Geelong,Brisbane Lions,12881,Max,Holmes,Geelong,0.24033639204634488
2026,17,Geelong,Brisbane Lions,13160,Lawson,Humphries,Geelong,0.0
2026,17,Geelong,Brisbane Lions,12370,Jake,Kolodjashnij,Geelong,0.0
2026,17,Geelong,Brisbane Lions,13104,Shaun,Mannagh,Geelong,0.0
2026,17,Geelong,Brisbane Lions,12236,Jack,Martin,Geelong,0.0
2026,17,Geelong,Brisbane Lions,13066,Oisin,Mullin,Geelong,0.0
2026,17,Geelong,Brisbane Lions,12992,Shannon,Neale,Geelong,0.021049813668681173
2026,17,Geelong,Brisbane Lions,12531,Mark,OConnor,Geelong,0.0
2026,17,Geelong,Brisbane Lions,13122,Connor,OSullivan,Geelong,0.0
2026,17,Geelong,Brisbane Lions,12692,Bailey,Smith,Geelong,0.4046766447253287
2026,17,Geelong,Brisbane Lions,12505,Tom,Stewart,Geelong,0.0
2026,17,Geelong,Brisbane Lions,13217,Oliver,Wiltshire,Geelong,0.0
2026,17,West Coast,Adelaide,12849,Sam,Berry,Adelaide,0.056000419070959366
2026,17,West Coast,Adelaide,13086,James,Borlase,Adelaide,0.02846180815853624
2026,17,West Coast,Adelaide,12932,Brayden,Cook,Adelaide,0.005144085139138259
2026,17,West Coast,Adelaide,13132,Daniel,Curtin,Adelaide,0.04125792225462594
2026,17,West Coast,Adelaide,12516,Jordan,Dawson,Adelaide,2.5935288351486103
2026,17,West Coast,Adelaide,13150,Billy,Dowling,Adelaide,0.0
2026,17,West Coast,Adelaide,12584,Darcy,Fogarty,Adelaide,1.318242342578302
2026,17,West Coast,Adelaide,13328,Hugo,Hall-Kahan,Adelaide,0.013975631268850871
2026,17,West Coast,Adelaide,12809,Mark,Keane,Adelaide,0.010267867111679829
2026,17,West Coast,Adelaide,12434,Ben,Keays,Adelaide,0.10076649130913791
2026,17,West Coast,Adelaide,12165,Rory,Laird,Adelaide,0.23504363581215504
2026,17,West Coast,Adelaide,13065,Lachlan,McAndrew,Adelaide,0.051860274996757015
2026,17,West Coast,Adelaide,13027,Max,Michalanney,Adelaide,0.011883348195737383
2026,17,West Coast,Adelaide,13280,Toby,Murray,Adelaide,0.007894252204335771
2026,17,West Coast,Adelaide,13081,Luke,Nankervis,Adelaide,0.012089101734013407
2026,17,West Coast,Adelaide,12367,Alex,Neal-Bullen,Adelaide,0.007829597996885023
2026,17,West Coast,Adelaide,12934,James,Peatling,Adelaide,0.07561619274963792
2026,17,West Coast,Adelaide,12953,Josh,Rachele,Adelaide,0.054979567346646725
2026,17,West Coast,Adelaide,12798,Izak,Rankine,Adelaide,1.056821823830014
2026,17,West Coast,Adelaide,12952,Jake,Soligo,Adelaide,0.03350599242554588
2026,17,West Coast,Adelaide,13159,Zac,Taylor,Adelaide,0.0006963032267130005
2026,17,West Coast,Adelaide,11713,Taylor,Walker,Adelaide,0.009157638077053065
2026,17,West Coast,Adelaide,12912,Josh,Worrell,Adelaide,0.019065199580618277
2026,17,West Coast,Adelaide,12576,Jack,Graham,West Coast,0.0
2026,17,West Coast,Adelaide,12962,Jack,Williams,West Coast,0.002091260123836601
2026,17,West Coast,Adelaide,13221,Bo,Allan,West Coast,0.0
2026,17,West Coast,Adelaide,12661,Liam,Baker,West Coast,0.0
2026,17,West Coast,Adelaide,13000,Rhett,Bazzo,West Coast,0.014051313277395335
2026,17,West Coast,Adelaide,12446,Tom,Cole,West Coast,0.0
2026,17,West Coast,Adelaide,13210,Hamish,Davis,West Coast,0.0011231468377670513
2026,17,West Coast,Adelaide,12334,Liam,Duggan,West Coast,0.02141112310732007
2026,17,West Coast,Adelaide,13292,Willem,Duursma,West Coast,0.004417444801511165
2026,17,West Coast,Adelaide,13345,Oliver,Francou,West Coast,0.0
2026,17,West Coast,Adelaide,13339,Marcus,Herbert,West Coast,0.0042340341126209475
2026,17,West Coast,Adelaide,12957,Brady,Hough,West Coast,0.0016200884427021818
2026,17,West Coast,Adelaide,13151,Jack,Hutchinson,West Coast,0.0
2026,17,West Coast,Adelaide,12595,Tim,Kelly,West Coast,0.0
2026,17,West Coast,Adelaide,13240,Tom,McCarthy,West Coast,0.0
2026,17,West Coast,Adelaide,13294,Milan,Murdock,West Coast,0.0
2026,17,West Coast,Adelaide,13111,Harley,Reid,West Coast,0.1937343428569785
2026,17,West Coast,Adelaide,13247,Jobe,Shanahan,West Coast,0.0
2026,17,West Coast,Adelaide,12668,Brandon,Starcevich,West Coast,0.0
2026,17,West Coast,Adelaide,12601,Jake,Waterman,West Coast,0.0
2026,17,West Coast,Adelaide,12836,Bailey,Williams,West Coast,0.006812670173545097
2026,17,West Coast,Adelaide,12087,Elliot,Yeo,West Coast,0.0055324854124885565
2026,17,West Coast,Adelaide,13043,Tylar,Young,West Coast,0.0008837606442464825
2026,17,Sydney,Western Bulldogs,12699,Nick,Blakey,Sydney,0.017204782333343577
2026,17,Sydney,Western Bulldogs,13157,Caiden,Cleary,Sydney,0.0
2026,17,Sydney,Western Bulldogs,12015,Harry,Cunningham,Sydney,0.0
2026,17,Sydney,Western Bulldogs,12421,Charlie,Curnow,Sydney,2.589636966074523
2026,17,Sydney,Western Bulldogs,13318,Will,Edwards,Sydney,0.01418241574146753
2026,17,Sydney,Western Bulldogs,12217,Brodie,Grundy,Sydney,0.7900011706643941
2026,17,Sydney,Western Bulldogs,12862,Errol,Gulden,Sydney,0.4373051864737012
2026,17,Sydney,Western Bulldogs,12359,Joel,Hamling,Sydney,0.0
2026,17,Sydney,Western Bulldogs,13173,Tom,Hanily,Sydney,0.0
2026,17,Sydney,Western Bulldogs,12326,Isaac,Heeney,Sydney,1.1585195886725141
2026,17,Sydney,Western Bulldogs,12860,James,Jordon,Sydney,0.014867309363592443
2026,17,Sydney,Western Bulldogs,13327,Harry,Kyle,Sydney,0.0
2026,17,Sydney,Western Bulldogs,12268,Jake,Lloyd,Sydney,0.0
2026,17,Sydney,Western Bulldogs,12627,Tom,McCartin,Sydney,0.0
2026,17,Sydney,Western Bulldogs,12745,Hayden,McLean,Sydney,0.18406293329156093
2026,17,Sydney,Western Bulldogs,12413,Callum,Mills,Sydney,0.0
2026,17,Sydney,Western Bulldogs,12140,Dane,Rampe,Sydney,0.0
2026,17,Sydney,Western Bulldogs,12994,Matt,Roberts,Sydney,0.0292683006970543
2026,17,Sydney,Western Bulldogs,12714,James,Rowbottom,Sydney,0.0
2026,17,Sydney,Western Bulldogs,13022,Jai,Serong,Sydney,0.0
2026,17,Sydney,Western Bulldogs,12951,Angus,Sheldrick,Sydney,0.051732007588810885
2026,17,Sydney,Western Bulldogs,12797,Chad,Warner,Sydney,0.2503600322111681
2026,17,Sydney,Western Bulldogs,13053,Corey,Warner,Sydney,0.0
2026,17,Sydney,Western Bulldogs,12269,Marcus,Bontempelli,Western Bulldogs,0.17206632083257048
2026,17,Sydney,Western Bulldogs,12916,Lachlan,Bramble,Western Bulldogs,0.0
2026,17,Sydney,Western Bulldogs,12769,Connor,Budarick,Western Bulldogs,0.0
2026,17,Sydney,Western Bulldogs,12608,Nick,Coffield,Western Bulldogs,0.0
2026,17,Sydney,Western Bulldogs,13265,Jordan,Croft,Western Bulldogs,0.0
2026,17,Sydney,Western Bulldogs,12354,Bailey,Dale,Western Bulldogs,0.17826263240265158
2026,17,Sydney,Western Bulldogs,12537,Tim,English,Western Bulldogs,0.0
2026,17,Sydney,Western Bulldogs,13140,Joel,Freijah,Western Bulldogs,0.0
2026,17,Sydney,Western Bulldogs,13213,Cooper,Hynes,Western Bulldogs,0.0
2026,17,Sydney,Western Bulldogs,13046,Arthur,Jones,Western Bulldogs,0.0
2026,17,Sydney,Western Bulldogs,13333,Luke,Kennedy,Western Bulldogs,0.0
2026,17,Sydney,Western Bulldogs,12455,Matthew,Kennedy,Western Bulldogs,0.0
2026,17,Sydney,Western Bulldogs,12900,Buku,Khamis,Western Bulldogs,0.0
2026,17,Sydney,Western Bulldogs,13284,Will,Lewis,Western Bulldogs,0.0
2026,17,Sydney,Western Bulldogs,11898,Tom,Liberatore,Western Bulldogs,0.0
2026,17,Sydney,Western Bulldogs,12282,Rory,Lobb,Western Bulldogs,0.0
2026,17,Sydney,Western Bulldogs,12854,Lachlan,McNeil,Western Bulldogs,0.0
2026,17,Sydney,Western Bulldogs,12594,Aaron,Naughton,Western Bulldogs,0.0
2026,17,Sydney,Western Bulldogs,13061,James,ODonnell,Western Bulldogs,0.0
2026,17,Sydney,Western Bulldogs,12605,Ed,Richards,Western Bulldogs,0.11253035365305164
2026,17,Sydney,Western Bulldogs,13103,Ryley,Sanders,Western Bulldogs,0.0
2026,17,Sydney,Western Bulldogs,13276,Michael,Sellwood,Western Bulldogs,0.0
2026,17,Sydney,Western Bulldogs,12800,Cody,Weightman,Western Bulldogs,0.0
2026,17,Hawthorn,Melbourne,12383,Tom,Barrass,Hawthorn,0.0
2026,17,Hawthorn,Melbourne,12485,Mabior,Chol,Hawthorn,0.4131554115981645
2026,17,Hawthorn,Melbourne,13304,Jack,Dalton,Hawthorn,0.0
2026,17,Hawthorn,Melbourne,12998,Massimo,DAmbrosio,Hawthorn,0.0
2026,17,Hawthorn,Melbourne,12794,Will,Day,Hawthorn,0.0
2026,17,Hawthorn,Melbourne,12927,Jack,Ginnivan,Hawthorn,0.0
2026,17,Hawthorn,Melbourne,11845,Jack,Gunston,Hawthorn,0.0
2026,17,Hawthorn,Melbourne,12469,Blake,Hardwick,Hawthorn,0.0
2026,17,Hawthorn,Melbourne,13343,Matt,Hill,Hawthorn,0.0
2026,17,Hawthorn,Melbourne,12636,Mitch,Lewis,Hawthorn,0.0
2026,17,Hawthorn,Melbourne,13069,Bailey,Macdonald,Hawthorn,0.0
2026,17,Hawthorn,Melbourne,12954,Connor,Macdonald,Hawthorn,0.0
2026,17,Hawthorn,Melbourne,13031,Cam,Mackenzie,Hawthorn,0.0
2026,17,Hawthorn,Melbourne,13311,Will,McCabe,Hawthorn,0.0
2026,17,Hawthorn,Melbourne,12856,Lloyd,Meek,Hawthorn,0.0
2026,17,Hawthorn,Melbourne,12710,Dylan,Moore,Hawthorn,0.0
2026,17,Hawthorn,Melbourne,12579,Harry,Morrison,Hawthorn,0.0
2026,17,Hawthorn,Melbourne,13344,Noah,Mraz,Hawthorn,0.0
2026,17,Hawthorn,Melbourne,12915,Jai,Newcombe,Hawthorn,0.0
2026,17,Hawthorn,Melbourne,12841,Flynn,Perez,Hawthorn,0.0
2026,17,Hawthorn,Melbourne,13320,Bodie,Ryan,Hawthorn,0.0
2026,17,Hawthorn,Melbourne,12332,James,Sicily,Hawthorn,0.0
2026,17,Hawthorn,Melbourne,12955,Josh,Ward,Hawthorn,0.0
2026,17,Hawthorn,Melbourne,12931,Jake,Bowey,Melbourne,0.0
2026,17,Hawthorn,Melbourne,12756,Kade,Chandler,Melbourne,0.0
2026,17,Hawthorn,Melbourne,13335,Joel,Fitzgerald,Melbourne,0.0
2026,17,Hawthorn,Melbourne,12598,Bayley,Fritsch,Melbourne,0.8838022665318729
2026,17,Hawthorn,Melbourne,11966,Max,Gawn,Melbourne,1.6243013487608207
2026,17,Hawthorn,Melbourne,13098,Blake,Howes,Melbourne,0.0
2026,17,Hawthorn,Melbourne,13182,Matthew,Jefferson,Melbourne,0.0
2026,17,Hawthorn,Melbourne,12752,Changkuoth,Jiath,Melbourne,0.0199563978651269
2026,17,Hawthorn,Melbourne,12393,Ed,Langdon,Melbourne,0.0
2026,17,Hawthorn,Melbourne,13184,Harvey,Langford,Melbourne,0.0
2026,17,Hawthorn,Melbourne,13032,Bailey,Laurie,Melbourne,0.0
2026,17,Hawthorn,Melbourne,12351,Jake,Lever,Melbourne,0.0
2026,17,Hawthorn,Melbourne,12653,Harry,Petty,Melbourne,0.0
2026,17,Hawthorn,Melbourne,12771,Kysaiah,Pickett,Melbourne,0.3866530979968198
2026,17,Hawthorn,Melbourne,13286,Latrelle,Pickett,Melbourne,0.0
2026,17,Hawthorn,Melbourne,12778,Trent,Rivers,Melbourne,0.0
2026,17,Hawthorn,Melbourne,12864,Harry,Sharp,Melbourne,0.0
2026,17,Hawthorn,Melbourne,12693,Tom,Sparrow,Melbourne,0.5836874955919041
2026,17,Hawthorn,Melbourne,12368,Jack,Steele,Melbourne,0.0
2026,17,Hawthorn,Melbourne,13123,Koltyn,Tholstrup,Melbourne,0.0
2026,17,Hawthorn,Melbourne,12996,Daniel,Turner,Melbourne,0.0
2026,17,Hawthorn,Melbourne,13048,Jacob,van Rooyen,Melbourne,2.088443981655008
2026,17,Hawthorn,Melbourne,13099,Caleb,Windsor,Melbourne,0.0
2026,17,Greater Western Sydney,Fremantle,12983,Jye,Amiss,Fremantle,0.0
2026,17,Greater Western Sydney,Fremantle,12535,Shai,Bolton,Fremantle,0.0
2026,17,Greater Western Sydney,Fremantle,12589,Andrew,Brayshaw,Fremantle,0.0
2026,17,Greater Western Sydney,Fremantle,12875,Heath,Chapman,Fremantle,0.0
2026,17,Greater Western Sydney,Fremantle,12688,Jordan,Clark,Fremantle,0.0
2026,17,Greater Western Sydney,Fremantle,12544,Brennan,Cox,Fremantle,0.0
2026,17,Greater Western Sydney,Fremantle,12547,Sean,Darcy,Fremantle,0.0
2026,17,Greater Western Sydney,Fremantle,13204,Isaiah,Dudley,Fremantle,0.0
2026,17,Greater Western Sydney,Fremantle,12966,Neil,Erasmus,Fremantle,0.0
2026,17,Greater Western Sydney,Fremantle,12801,Michael,Frederick,Fremantle,0.0
2026,17,Greater Western Sydney,Fremantle,12779,Luke,Jackson,Fremantle,0.0
2026,17,Greater Western Sydney,Fremantle,13047,Matthew,Johnson,Fremantle,0.0
2026,17,Greater Western Sydney,Fremantle,13033,Judd,McVee,Fremantle,0.0
2026,17,Greater Western Sydney,Fremantle,12960,Nathan,ODriscoll,Fremantle,0.0
2026,17,Greater Western Sydney,Fremantle,12352,Alex,Pearce,Fremantle,0.0
2026,17,Greater Western Sydney,Fremantle,13180,Murphy,Reid,Fremantle,0.0
2026,17,Greater Western Sydney,Fremantle,12542,Luke,Ryan,Fremantle,0.0
2026,17,Greater Western Sydney,Fremantle,12786,Caleb,Serong,Fremantle,0.2074164854830571
2026,17,Greater Western Sydney,Fremantle,12672,Sam,Switkowski,Fremantle,0.0
2026,17,Greater Western Sydney,Fremantle,12887,Josh,Treacy,Fremantle,0.0
2026,17,Greater Western Sydney,Fremantle,13129,Patrick,Voss,Fremantle,0.0
2026,17,Greater Western Sydney,Fremantle,13075,Karl,Worner,Fremantle,0.0
2026,17,Greater Western Sydney,Fremantle,12777,Hayden,Young,Fremantle,0.0
2026,17,Greater Western Sydney,Fremantle,13001,Ryan,Angwin,Greater Western Sydney,0.0
2026,17,Greater Western Sydney,Fremantle,12782,Lachie,Ash,Greater Western Sydney,0.03566701024549357
2026,17,Greater Western Sydney,Fremantle,12772,Toby,Bedford,Greater Western Sydney,0.0
2026,17,Greater Western Sydney,Fremantle,12904,Kieren,Briggs,Greater Western Sydney,0.0
2026,17,Greater Western Sydney,Fremantle,12910,Callum,Brown,Greater Western Sydney,0.0
2026,17,Greater Western Sydney,Fremantle,13054,Aaron,Cadman,Greater Western Sydney,0.0
2026,17,Greater Western Sydney,Fremantle,12969,Finn,Callaghan,Greater Western Sydney,0.3246047419957313
2026,17,Greater Western Sydney,Fremantle,12028,Stephen,Coniglio,Greater Western Sydney,0.0
2026,17,Greater Western Sydney,Fremantle,13222,Josaia,Delana,Greater Western Sydney,0.0
2026,17,Greater Western Sydney,Fremantle,13164,Joe,Fonti,Greater Western Sydney,0.0
2026,17,Greater Western Sydney,Fremantle,12025,Toby,Greene,Greater Western Sydney,1.7960076699821585
2026,17,Greater Western Sydney,Fremantle,13347,Riley,Hamilton,Greater Western Sydney,0.0
2026,17,Greater Western Sydney,Fremantle,12462,Harry,Himmelberg,Greater Western Sydney,0.0
2026,17,Greater Western Sydney,Fremantle,12750,Connor,Idun,Greater Western Sydney,0.0901174207586167
2026,17,Greater Western Sydney,Fremantle,12410,Clayton,Oliver,Greater Western Sydney,1.174216968492966
2026,17,Greater Western Sydney,Fremantle,13325,Harrison,Oliver,Greater Western Sydney,0.0
2026,17,Greater Western Sydney,Fremantle,13348,Jack,Ough,Greater Western Sydney,0.0
2026,17,Greater Western Sydney,Fremantle,13045,Harry,Rowston,Greater Western Sydney,0.0
2026,17,Greater Western Sydney,Fremantle,12886,Conor,Stone,Greater Western Sydney,0.0
2026,17,Greater Western Sydney,Fremantle,12167,Jake,Stringer,Greater Western Sydney,2.3719697030403437
2026,17,Greater Western Sydney,Fremantle,12644,Sam,Taylor,Greater Western Sydney,0.0
2026,17,Greater Western Sydney,Fremantle,13101,Harvey,Thomas,Greater Western Sydney,0.0
2026,17,Greater Western Sydney,Fremantle,12143,Lachie,Whitfield,Greater Western Sydney,0.0
2026,17,Gold Coast,Collingwood,13146,Edward,Allan,Collingwood,0.050298837780342526
2026,17,Gold Coast,Collingwood,13306,Angus,Anderson,Collingwood,0.046828248523599375
2026,17,Gold Coast,Collingwood,13071,Jack,Buller,Collingwood,0.04174780317280136
2026,17,Gold Coast,Collingwood,12660,Darcy,Cameron,Collingwood,0.05431561044438313
2026,17,Gold Coast,Collingwood,12061,Jack,Crisp,Collingwood,0.08356435909196197
2026,17,Gold Coast,Collingwood,12573,Josh,Daicos,Collingwood,0.1994862654603283
2026,17,Gold Coast,Collingwood,12943,Nick,Daicos,Collingwood,2.136514250485923
2026,17,Gold Coast,Collingwood,12318,Jordan,de Goey,Collingwood,0.0687591785525807
2026,17,Gold Coast,Collingwood,12676,Billy,Frampton,Collingwood,0.04939219092689712
2026,17,Gold Coast,Collingwood,13068,Harvey,Harrison,Collingwood,0.047594629288356505
2026,17,Gold Coast,Collingwood,12495,Dan,Houston,Collingwood,0.0452146444692271
2026,17,Gold Coast,Collingwood,11967,Jeremy,Howe,Collingwood,0.06943333353421002
2026,17,Gold Coast,Collingwood,12578,Patrick,Lipinski,Collingwood,0.08068499007446989
2026,17,Gold Coast,Collingwood,13023,Ned,Long,Collingwood,0.0732163383927783
2026,17,Gold Coast,Collingwood,12371,Brayden,Maynard,Collingwood,0.06701935379239668
2026,17,Gold Coast,Collingwood,12876,Beau,McCreery,Collingwood,0.04764689924324225
2026,17,Gold Coast,Collingwood,12291,Daniel,McStay,Collingwood,0.08524433943008417
2026,17,Gold Coast,Collingwood,12300,Tim,Membrey,Collingwood,0.451508866589751
2026,17,Gold Coast,Collingwood,12536,Harry,Perryman,Collingwood,0.045235132936261496
2026,17,Gold Coast,Collingwood,13342,Liam,Puncher,Collingwood,0.05096417487935606
2026,17,Gold Coast,Collingwood,12700,Lachie,Schultz,Collingwood,0.04042666032845452
2026,17,Gold Coast,Collingwood,11751,Steele,Sidebottom,Collingwood,0.04780909199112396
2026,17,Gold Coast,Collingwood,13340,Sam,Swadling,Collingwood,0.07348343071765966
2026,17,Gold Coast,Collingwood,13341,Beau,Addinsall,Gold Coast,0.060151336295210925
2026,17,Gold Coast,Collingwood,12767,Noah,Anderson,Gold Coast,0.11926542133518947
2026,17,Gold Coast,Collingwood,13019,Mac,Andrew,Gold Coast,0.06270827072813791
2026,17,Gold Coast,Collingwood,12444,Sam,Collins,Gold Coast,0.04834732153429189
2026,17,Gold Coast,Collingwood,12307,Nick,Holman,Gold Coast,0.041574526986052435
2026,17,Gold Coast,Collingwood,13049,Bailey,Humphrey,Gold Coast,0.04599711940444151
2026,17,Gold Coast,Collingwood,12933,Joel,Jeffrey,Gold Coast,0.04957520099042437
2026,17,Gold Coast,Collingwood,13257,Ben,Jepson,Gold Coast,0.043474562381975196
2026,17,Gold Coast,Collingwood,12728,Ben,King,Gold Coast,0.05574011829837798
2026,17,Gold Coast,Collingwood,13232,Leo,Lombard,Gold Coast,0.04577023548357678
2026,17,Gold Coast,Collingwood,12521,Ben,Long,Gold Coast,0.049064432501137956
2026,17,Gold Coast,Collingwood,12331,Touk,Miller,Gold Coast,0.11616193757331003
2026,17,Gold Coast,Collingwood,13050,Ned,Moyle,Gold Coast,0.05905245726096679
2026,17,Gold Coast,Collingwood,13332,Jai,Murray,Gold Coast,0.04271961233287894
2026,17,Gold Coast,Collingwood,12743,John,Noble,Gold Coast,0.02869201082610115
2026,17,Gold Coast,Collingwood,13346,Dylan,Patterson,Gold Coast,0.046363019062349714
2026,17,Gold Coast,Collingwood,12430,Christian,Petracca,Gold Coast,0.28517517660187186
2026,17,Gold Coast,Collingwood,12652,Wil,Powell,Gold Coast,0.0473366224994658
2026,17,Gold Coast,Collingwood,13121,Ethan,Read,Gold Coast,0.04512516698448296
2026,17,Gold Coast,Collingwood,12768,Matt,Rowell,Gold Coast,0.15623720640106764
2026,17,Gold Coast,Collingwood,13041,Bodhi,Uwland,Gold Coast,0.027326407602146136
2026,17,Gold Coast,Collingwood,13278,Zeke,Uwland,Gold Coast,0.5186201390072269
2026,17,Gold Coast,Collingwood,13114,Jed,Walter,Gold Coast,0.04913306779824317
2026,17,Richmond,Carlton,13365,Billy,Wilson,Carlton,0.0
2026,17,Richmond,Carlton,12498,Ben,Ainsworth,Carlton,0.0
2026,17,Richmond,Carlton,13297,Talor,Byrne,Carlton,0.0
2026,17,Richmond,Carlton,12603,Adam,Cerra,Carlton,0.09617619837015443
2026,17,Richmond,Carlton,12822,Matthew,Cottrell,Carlton,0.0
2026,17,Richmond,Carlton,13028,Lachlan,Cowan,Carlton,0.0
2026,17,Richmond,Carlton,12261,Patrick,Cripps,Carlton,0.7048024176907217
2026,17,Richmond,Carlton,13303,Wade,Derksen,Carlton,0.0
2026,17,Richmond,Carlton,12873,Francis,Evans,Carlton,0.03310925082423361
2026,17,Richmond,Carlton,12497,Oliver,Florent,Carlton,0.0
2026,17,Richmond,Carlton,12091,Nick,Haynes,Carlton,0.0
2026,17,Richmond,Carlton,12509,Will,Hayward,Carlton,0.0
2026,17,Richmond,Carlton,12411,George,Hewett,Carlton,2.207340532642083
2026,17,Richmond,Carlton,13029,Oliver,Hollands,Carlton,0.0
2026,17,Richmond,Carlton,13321,Jack,Ison,Carlton,0.0
2026,17,Richmond,Carlton,12937,Brodie,Kemp,Carlton,0.0
2026,17,Richmond,Carlton,12404,Mitch,McGovern,Carlton,0.0
2026,17,Richmond,Carlton,12566,Harry,McKay,Carlton,0.0
2026,17,Richmond,Carlton,12508,Nic,Newman,Carlton,0.00864736581752127
2026,17,Richmond,Carlton,12417,Marc,Pittonet,Carlton,0.01698723674359886
2026,17,Richmond,Carlton,13274,Jagga,Smith,Carlton,1.5578010481591091
2026,17,Richmond,Carlton,12684,Sam,Walsh,Carlton,0.13335525873163415
2026,17,Richmond,Carlton,12559,Lewis,Young,Carlton,0.0
2026,17,Richmond,Carlton,12712,Jack,Ross,Richmond,0.0
2026,17,Richmond,Carlton,13242,Jasper,Alger,Richmond,0.0
2026,17,Richmond,Carlton,13338,Kye,Annand,Richmond,0.0
2026,17,Richmond,Carlton,12686,Noah,Balta,Richmond,0.15862025017343567
2026,17,Richmond,Carlton,13078,Sam,Banks,Richmond,0.0
2026,17,Richmond,Carlton,12456,Nathan,Broad,Richmond,0.0
2026,17,Richmond,Carlton,13096,Tom,Brown,Richmond,0.0
2026,17,Richmond,Carlton,13100,Seth,Campbell,Richmond,0.15385127221170544
2026,17,Richmond,Carlton,13316,Sam,Cumming,Richmond,0.0
2026,17,Richmond,Carlton,13145,Steely,Green,Richmond,0.0
2026,17,Richmond,Carlton,13253,Taj,Hotton,Richmond,0.0
2026,17,Richmond,Carlton,13113,Mykelti,Lefau,Richmond,0.0
2026,17,Richmond,Carlton,11948,Tom,Lynch,Richmond,0.0
2026,17,Richmond,Carlton,12883,Rhyan,Mansell,Richmond,0.0
2026,17,Richmond,Carlton,13117,Kane,McAuliffe,Richmond,0.004095489718890115
2026,17,Richmond,Carlton,12941,Ben,Miller,Richmond,0.0
2026,17,Richmond,Carlton,12374,Toby,Nankervis,Richmond,0.07859748672061481
2026,17,Richmond,Carlton,12902,Hugo,Ralphsmith,Richmond,0.0
2026,17,Richmond,Carlton,13313,Patrick,Retschko,Richmond,0.0
2026,17,Richmond,Carlton,12418,Jayden,Short,Richmond,0.0
2026,17,Richmond,Carlton,12504,Tim,Taranto,Richmond,0.8466161921930855
2026,17,Richmond,Carlton,13095,James,Trezise,Richmond,0.0
2026,17,Richmond,Carlton,12174,Nick,Vlastuin,Richmond,0.0
2026,17,Essendon,St Kilda,12899,Nick,Bryan,Essendon,0.003510832715956074
2026,17,Essendon,St Kilda,13148,Nate,Caddy,Essendon,0.0
2026,17,Essendon,St Kilda,12755,Jye,Caldwell,Essendon,0.003970309197285537
2026,17,Essendon,St Kilda,12852,Nik,Cox,Essendon,0.0019320832464889519
2026,17,Essendon,St Kilda,13223,Archer,Day-Wicks,Essendon,0.003666781496044196
2026,17,Essendon,St Kilda,12925,Sam,Durham,Essendon,0.00035086469138224594
2026,17,Essendon,St Kilda,12696,Xavier,Duursma,Essendon,0.007720629980137072
2026,17,Essendon,St Kilda,13203,Saad,El-Hawli,Essendon,0.0020593266822513216
2026,17,Essendon,St Kilda,13299,Jacob,Farrow,Essendon,0.005932774577795379
2026,17,Essendon,St Kilda,13177,Isaac,Kako,Essendon,0.0015095892040890395
2026,17,Essendon,St Kilda,12491,Andrew,McGrath,Essendon,0.0
2026,17,Essendon,St Kilda,12580,Ben,McKay,Essendon,0.0037573190473907496
2026,17,Essendon,St Kilda,12241,Zach,Merrett,Essendon,0.0
2026,17,Essendon,St Kilda,12406,Darcy,Parish,Essendon,0.0
2026,17,Essendon,St Kilda,12879,Archie,Perkins,Essendon,0.0010152998313130816
2026,17,Essendon,St Kilda,12874,Jaxon,Prior,Essendon,0.0077077861830212695
2026,17,Essendon,St Kilda,12437,Mason,Redman,Essendon,0.0
2026,17,Essendon,St Kilda,12889,Zach,Reid,Essendon,0.001135729120887368
2026,17,Essendon,St Kilda,12631,Jordan,Ridley,Essendon,0.002860574895217998
2026,17,Essendon,St Kilda,13307,Sullivan,Robey,Essendon,0.0
2026,17,Essendon,St Kilda,12567,Will,Setterfield,Essendon,0.0056998335568687435
2026,17,Essendon,St Kilda,13283,Dyson,Sharp,Essendon,0.006710441670601124
2026,17,Essendon,St Kilda,12366,Peter,Wright,Essendon,0.0
2026,17,Essendon,St Kilda,12802,Ryan,Byrnes,St Kilda,0.005498610682161464
2026,17,Essendon,St Kilda,13035,Anthony,Caminiti,St Kilda,0.011097404733022436
2026,17,Essendon,St Kilda,13125,Hugo,Garcia,St Kilda,0.23372228783166438
2026,17,Essendon,St Kilda,13193,Max,Hall,St Kilda,0.8144729035353344
2026,17,Essendon,St Kilda,13116,Angus,Hastie,St Kilda,0.007477260869802504
2026,17,Essendon,St Kilda,12831,Liam,Henry,St Kilda,0.005431882760939904
2026,17,Essendon,St Kilda,12609,Jack,Higgins,St Kilda,0.013898265084876748
2026,17,Essendon,St Kilda,12060,Bradley,Hill,St Kilda,1.413829603959803
2026,17,Essendon,St Kilda,13331,Campbell,Lake,St Kilda,0.001650151195279375
2026,17,Essendon,St Kilda,12564,Rowan,Marshall,St Kilda,0.37740347686624287
2026,17,Essendon,St Kilda,13194,Liam,OConnell,St Kilda,0.003993417732804105
2026,17,Essendon,St Kilda,12948,Mitch,Owens,St Kilda,0.027626184309097215
2026,17,Essendon,St Kilda,13036,Mattaes,Phillipou,St Kilda,0.023344806063728362
2026,17,Essendon,St Kilda,12600,Liam,Ryan,St Kilda,0.007233637863647568
2026,17,Essendon,St Kilda,12929,Cooper,Sharman,St Kilda,0.004801570338848159
2026,17,Essendon,St Kilda,12458,Jack,Silvagni,St Kilda,0.011209472006417514
2026,17,Essendon,St Kilda,12721,Liam,Stocker,St Kilda,0.005615022711210792
2026,17,Essendon,St Kilda,13206,Tobie,Travaglia,St Kilda,0.003255489171447589
2026,17,Essendon,St Kilda,12950,Nasiah,Wanganeen-Milera,St Kilda,2.729072946170587
2026,17,Essendon,St Kilda,12703,Callum,Wilkie,St Kilda,0.01869154991881229
2026,17,Essendon,St Kilda,13110,Darcy,Wilson,St Kilda,0.14996235047249826
2026,17,Essendon,St Kilda,12967,Marcus,Windhager,St Kilda,0.046629193084815335
2026,17,Essendon,St Kilda,12312,Mason,Wood,St Kilda,0.024542336543142456
2026,17,Port Adelaide,North Melbourne,13287,Tom,Blamires,North Melbourne,0.0
2026,17,Port Adelaide,North Melbourne,12938,Charlie,Comben,North Melbourne,0.0
2026,17,Port Adelaide,North Melbourne,12181,Aidan,Corr,North Melbourne,0.0
2026,17,Port Adelaide,North Melbourne,12373,Caleb,Daniel,North Melbourne,0.0
2026,17,Port Adelaide,North Melbourne,11905,Jack,Darling,North Melbourne,0.0
2026,17,Port Adelaide,North Melbourne,12590,Luke,Davies-Uniacke,North Melbourne,0.9946370010140231
2026,17,Port Adelaide,North Melbourne,13144,Wil,Dawson,North Melbourne,0.0
2026,17,Port Adelaide,North Melbourne,13025,Josh,Goater,North Melbourne,0.0014352414304959263
2026,17,Port Adelaide,North Melbourne,13077,Cooper,Harvey,North Melbourne,0.00036145804573087833
2026,17,Port Adelaide,North Melbourne,13186,Jacob,Konstanty,North Melbourne,0.0
2026,17,Port Adelaide,North Melbourne,12563,Nick,Larkey,North Melbourne,0.0
2026,17,Port Adelaide,North Melbourne,12246,Luke,McDonald,North Melbourne,0.0
2026,17,Port Adelaide,North Melbourne,13107,Colby,McKercher,North Melbourne,0.04797535508610835
2026,17,Port Adelaide,North Melbourne,13187,Finn,OSullivan,North Melbourne,0.0
2026,17,Port Adelaide,North Melbourne,11953,Luke,Parker,North Melbourne,0.0
2026,17,Port Adelaide,North Melbourne,13034,Harry,Sheezel,North Melbourne,0.9948442052607954
2026,17,Port Adelaide,North Melbourne,12502,Jy,Simpkin,North Melbourne,0.0
2026,17,Port Adelaide,North Melbourne,12622,Charlie,Spargo,North Melbourne,0.0
2026,17,Port Adelaide,North Melbourne,12796,Dylan,Stephens,North Melbourne,0.0
2026,17,Port Adelaide,North Melbourne,13263,Cooper,Trembath,North Melbourne,0.0
2026,17,Port Adelaide,North Melbourne,13064,George,Wardlaw,North Melbourne,0.0052441029667879896
2026,17,Port Adelaide,North Melbourne,12788,Tristan,Xerri,North Melbourne,0.0043808730849875304
2026,17,Port Adelaide,North Melbourne,12557,Cameron,Zurhaar,North Melbourne,0.0
2026,17,Port Adelaide,North Melbourne,12433,Aliir,Aliir,Port Adelaide,0.008845112002281849
2026,17,Port Adelaide,North Melbourne,13337,Xavier,Bamert,Port Adelaide,0.002358830018457359
2026,17,Port Adelaide,North Melbourne,12867,Miles,Bergman,Port Adelaide,0.0
2026,17,Port Adelaide,North Melbourne,13188,Joe,Berry,Port Adelaide,0.00286993390462329
2026,17,Port Adelaide,North Melbourne,13007,Jase,Burgoyne,Port Adelaide,0.037518845994044654
2026,17,Port Adelaide,North Melbourne,12698,Zak,Butters,Port Adelaide,1.257098253173409
2026,17,Port Adelaide,North Melbourne,12422,Darcy,Byrne-Jones,Port Adelaide,0.1244970677124635
2026,17,Port Adelaide,North Melbourne,12695,Willem,Drew,Port Adelaide,0.005544751940106874
2026,17,Port Adelaide,North Melbourne,12936,Corey,Durdin,Port Adelaide,0.004447873994672425
2026,17,Port Adelaide,North Melbourne,13156,Logan,Evans,Port Adelaide,0.0020905952059580074
2026,17,Port Adelaide,North Melbourne,12766,Mitch,Georgiades,Port Adelaide,0.1186312360255591
2026,17,Port Adelaide,North Melbourne,12956,Jason,Horne-Francis,Port Adelaide,1.8376249701604233
2026,17,Port Adelaide,North Melbourne,12882,Lachie,Jones,Port Adelaide,0.002135095737339366
2026,17,Port Adelaide,North Melbourne,13301,Josh,Lai,Port Adelaide,0.0006224095543025446
2026,17,Port Adelaide,North Melbourne,12704,Jack,Lukosius,Port Adelaide,0.0030525026627179546
2026,17,Port Adelaide,North Melbourne,12946,Jackson,Mead,Port Adelaide,0.020227329049400104
2026,17,Port Adelaide,North Melbourne,13139,Joe,Richards,Port Adelaide,0.01577747754658667
2026,17,Port Adelaide,North Melbourne,12890,Jordon,Sweet,Port Adelaide,0.05337882604147178
2026,17,Port Adelaide,North Melbourne,13073,Dante,Visentini,Port Adelaide,0.004283036732906759
2026,17,Port Adelaide,North Melbourne,13259,Jack,Whitlock,Port Adelaide,0.08729974566477645
2026,17,Port Adelaide,North Melbourne,12150,Ollie,Wines,Port Adelaide,0.35989534265334555
2026,17,Port Adelaide,North Melbourne,13305,Mitch,Zadow,Port Adelaide,0.0015513804371804
2026,17,Port Adelaide,North Melbourne,12757,Brandon,Zerk-Thatcher,Port Adelaide,0.0013711468951839226
2026,18,Fremantle,Sydney,12983,Jye,Amiss,Fremantle,0.0
2026,18,Fremantle,Sydney,12535,Shai,Bolton,Fremantle,0.4928845864960077
2026,18,Fremantle,Sydney,12589,Andrew,Brayshaw,Fremantle,0.6959434002615597
2026,18,Fremantle,Sydney,12875,Heath,Chapman,Fremantle,0.0
2026,18,Fremantle,Sydney,12688,Jordan,Clark,Fremantle,0.03000969757764787
2026,18,Fremantle,Sydney,12544,Brennan,Cox,Fremantle,0.0
2026,18,Fremantle,Sydney,12428,Mason,Cox,Fremantle,0.0
2026,18,Fremantle,Sydney,13204,Isaiah,Dudley,Fremantle,0.0
2026,18,Fremantle,Sydney,12966,Neil,Erasmus,Fremantle,0.0
2026,18,Fremantle,Sydney,12801,Michael,Frederick,Fremantle,0.0
2026,18,Fremantle,Sydney,12779,Luke,Jackson,Fremantle,0.09538331294194874
2026,18,Fremantle,Sydney,13047,Matthew,Johnson,Fremantle,0.03749461042812776
2026,18,Fremantle,Sydney,13033,Judd,McVee,Fremantle,0.0
2026,18,Fremantle,Sydney,12960,Nathan,ODriscoll,Fremantle,0.0
2026,18,Fremantle,Sydney,12141,Jaeger,OMeara,Fremantle,0.0
2026,18,Fremantle,Sydney,12352,Alex,Pearce,Fremantle,0.008538862900948276
2026,18,Fremantle,Sydney,13180,Murphy,Reid,Fremantle,1.4651432652581518
2026,18,Fremantle,Sydney,12542,Luke,Ryan,Fremantle,0.0
2026,18,Fremantle,Sydney,12786,Caleb,Serong,Fremantle,1.0097414164747023
2026,18,Fremantle,Sydney,12672,Sam,Switkowski,Fremantle,0.0
2026,18,Fremantle,Sydney,12887,Josh,Treacy,Fremantle,0.8327232426348501
2026,18,Fremantle,Sydney,13129,Patrick,Voss,Fremantle,0.0
2026,18,Fremantle,Sydney,13075,Karl,Worner,Fremantle,0.0
2026,18,Fremantle,Sydney,12699,Nick,Blakey,Sydney,0.0
2026,18,Fremantle,Sydney,13157,Caiden,Cleary,Sydney,0.0
2026,18,Fremantle,Sydney,12015,Harry,Cunningham,Sydney,0.0
2026,18,Fremantle,Sydney,12421,Charlie,Curnow,Sydney,1.0481864436573112
2026,18,Fremantle,Sydney,13318,Will,Edwards,Sydney,0.0
2026,18,Fremantle,Sydney,12217,Brodie,Grundy,Sydney,0.0
2026,18,Fremantle,Sydney,12862,Errol,Gulden,Sydney,0.19054017948182364
2026,18,Fremantle,Sydney,12359,Joel,Hamling,Sydney,0.0
2026,18,Fremantle,Sydney,13173,Tom,Hanily,Sydney,0.0
2026,18,Fremantle,Sydney,12326,Isaac,Heeney,Sydney,0.0
2026,18,Fremantle,Sydney,12860,James,Jordon,Sydney,0.0
2026,18,Fremantle,Sydney,13327,Harry,Kyle,Sydney,0.0
2026,18,Fremantle,Sydney,12268,Jake,Lloyd,Sydney,0.0
2026,18,Fremantle,Sydney,12627,Tom,McCartin,Sydney,0.0
2026,18,Fremantle,Sydney,12745,Hayden,McLean,Sydney,0.0
2026,18,Fremantle,Sydney,12413,Callum,Mills,Sydney,0.0
2026,18,Fremantle,Sydney,12412,Tom,Papley,Sydney,0.0
2026,18,Fremantle,Sydney,12140,Dane,Rampe,Sydney,0.0
2026,18,Fremantle,Sydney,12994,Matt,Roberts,Sydney,0.0
2026,18,Fremantle,Sydney,12714,James,Rowbottom,Sydney,0.0
2026,18,Fremantle,Sydney,13022,Jai,Serong,Sydney,0.0
2026,18,Fremantle,Sydney,12951,Angus,Sheldrick,Sydney,0.0
2026,18,Fremantle,Sydney,12797,Chad,Warner,Sydney,0.09341098188679448
2026,18,Collingwood,North Melbourne,13146,Edward,Allan,Collingwood,0.08921431058046199
2026,18,Collingwood,North Melbourne,13306,Angus,Anderson,Collingwood,0.050973182794190566
2026,18,Collingwood,North Melbourne,13071,Jack,Buller,Collingwood,0.0578867929794097
2026,18,Collingwood,North Melbourne,12660,Darcy,Cameron,Collingwood,0.664301878208866
2026,18,Collingwood,North Melbourne,12061,Jack,Crisp,Collingwood,0.060444577585119216
2026,18,Collingwood,North Melbourne,12573,Josh,Daicos,Collingwood,1.3395533922999354
2026,18,Collingwood,North Melbourne,12943,Nick,Daicos,Collingwood,0.4285421290818446
2026,18,Collingwood,North Melbourne,12318,Jordan,de Goey,Collingwood,0.33427984772859837
2026,18,Collingwood,North Melbourne,12676,Billy,Frampton,Collingwood,0.06532208652062262
2026,18,Collingwood,North Melbourne,12495,Dan,Houston,Collingwood,0.05826781574705105
2026,18,Collingwood,North Melbourne,11967,Jeremy,Howe,Collingwood,0.016007519035161247
2026,18,Collingwood,North Melbourne,12578,Patrick,Lipinski,Collingwood,0.06957179720107586
2026,18,Collingwood,North Melbourne,13023,Ned,Long,Collingwood,0.08054748791508902
2026,18,Collingwood,North Melbourne,12371,Brayden,Maynard,Collingwood,0.049660808222371136
2026,18,Collingwood,North Melbourne,12876,Beau,McCreery,Collingwood,0.05964931979352399
2026,18,Collingwood,North Melbourne,12291,Daniel,McStay,Collingwood,0.08325173154457365
2026,18,Collingwood,North Melbourne,12300,Tim,Membrey,Collingwood,0.07991248064779774
2026,18,Collingwood,North Melbourne,4182,Scott,Pendlebury,Collingwood,0.08103841021979287
2026,18,Collingwood,North Melbourne,12536,Harry,Perryman,Collingwood,0.05414383868514315
2026,18,Collingwood,North Melbourne,13342,Liam,Puncher,Collingwood,0.059790512277025296
2026,18,Collingwood,North Melbourne,12700,Lachie,Schultz,Collingwood,0.05683825248081835
2026,18,Collingwood,North Melbourne,11751,Steele,Sidebottom,Collingwood,0.05553054074658663
2026,18,Collingwood,North Melbourne,13340,Sam,Swadling,Collingwood,0.05642896338035393
2026,18,Collingwood,North Melbourne,13256,Zac,Banch,North Melbourne,0.050136682448383055
2026,18,Collingwood,North Melbourne,13287,Tom,Blamires,North Melbourne,0.05550833587189215
2026,18,Collingwood,North Melbourne,12938,Charlie,Comben,North Melbourne,0.05882927582670054
2026,18,Collingwood,North Melbourne,12181,Aidan,Corr,North Melbourne,0.008891046461918725
2026,18,Collingwood,North Melbourne,12975,Paul,Curtis,North Melbourne,0.06424271416671316
2026,18,Collingwood,North Melbourne,12373,Caleb,Daniel,North Melbourne,0.05004183976285047
2026,18,Collingwood,North Melbourne,11905,Jack,Darling,North Melbourne,0.034966680189274305
2026,18,Collingwood,North Melbourne,12590,Luke,Davies-Uniacke,North Melbourne,0.16026128319414432
2026,18,Collingwood,North Melbourne,13130,Riley,Hardeman,North Melbourne,0.05762556727407307
2026,18,Collingwood,North Melbourne,13077,Cooper,Harvey,North Melbourne,0.054482539161151936
2026,18,Collingwood,North Melbourne,12563,Nick,Larkey,North Melbourne,0.0840331047465637
2026,18,Collingwood,North Melbourne,12246,Luke,McDonald,North Melbourne,0.05136364160448938
2026,18,Collingwood,North Melbourne,13107,Colby,McKercher,North Melbourne,0.05339723696529307
2026,18,Collingwood,North Melbourne,13187,Finn,OSullivan,North Melbourne,0.1074571104829004
2026,18,Collingwood,North Melbourne,11953,Luke,Parker,North Melbourne,0.12129988483730995
2026,18,Collingwood,North Melbourne,13034,Harry,Sheezel,North Melbourne,0.2257193427076949
2026,18,Collingwood,North Melbourne,12502,Jy,Simpkin,North Melbourne,0.17999371340558762
2026,18,Collingwood,North Melbourne,12622,Charlie,Spargo,North Melbourne,0.05757011283321674
2026,18,Collingwood,North Melbourne,12796,Dylan,Stephens,North Melbourne,0.05239170305577458
2026,18,Collingwood,North Melbourne,13263,Cooper,Trembath,North Melbourne,0.06159205658742946
2026,18,Collingwood,North Melbourne,13208,Matt,Whitlock,North Melbourne,0.054159737973969155
2026,18,Collingwood,North Melbourne,12788,Tristan,Xerri,North Melbourne,0.34940442838025265
2026,18,Collingwood,North Melbourne,12557,Cameron,Zurhaar,North Melbourne,0.05547428640324596
2026,18,St Kilda,Port Adelaide,12433,Aliir,Aliir,Port Adelaide,0.0
2026,18,St Kilda,Port Adelaide,13337,Xavier,Bamert,Port Adelaide,0.0
2026,18,St Kilda,Port Adelaide,12867,Miles,Bergman,Port Adelaide,0.0
2026,18,St Kilda,Port Adelaide,13188,Joe,Berry,Port Adelaide,0.0
2026,18,St Kilda,Port Adelaide,13007,Jase,Burgoyne,Port Adelaide,0.0
2026,18,St Kilda,Port Adelaide,12698,Zak,Butters,Port Adelaide,0.14549132455597089
2026,18,St Kilda,Port Adelaide,12422,Darcy,Byrne-Jones,Port Adelaide,0.0
2026,18,St Kilda,Port Adelaide,12695,Willem,Drew,Port Adelaide,0.0
2026,18,St Kilda,Port Adelaide,12936,Corey,Durdin,Port Adelaide,0.0
2026,18,St Kilda,Port Adelaide,13156,Logan,Evans,Port Adelaide,0.0
2026,18,St Kilda,Port Adelaide,12664,Kane,Farrell,Port Adelaide,0.0
2026,18,St Kilda,Port Adelaide,12766,Mitch,Georgiades,Port Adelaide,0.0
2026,18,St Kilda,Port Adelaide,12956,Jason,Horne-Francis,Port Adelaide,0.3698144535193645
2026,18,St Kilda,Port Adelaide,12882,Lachie,Jones,Port Adelaide,0.0
2026,18,St Kilda,Port Adelaide,13301,Josh,Lai,Port Adelaide,0.0
2026,18,St Kilda,Port Adelaide,12704,Jack,Lukosius,Port Adelaide,0.0
2026,18,St Kilda,Port Adelaide,12946,Jackson,Mead,Port Adelaide,0.0
2026,18,St Kilda,Port Adelaide,13139,Joe,Richards,Port Adelaide,0.0
2026,18,St Kilda,Port Adelaide,12890,Jordon,Sweet,Port Adelaide,0.0
2026,18,St Kilda,Port Adelaide,13073,Dante,Visentini,Port Adelaide,0.0
2026,18,St Kilda,Port Adelaide,12991,Jacob,Wehr,Port Adelaide,0.0
2026,18,St Kilda,Port Adelaide,13259,Jack,Whitlock,Port Adelaide,0.0
2026,18,St Kilda,Port Adelaide,12150,Ollie,Wines,Port Adelaide,0.0
2026,18,St Kilda,Port Adelaide,12802,Ryan,Byrnes,St Kilda,0.0
2026,18,St Kilda,Port Adelaide,13035,Anthony,Caminiti,St Kilda,0.0
2026,18,St Kilda,Port Adelaide,13125,Hugo,Garcia,St Kilda,0.5458029795698511
2026,18,St Kilda,Port Adelaide,13193,Max,Hall,St Kilda,0.0
2026,18,St Kilda,Port Adelaide,13116,Angus,Hastie,St Kilda,0.0
2026,18,St Kilda,Port Adelaide,12831,Liam,Henry,St Kilda,0.0
2026,18,St Kilda,Port Adelaide,12609,Jack,Higgins,St Kilda,0.0
2026,18,St Kilda,Port Adelaide,12060,Bradley,Hill,St Kilda,1.238109269835233
2026,18,St Kilda,Port Adelaide,13331,Campbell,Lake,St Kilda,0.0
2026,18,St Kilda,Port Adelaide,12564,Rowan,Marshall,St Kilda,1.210299463927217
2026,18,St Kilda,Port Adelaide,13194,Liam,OConnell,St Kilda,0.0
2026,18,St Kilda,Port Adelaide,12948,Mitch,Owens,St Kilda,0.0
2026,18,St Kilda,Port Adelaide,13036,Mattaes,Phillipou,St Kilda,0.0
2026,18,St Kilda,Port Adelaide,12600,Liam,Ryan,St Kilda,0.0
2026,18,St Kilda,Port Adelaide,12929,Cooper,Sharman,St Kilda,0.03913099244169799
2026,18,St Kilda,Port Adelaide,12458,Jack,Silvagni,St Kilda,0.0
2026,18,St Kilda,Port Adelaide,12721,Liam,Stocker,St Kilda,0.0
2026,18,St Kilda,Port Adelaide,13206,Tobie,Travaglia,St Kilda,0.0
2026,18,St Kilda,Port Adelaide,12950,Nasiah,Wanganeen-Milera,St Kilda,1.1831828657375236
2026,18,St Kilda,Port Adelaide,12703,Callum,Wilkie,St Kilda,1.2218363510999117
2026,18,St Kilda,Port Adelaide,13110,Darcy,Wilson,St Kilda,0.0
2026,18,St Kilda,Port Adelaide,12967,Marcus,Windhager,St Kilda,0.031518731972179845
2026,18,St Kilda,Port Adelaide,12312,Mason,Wood,St Kilda,0.014813567341530512
2026,18,Greater Western Sydney,Geelong,12690,Tom,Atkins,Geelong,0.0
2026,18,Greater Western Sydney,Geelong,12153,Mark,Blicavs,Geelong,0.0
2026,18,Greater Western Sydney,Geelong,12499,Jack,Bowes,Geelong,0.0
2026,18,Greater Western Sydney,Geelong,12871,Tanner,Bruhn,Geelong,0.0
2026,18,Greater Western Sydney,Geelong,12017,Jeremy,Cameron,Geelong,0.025945547186690912
2026,18,Greater Western Sydney,Geelong,11700,Patrick,Dangerfield,Geelong,0.0
2026,18,Greater Western Sydney,Geelong,12891,Sam,De Koning,Geelong,0.0
2026,18,Greater Western Sydney,Geelong,12974,Oliver,Dempsey,Geelong,0.3735791567022315
2026,18,Greater Western Sydney,Geelong,12551,Zach,Guthrie,Geelong,0.0
2026,18,Greater Western Sydney,Geelong,12607,Jack,Henry,Geelong,0.0
2026,18,Greater Western Sydney,Geelong,12851,Oliver,Henry,Geelong,0.0026352432705949048
2026,18,Greater Western Sydney,Geelong,12881,Max,Holmes,Geelong,0.09567225445599772
2026,18,Greater Western Sydney,Geelong,13160,Lawson,Humphries,Geelong,0.0
2026,18,Greater Western Sydney,Geelong,12986,Mitch,Knevitt,Geelong,0.0
2026,18,Greater Western Sydney,Geelong,12370,Jake,Kolodjashnij,Geelong,0.0
2026,18,Greater Western Sydney,Geelong,13104,Shaun,Mannagh,Geelong,1.661656509041323
2026,18,Greater Western Sydney,Geelong,12236,Jack,Martin,Geelong,0.0
2026,18,Greater Western Sydney,Geelong,13066,Oisin,Mullin,Geelong,0.0
2026,18,Greater Western Sydney,Geelong,12992,Shannon,Neale,Geelong,0.005198153498192528
2026,18,Greater Western Sydney,Geelong,13122,Connor,OSullivan,Geelong,0.0
2026,18,Greater Western Sydney,Geelong,12692,Bailey,Smith,Geelong,0.27909207702113104
2026,18,Greater Western Sydney,Geelong,12505,Tom,Stewart,Geelong,0.006443842175633431
2026,18,Greater Western Sydney,Geelong,13217,Oliver,Wiltshire,Geelong,0.0007855526734072155
2026,18,Greater Western Sydney,Geelong,13001,Ryan,Angwin,Greater Western Sydney,0.0016939515394404515
2026,18,Greater Western Sydney,Geelong,12782,Lachie,Ash,Greater Western Sydney,0.13293631752809534
2026,18,Greater Western Sydney,Geelong,12772,Toby,Bedford,Greater Western Sydney,0.09756233182706706
2026,18,Greater Western Sydney,Geelong,12904,Kieren,Briggs,Greater Western Sydney,0.31087910647014216
2026,18,Greater Western Sydney,Geelong,12910,Callum,Brown,Greater Western Sydney,0.1506230815468013
2026,18,Greater Western Sydney,Geelong,13054,Aaron,Cadman,Greater Western Sydney,0.00022256248265012553
2026,18,Greater Western Sydney,Geelong,12969,Finn,Callaghan,Greater Western Sydney,0.04854460344074395
2026,18,Greater Western Sydney,Geelong,12028,Stephen,Coniglio,Greater Western Sydney,0.005693323856038076
2026,18,Greater Western Sydney,Geelong,13164,Joe,Fonti,Greater Western Sydney,0.0
2026,18,Greater Western Sydney,Geelong,13279,Phoenix,Gothard,Greater Western Sydney,0.0
2026,18,Greater Western Sydney,Geelong,12025,Toby,Greene,Greater Western Sydney,0.9884965994200205
2026,18,Greater Western Sydney,Geelong,13347,Riley,Hamilton,Greater Western Sydney,0.012006274512058811
2026,18,Greater Western Sydney,Geelong,12462,Harry,Himmelberg,Greater Western Sydney,0.0772503063373344
2026,18,Greater Western Sydney,Geelong,12750,Connor,Idun,Greater Western Sydney,0.0015538602773860922
2026,18,Greater Western Sydney,Geelong,12377,Jayden,Laverde,Greater Western Sydney,0.0
2026,18,Greater Western Sydney,Geelong,12821,Xavier,OHalloran,Greater Western Sydney,0.04272116684144482
2026,18,Greater Western Sydney,Geelong,12410,Clayton,Oliver,Greater Western Sydney,1.4499311583684558
2026,18,Greater Western Sydney,Geelong,13325,Harrison,Oliver,Greater Western Sydney,0.0
2026,18,Greater Western Sydney,Geelong,13348,Jack,Ough,Greater Western Sydney,0.0
2026,18,Greater Western Sydney,Geelong,13045,Harry,Rowston,Greater Western Sydney,0.0
2026,18,Greater Western Sydney,Geelong,12167,Jake,Stringer,Greater Western Sydney,0.0
2026,18,Greater Western Sydney,Geelong,12644,Sam,Taylor,Greater Western Sydney,0.22718060391978273
2026,18,Greater Western Sydney,Geelong,13101,Harvey,Thomas,Greater Western Sydney,0.0016964156008677529
2026,18,Carlton,Hawthorn,13365,Billy,Wilson,Carlton,0.013254499028614109
2026,18,Carlton,Hawthorn,12498,Ben,Ainsworth,Carlton,0.006750139141736717
2026,18,Carlton,Hawthorn,13297,Talor,Byrne,Carlton,0.011449647264212876
2026,18,Carlton,Hawthorn,12603,Adam,Cerra,Carlton,0.03689368696162149
2026,18,Carlton,Hawthorn,12822,Matthew,Cottrell,Carlton,0.0054682528106072496
2026,18,Carlton,Hawthorn,13028,Lachlan,Cowan,Carlton,0.01834835047229407
2026,18,Carlton,Hawthorn,12261,Patrick,Cripps,Carlton,0.07907711743074612
2026,18,Carlton,Hawthorn,13273,Harry,Dean,Carlton,0.01615794318366364
2026,18,Carlton,Hawthorn,13303,Wade,Derksen,Carlton,0.019755387764031483
2026,18,Carlton,Hawthorn,12873,Francis,Evans,Carlton,6.076047286640053e-05
2026,18,Carlton,Hawthorn,12497,Oliver,Florent,Carlton,0.010701204829089645
2026,18,Carlton,Hawthorn,12091,Nick,Haynes,Carlton,0.015403102659358259
2026,18,Carlton,Hawthorn,12509,Will,Hayward,Carlton,0.00719570908616598
2026,18,Carlton,Hawthorn,12411,George,Hewett,Carlton,0.008012724026607127
2026,18,Carlton,Hawthorn,13029,Oliver,Hollands,Carlton,0.01942684284625356
2026,18,Carlton,Hawthorn,13321,Jack,Ison,Carlton,0.0067958630086364605
2026,18,Carlton,Hawthorn,12937,Brodie,Kemp,Carlton,0.013304703503078824
2026,18,Carlton,Hawthorn,12404,Mitch,McGovern,Carlton,0.00041383695771370944
2026,18,Carlton,Hawthorn,12566,Harry,McKay,Carlton,0.015131206060268266
2026,18,Carlton,Hawthorn,12508,Nic,Newman,Carlton,0.0
2026,18,Carlton,Hawthorn,13349,Flynn,Riley,Carlton,0.010231309331823807
2026,18,Carlton,Hawthorn,13274,Jagga,Smith,Carlton,0.011821738176915309
2026,18,Carlton,Hawthorn,12684,Sam,Walsh,Carlton,0.33926196473341347
2026,18,Carlton,Hawthorn,12357,Karl,Amon,Hawthorn,0.028957399423199907
2026,18,Carlton,Hawthorn,12383,Tom,Barrass,Hawthorn,0.018794040507491
2026,18,Carlton,Hawthorn,12485,Mabior,Chol,Hawthorn,0.013399783648541797
2026,18,Carlton,Hawthorn,12998,Massimo,DAmbrosio,Hawthorn,0.030793922395717245
2026,18,Carlton,Hawthorn,12794,Will,Day,Hawthorn,0.17957078545535626
2026,18,Carlton,Hawthorn,12927,Jack,Ginnivan,Hawthorn,1.4919072729225575
2026,18,Carlton,Hawthorn,13350,Ollie,Greeves,Hawthorn,0.017196169446263752
2026,18,Carlton,Hawthorn,11845,Jack,Gunston,Hawthorn,0.3060956012155018
2026,18,Carlton,Hawthorn,12469,Blake,Hardwick,Hawthorn,0.7056633606404216
2026,18,Carlton,Hawthorn,13343,Matt,Hill,Hawthorn,0.021669732275062074
2026,18,Carlton,Hawthorn,12237,Jarman,Impey,Hawthorn,0.010043156165805612
2026,18,Carlton,Hawthorn,12636,Mitch,Lewis,Hawthorn,0.031603025376715936
2026,18,Carlton,Hawthorn,13069,Bailey,Macdonald,Hawthorn,0.01892856769981279
2026,18,Carlton,Hawthorn,12954,Connor,Macdonald,Hawthorn,0.7605870408504503
2026,18,Carlton,Hawthorn,13031,Cam,Mackenzie,Hawthorn,0.10193228916707583
2026,18,Carlton,Hawthorn,13311,Will,McCabe,Hawthorn,0.017999905247301017
2026,18,Carlton,Hawthorn,12856,Lloyd,Meek,Hawthorn,0.975534575190605
2026,18,Carlton,Hawthorn,12710,Dylan,Moore,Hawthorn,0.04158062083284277
2026,18,Carlton,Hawthorn,12579,Harry,Morrison,Hawthorn,0.03828509661853472
2026,18,Carlton,Hawthorn,13344,Noah,Mraz,Hawthorn,0.026621069481446817
2026,18,Carlton,Hawthorn,12915,Jai,Newcombe,Hawthorn,0.11338820832256984
2026,18,Carlton,Hawthorn,12332,James,Sicily,Hawthorn,0.02412632856301592
2026,18,Carlton,Hawthorn,12955,Josh,Ward,Hawthorn,0.3604060588146528
2026,18,Adelaide,Gold Coast,12849,Sam,Berry,Adelaide,0.9567701907747117
2026,18,Adelaide,Gold Coast,13086,James,Borlase,Adelaide,0.0
2026,18,Adelaide,Gold Coast,12932,Brayden,Cook,Adelaide,0.0
2026,18,Adelaide,Gold Coast,13132,Daniel,Curtin,Adelaide,0.0
2026,18,Adelaide,Gold Coast,12516,Jordan,Dawson,Adelaide,2.0339584688184145
2026,18,Adelaide,Gold Coast,12584,Darcy,Fogarty,Adelaide,0.0
2026,18,Adelaide,Gold Coast,12809,Mark,Keane,Adelaide,0.0
2026,18,Adelaide,Gold Coast,12434,Ben,Keays,Adelaide,0.0
2026,18,Adelaide,Gold Coast,12165,Rory,Laird,Adelaide,0.0
2026,18,Adelaide,Gold Coast,13065,Lachlan,McAndrew,Adelaide,0.0
2026,18,Adelaide,Gold Coast,13027,Max,Michalanney,Adelaide,0.0
2026,18,Adelaide,Gold Coast,12405,Wayne,Milera,Adelaide,0.0
2026,18,Adelaide,Gold Coast,13280,Toby,Murray,Adelaide,0.0
2026,18,Adelaide,Gold Coast,13081,Luke,Nankervis,Adelaide,0.0
2026,18,Adelaide,Gold Coast,12367,Alex,Neal-Bullen,Adelaide,0.0
2026,18,Adelaide,Gold Coast,12934,James,Peatling,Adelaide,0.2735818366200468
2026,18,Adelaide,Gold Coast,12953,Josh,Rachele,Adelaide,0.0
2026,18,Adelaide,Gold Coast,12798,Izak,Rankine,Adelaide,1.683142877618552
2026,18,Adelaide,Gold Coast,12952,Jake,Soligo,Adelaide,0.0
2026,18,Adelaide,Gold Coast,13159,Zac,Taylor,Adelaide,0.0
2026,18,Adelaide,Gold Coast,12892,Riley,Thilthorpe,Adelaide,0.0
2026,18,Adelaide,Gold Coast,11713,Taylor,Walker,Adelaide,1.0451636799819009
2026,18,Adelaide,Gold Coast,12912,Josh,Worrell,Adelaide,0.0
2026,18,Adelaide,Gold Coast,13251,Oscar,Adams,Gold Coast,0.0
2026,18,Adelaide,Gold Coast,13341,Beau,Addinsall,Gold Coast,0.0
2026,18,Adelaide,Gold Coast,12767,Noah,Anderson,Gold Coast,0.0
2026,18,Adelaide,Gold Coast,13019,Mac,Andrew,Gold Coast,0.0
2026,18,Adelaide,Gold Coast,12444,Sam,Collins,Gold Coast,0.0
2026,18,Adelaide,Gold Coast,13120,Will,Graham,Gold Coast,0.0
2026,18,Adelaide,Gold Coast,12307,Nick,Holman,Gold Coast,0.0
2026,18,Adelaide,Gold Coast,13049,Bailey,Humphrey,Gold Coast,0.0
2026,18,Adelaide,Gold Coast,12933,Joel,Jeffrey,Gold Coast,0.0
2026,18,Adelaide,Gold Coast,12728,Ben,King,Gold Coast,0.0
2026,18,Adelaide,Gold Coast,13232,Leo,Lombard,Gold Coast,0.0
2026,18,Adelaide,Gold Coast,12331,Touk,Miller,Gold Coast,0.0
2026,18,Adelaide,Gold Coast,13050,Ned,Moyle,Gold Coast,0.0
2026,18,Adelaide,Gold Coast,13332,Jai,Murray,Gold Coast,0.0
2026,18,Adelaide,Gold Coast,12743,John,Noble,Gold Coast,0.0
2026,18,Adelaide,Gold Coast,13346,Dylan,Patterson,Gold Coast,0.0
2026,18,Adelaide,Gold Coast,12430,Christian,Petracca,Gold Coast,0.0
2026,18,Adelaide,Gold Coast,12652,Wil,Powell,Gold Coast,0.0
2026,18,Adelaide,Gold Coast,13121,Ethan,Read,Gold Coast,0.0
2026,18,Adelaide,Gold Coast,12768,Matt,Rowell,Gold Coast,0.007382946187705644
2026,18,Adelaide,Gold Coast,13041,Bodhi,Uwland,Gold Coast,0.0
2026,18,Adelaide,Gold Coast,13278,Zeke,Uwland,Gold Coast,0.0
2026,18,Adelaide,Gold Coast,13114,Jed,Walter,Gold Coast,0.0
2026,18,Western Bulldogs,West Coast,12576,Jack,Graham,West Coast,0.0
2026,18,Western Bulldogs,West Coast,12962,Jack,Williams,West Coast,0.0
2026,18,Western Bulldogs,West Coast,13221,Bo,Allan,West Coast,0.0
2026,18,Western Bulldogs,West Coast,12661,Liam,Baker,West Coast,0.0
2026,18,Western Bulldogs,West Coast,13000,Rhett,Bazzo,West Coast,0.0
2026,18,Western Bulldogs,West Coast,12446,Tom,Cole,West Coast,0.0
2026,18,Western Bulldogs,West Coast,13210,Hamish,Davis,West Coast,0.0
2026,18,Western Bulldogs,West Coast,12334,Liam,Duggan,West Coast,0.0
2026,18,Western Bulldogs,West Coast,13292,Willem,Duursma,West Coast,0.0
2026,18,Western Bulldogs,West Coast,13345,Oliver,Francou,West Coast,0.0
2026,18,Western Bulldogs,West Coast,13339,Marcus,Herbert,West Coast,0.0
2026,18,Western Bulldogs,West Coast,12957,Brady,Hough,West Coast,0.0
2026,18,Western Bulldogs,West Coast,13151,Jack,Hutchinson,West Coast,0.0
2026,18,Western Bulldogs,West Coast,12595,Tim,Kelly,West Coast,0.0
2026,18,Western Bulldogs,West Coast,13240,Tom,McCarthy,West Coast,0.0
2026,18,Western Bulldogs,West Coast,13294,Milan,Murdock,West Coast,0.0
2026,18,Western Bulldogs,West Coast,13111,Harley,Reid,West Coast,0.9458132953092002
2026,18,Western Bulldogs,West Coast,13247,Jobe,Shanahan,West Coast,0.0
2026,18,Western Bulldogs,West Coast,12668,Brandon,Starcevich,West Coast,0.0
2026,18,Western Bulldogs,West Coast,12601,Jake,Waterman,West Coast,0.0
2026,18,Western Bulldogs,West Coast,12836,Bailey,Williams,West Coast,0.0
2026,18,Western Bulldogs,West Coast,12087,Elliot,Yeo,West Coast,0.0
2026,18,Western Bulldogs,West Coast,13043,Tylar,Young,West Coast,0.0
2026,18,Western Bulldogs,West Coast,12269,Marcus,Bontempelli,Western Bulldogs,2.439528126833502
2026,18,Western Bulldogs,West Coast,12916,Lachlan,Bramble,Western Bulldogs,0.0
2026,18,Western Bulldogs,West Coast,13216,Jedd,Busslinger,Western Bulldogs,0.0
2026,18,Western Bulldogs,West Coast,12987,Luke,Cleary,Western Bulldogs,0.0
2026,18,Western Bulldogs,West Coast,13265,Jordan,Croft,Western Bulldogs,0.0
2026,18,Western Bulldogs,West Coast,12354,Bailey,Dale,Western Bulldogs,0.45116754446310436
2026,18,Western Bulldogs,West Coast,13178,Sam,Davidson,Western Bulldogs,0.0
2026,18,Western Bulldogs,West Coast,13179,Josh,Dolan,Western Bulldogs,0.0
2026,18,Western Bulldogs,West Coast,13140,Joel,Freijah,Western Bulldogs,0.0
2026,18,Western Bulldogs,West Coast,13213,Cooper,Hynes,Western Bulldogs,0.0
2026,18,Western Bulldogs,West Coast,13046,Arthur,Jones,Western Bulldogs,0.0
2026,18,Western Bulldogs,West Coast,13333,Luke,Kennedy,Western Bulldogs,0.0
2026,18,Western Bulldogs,West Coast,12455,Matthew,Kennedy,Western Bulldogs,0.0
2026,18,Western Bulldogs,West Coast,12900,Buku,Khamis,Western Bulldogs,0.0
2026,18,Western Bulldogs,West Coast,11898,Tom,Liberatore,Western Bulldogs,0.0
2026,18,Western Bulldogs,West Coast,12282,Rory,Lobb,Western Bulldogs,0.0
2026,18,Western Bulldogs,West Coast,12594,Aaron,Naughton,Western Bulldogs,1.5948282680960733
2026,18,Western Bulldogs,West Coast,13061,James,ODonnell,Western Bulldogs,0.0
2026,18,Western Bulldogs,West Coast,12605,Ed,Richards,Western Bulldogs,0.5686627652976578
2026,18,Western Bulldogs,West Coast,13276,Michael,Sellwood,Western Bulldogs,0.0
2026,18,Western Bulldogs,West Coast,12800,Cody,Weightman,Western Bulldogs,0.0
2026,18,Western Bulldogs,West Coast,12748,Rhylee,West,Western Bulldogs,0.0
2026,18,Western Bulldogs,West Coast,12441,Bailey,Williams,Western Bulldogs,0.0
2026,18,Melbourne,Richmond,12931,Jake,Bowey,Melbourne,0.7421723235360883
2026,18,Melbourne,Richmond,12756,Kade,Chandler,Melbourne,0.0
2026,18,Melbourne,Richmond,13335,Joel,Fitzgerald,Melbourne,0.6165506451942857
2026,18,Melbourne,Richmond,11966,Max,Gawn,Melbourne,0.6526800895447066
2026,18,Melbourne,Richmond,13098,Blake,Howes,Melbourne,0.0
2026,18,Melbourne,Richmond,13182,Matthew,Jefferson,Melbourne,0.0
2026,18,Melbourne,Richmond,12752,Changkuoth,Jiath,Melbourne,0.0
2026,18,Melbourne,Richmond,13183,Aidan,Johnson,Melbourne,0.0
2026,18,Melbourne,Richmond,12393,Ed,Langdon,Melbourne,0.013487982532294992
2026,18,Melbourne,Richmond,13184,Harvey,Langford,Melbourne,0.008242119119176394
2026,18,Melbourne,Richmond,13032,Bailey,Laurie,Melbourne,0.0
2026,18,Melbourne,Richmond,12351,Jake,Lever,Melbourne,0.0
2026,18,Melbourne,Richmond,11820,Jake,Melksham,Melbourne,0.0
2026,18,Melbourne,Richmond,12771,Kysaiah,Pickett,Melbourne,0.0
2026,18,Melbourne,Richmond,13286,Latrelle,Pickett,Melbourne,0.0
2026,18,Melbourne,Richmond,12778,Trent,Rivers,Melbourne,0.0
2026,18,Melbourne,Richmond,12864,Harry,Sharp,Melbourne,0.0
2026,18,Melbourne,Richmond,12693,Tom,Sparrow,Melbourne,0.9081931491457356
2026,18,Melbourne,Richmond,12368,Jack,Steele,Melbourne,0.5049145632517043
2026,18,Melbourne,Richmond,13123,Koltyn,Tholstrup,Melbourne,0.0
2026,18,Melbourne,Richmond,12996,Daniel,Turner,Melbourne,0.03297543904305425
2026,18,Melbourne,Richmond,13048,Jacob,van Rooyen,Melbourne,2.471165265105894
2026,18,Melbourne,Richmond,13099,Caleb,Windsor,Melbourne,0.0
2026,18,Melbourne,Richmond,13242,Jasper,Alger,Richmond,0.0
2026,18,Melbourne,Richmond,13338,Kye,Annand,Richmond,0.0
2026,18,Melbourne,Richmond,12686,Noah,Balta,Richmond,0.0
2026,18,Melbourne,Richmond,13078,Sam,Banks,Richmond,0.0
2026,18,Melbourne,Richmond,12456,Nathan,Broad,Richmond,0.0
2026,18,Melbourne,Richmond,13096,Tom,Brown,Richmond,0.0
2026,18,Melbourne,Richmond,13100,Seth,Campbell,Richmond,0.0
2026,18,Melbourne,Richmond,13316,Sam,Cumming,Richmond,0.0
2026,18,Melbourne,Richmond,13290,Sam,Grlj,Richmond,0.0
2026,18,Melbourne,Richmond,13253,Taj,Hotton,Richmond,0.0
2026,18,Melbourne,Richmond,13113,Mykelti,Lefau,Richmond,0.0
2026,18,Melbourne,Richmond,11948,Tom,Lynch,Richmond,0.0
2026,18,Melbourne,Richmond,12883,Rhyan,Mansell,Richmond,0.0
2026,18,Melbourne,Richmond,13117,Kane,McAuliffe,Richmond,0.0
2026,18,Melbourne,Richmond,12941,Ben,Miller,Richmond,0.0
2026,18,Melbourne,Richmond,12374,Toby,Nankervis,Richmond,0.0
2026,18,Melbourne,Richmond,13351,Zane,Peucker,Richmond,0.0
2026,18,Melbourne,Richmond,11917,Dion,Prestia,Richmond,0.0
2026,18,Melbourne,Richmond,12902,Hugo,Ralphsmith,Richmond,0.0
2026,18,Melbourne,Richmond,13313,Patrick,Retschko,Richmond,0.0
2026,18,Melbourne,Richmond,12504,Tim,Taranto,Richmond,0.04961842352485765
2026,18,Melbourne,Richmond,13095,James,Trezise,Richmond,0.0
2026,18,Melbourne,Richmond,12174,Nick,Vlastuin,Richmond,0.0
2026,18,Brisbane Lions,Essendon,12277,Charlie,Cameron,Brisbane Lions,0.0
2026,18,Brisbane Lions,Essendon,12340,Harris,Andrews,Brisbane Lions,0.0
2026,18,Brisbane Lions,Essendon,12718,Noah,Answerth,Brisbane Lions,0.0
2026,18,Brisbane Lions,Essendon,13197,Levi,Ashcroft,Brisbane Lions,0.0
2026,18,Brisbane Lions,Essendon,13040,Will,Ashcroft,Brisbane Lions,2.5621841191877275
2026,18,Brisbane Lions,Essendon,12610,Zac,Bailey,Brisbane Lions,0.44412425402874905
2026,18,Brisbane Lions,Essendon,12519,Jarrod,Berry,Brisbane Lions,0.0
2026,18,Brisbane Lions,Essendon,12810,Sam,Draper,Brisbane Lions,0.09414533242879294
2026,18,Brisbane Lions,Essendon,12408,Josh,Dunkley,Brisbane Lions,0.025462758999710837
2026,18,Brisbane Lions,Essendon,13072,Jaspa,Fletcher,Brisbane Lions,0.011895755482199878
2026,18,Brisbane Lions,Essendon,12724,Darcy,Fort,Brisbane Lions,0.0
2026,18,Brisbane Lions,Essendon,13235,Ty,Gallop,Brisbane Lions,0.020230312722159645
2026,18,Brisbane Lions,Essendon,12454,Eric,Hipwood,Brisbane Lions,0.0
2026,18,Brisbane Lions,Essendon,11894,Ryan,Lester,Brisbane Lions,0.0
2026,18,Brisbane Lions,Essendon,12968,Kai,Lohmann,Brisbane Lions,0.03252154690371919
2026,18,Brisbane Lions,Essendon,12518,Hugh,McCluggage,Brisbane Lions,0.0
2026,18,Brisbane Lions,Essendon,12391,Conor,McKenna,Brisbane Lions,0.0
2026,18,Brisbane Lions,Essendon,13137,Logan,Morris,Brisbane Lions,0.0
2026,18,Brisbane Lions,Essendon,12055,Lachie,Neale,Brisbane Lions,2.3583192219360423
2026,18,Brisbane Lions,Essendon,12592,Cam,Rayner,Brisbane Lions,0.09676503558832195
2026,18,Brisbane Lions,Essendon,13138,Bruce,Reville,Brisbane Lions,0.0
2026,18,Brisbane Lions,Essendon,13026,Darcy,Wilmot,Brisbane Lions,0.0
2026,18,Brisbane Lions,Essendon,12076,Dayne,Zorko,Brisbane Lions,0.3507819718873375
2026,18,Brisbane Lions,Essendon,13237,Lachlan,Blakiston,Essendon,0.0
2026,18,Brisbane Lions,Essendon,12899,Nick,Bryan,Essendon,0.0
2026,18,Brisbane Lions,Essendon,13148,Nate,Caddy,Essendon,0.0
2026,18,Brisbane Lions,Essendon,12755,Jye,Caldwell,Essendon,0.0
2026,18,Brisbane Lions,Essendon,13229,Angus,Clarke,Essendon,0.0
2026,18,Brisbane Lions,Essendon,13223,Archer,Day-Wicks,Essendon,0.0
2026,18,Brisbane Lions,Essendon,12925,Sam,Durham,Essendon,0.0
2026,18,Brisbane Lions,Essendon,12696,Xavier,Duursma,Essendon,0.0
2026,18,Brisbane Lions,Essendon,13299,Jacob,Farrow,Essendon,0.0
2026,18,Brisbane Lions,Essendon,12853,Harry,Jones,Essendon,0.0
2026,18,Brisbane Lions,Essendon,13177,Isaac,Kako,Essendon,0.0
2026,18,Brisbane Lions,Essendon,13282,Max,Kondogiannis,Essendon,0.0
2026,18,Brisbane Lions,Essendon,12491,Andrew,McGrath,Essendon,0.0
2026,18,Brisbane Lions,Essendon,12241,Zach,Merrett,Essendon,0.0
2026,18,Brisbane Lions,Essendon,12406,Darcy,Parish,Essendon,0.0
2026,18,Brisbane Lions,Essendon,12879,Archie,Perkins,Essendon,0.0
2026,18,Brisbane Lions,Essendon,12874,Jaxon,Prior,Essendon,0.0
2026,18,Brisbane Lions,Essendon,12437,Mason,Redman,Essendon,0.0
2026,18,Brisbane Lions,Essendon,12889,Zach,Reid,Essendon,0.0
2026,18,Brisbane Lions,Essendon,13168,Archie,Roberts,Essendon,0.0
2026,18,Brisbane Lions,Essendon,13307,Sullivan,Robey,Essendon,0.0035696908333681596
2026,18,Brisbane Lions,Essendon,13283,Dyson,Sharp,Essendon,0.0
2026,18,Brisbane Lions,Essendon,12366,Peter,Wright,Essendon,0.0
2026,19,Geelong,St Kilda,12690,Tom,Atkins,Geelong,0.044921850331518944
2026,19,Geelong,St Kilda,13062,Jhye,Clark,Geelong,0.13611855333755618
2026,19,Geelong,St Kilda,12806,Brad,Close,Geelong,0.0
2026,19,Geelong,St Kilda,11700,Patrick,Dangerfield,Geelong,0.06087433670760987
2026,19,Geelong,St Kilda,12891,Sam,De Koning,Geelong,0.0
2026,19,Geelong,St Kilda,12974,Oliver,Dempsey,Geelong,0.01665372062196157
2026,19,Geelong,St Kilda,13285,Mitchell,Edwards,Geelong,0.0
2026,19,Geelong,St Kilda,12551,Zach,Guthrie,Geelong,0.0
2026,19,Geelong,St Kilda,12607,Jack,Henry,Geelong,0.05130662063938645
2026,19,Geelong,St Kilda,12851,Oliver,Henry,Geelong,0.0
2026,19,Geelong,St Kilda,12881,Max,Holmes,Geelong,0.06432223353734959
2026,19,Geelong,St Kilda,13160,Lawson,Humphries,Geelong,0.02478209021235043
2026,19,Geelong,St Kilda,13104,Shaun,Mannagh,Geelong,0.0
2026,19,Geelong,St Kilda,12689,Gryan,Miers,Geelong,0.9392837576275278
2026,19,Geelong,St Kilda,13066,Oisin,Mullin,Geelong,0.011903629909394094
2026,19,Geelong,St Kilda,12992,Shannon,Neale,Geelong,0.0
2026,19,Geelong,St Kilda,12531,Mark,OConnor,Geelong,0.0
2026,19,Geelong,St Kilda,13122,Connor,OSullivan,Geelong,0.0
2026,19,Geelong,St Kilda,13353,Jay,Polkinghorne,Geelong,0.008120451677823388
2026,19,Geelong,St Kilda,12692,Bailey,Smith,Geelong,2.587468114202595
2026,19,Geelong,St Kilda,12505,Tom,Stewart,Geelong,0.006712623249330023
2026,19,Geelong,St Kilda,13217,Oliver,Wiltshire,Geelong,0.0
2026,19,Geelong,St Kilda,12619,James,Worpel,Geelong,0.14575813077907254
2026,19,Geelong,St Kilda,12802,Ryan,Byrnes,St Kilda,0.0
2026,19,Geelong,St Kilda,13035,Anthony,Caminiti,St Kilda,0.0
2026,19,Geelong,St Kilda,12591,Hunter,Clark,St Kilda,0.0
2026,19,Geelong,St Kilda,13125,Hugo,Garcia,St Kilda,0.133267986310991
2026,19,Geelong,St Kilda,13193,Max,Hall,St Kilda,0.0
2026,19,Geelong,St Kilda,12831,Liam,Henry,St Kilda,0.0
2026,19,Geelong,St Kilda,12609,Jack,Higgins,St Kilda,0.0
2026,19,Geelong,St Kilda,12060,Bradley,Hill,St Kilda,0.0
2026,19,Geelong,St Kilda,13331,Campbell,Lake,St Kilda,0.0
2026,19,Geelong,St Kilda,12564,Rowan,Marshall,St Kilda,1.748208823534032
2026,19,Geelong,St Kilda,13194,Liam,OConnell,St Kilda,0.0
2026,19,Geelong,St Kilda,12948,Mitch,Owens,St Kilda,0.0
2026,19,Geelong,St Kilda,13036,Mattaes,Phillipou,St Kilda,0.01604292195188497
2026,19,Geelong,St Kilda,12600,Liam,Ryan,St Kilda,0.0
2026,19,Geelong,St Kilda,12929,Cooper,Sharman,St Kilda,0.0
2026,19,Geelong,St Kilda,12458,Jack,Silvagni,St Kilda,0.0
2026,19,Geelong,St Kilda,12721,Liam,Stocker,St Kilda,0.0
2026,19,Geelong,St Kilda,13206,Tobie,Travaglia,St Kilda,0.0
2026,19,Geelong,St Kilda,12950,Nasiah,Wanganeen-Milera,St Kilda,0.004254155373992589
2026,19,Geelong,St Kilda,12703,Callum,Wilkie,St Kilda,0.0
2026,19,Geelong,St Kilda,13110,Darcy,Wilson,St Kilda,0.0
2026,19,Geelong,St Kilda,12967,Marcus,Windhager,St Kilda,0.0
2026,19,Geelong,St Kilda,12312,Mason,Wood,St Kilda,0.0
2026,19,Sydney,Adelaide,12849,Sam,Berry,Adelaide,0.05791869446975876
2026,19,Sydney,Adelaide,13086,James,Borlase,Adelaide,0.008217340190614634
2026,19,Sydney,Adelaide,12932,Brayden,Cook,Adelaide,0.017433040629431955
2026,19,Sydney,Adelaide,12629,Isaac,Cumming,Adelaide,0.007106048708346394
2026,19,Sydney,Adelaide,13132,Daniel,Curtin,Adelaide,0.02659959375402527
2026,19,Sydney,Adelaide,12516,Jordan,Dawson,Adelaide,0.17445372546593907
2026,19,Sydney,Adelaide,12584,Darcy,Fogarty,Adelaide,1.5049091321228385
2026,19,Sydney,Adelaide,13328,Hugo,Hall-Kahan,Adelaide,0.006841766284319381
2026,19,Sydney,Adelaide,12809,Mark,Keane,Adelaide,0.019019420950202225
2026,19,Sydney,Adelaide,12434,Ben,Keays,Adelaide,0.011372908365223195
2026,19,Sydney,Adelaide,13065,Lachlan,McAndrew,Adelaide,0.012342875396238415
2026,19,Sydney,Adelaide,13027,Max,Michalanney,Adelaide,0.008422858430782729
2026,19,Sydney,Adelaide,12405,Wayne,Milera,Adelaide,0.3927594213000818
2026,19,Sydney,Adelaide,13280,Toby,Murray,Adelaide,0.004916669624039452
2026,19,Sydney,Adelaide,13081,Luke,Nankervis,Adelaide,0.015056177829518342
2026,19,Sydney,Adelaide,12367,Alex,Neal-Bullen,Adelaide,0.005730873803479289
2026,19,Sydney,Adelaide,12934,James,Peatling,Adelaide,0.21009750803986268
2026,19,Sydney,Adelaide,12953,Josh,Rachele,Adelaide,0.0
2026,19,Sydney,Adelaide,12798,Izak,Rankine,Adelaide,1.1904802857118022
2026,19,Sydney,Adelaide,12952,Jake,Soligo,Adelaide,0.09708252175153655
2026,19,Sydney,Adelaide,13159,Zac,Taylor,Adelaide,0.01020715776305193
2026,19,Sydney,Adelaide,12892,Riley,Thilthorpe,Adelaide,0.05925625457169612
2026,19,Sydney,Adelaide,12912,Josh,Worrell,Adelaide,0.007079568814106188
2026,19,Sydney,Adelaide,13195,Riley,Bice,Sydney,0.00311681377164281
2026,19,Sydney,Adelaide,12699,Nick,Blakey,Sydney,0.022775123452946765
2026,19,Sydney,Adelaide,12863,Braeden,Campbell,Sydney,0.009469355210901873
2026,19,Sydney,Adelaide,12015,Harry,Cunningham,Sydney,0.0002864774271390622
2026,19,Sydney,Adelaide,12421,Charlie,Curnow,Sydney,0.0
2026,19,Sydney,Adelaide,13318,Will,Edwards,Sydney,0.01099933825248923
2026,19,Sydney,Adelaide,12217,Brodie,Grundy,Sydney,0.006493398100377587
2026,19,Sydney,Adelaide,12862,Errol,Gulden,Sydney,0.04975752002323288
2026,19,Sydney,Adelaide,12326,Isaac,Heeney,Sydney,0.17427223734566222
2026,19,Sydney,Adelaide,12860,James,Jordon,Sydney,0.005302183149127735
2026,19,Sydney,Adelaide,12268,Jake,Lloyd,Sydney,0.0
2026,19,Sydney,Adelaide,12627,Tom,McCartin,Sydney,0.0
2026,19,Sydney,Adelaide,12861,Logan,McDonald,Sydney,0.0
2026,19,Sydney,Adelaide,12745,Hayden,McLean,Sydney,0.0015607861209697236
2026,19,Sydney,Adelaide,12413,Callum,Mills,Sydney,0.003640612326867113
2026,19,Sydney,Adelaide,12412,Tom,Papley,Sydney,1.273241703899608
2026,19,Sydney,Adelaide,12140,Dane,Rampe,Sydney,0.011510725091959296
2026,19,Sydney,Adelaide,12994,Matt,Roberts,Sydney,0.008862505167752091
2026,19,Sydney,Adelaide,12903,Malcolm,Rosas,Sydney,0.004641937705689251
2026,19,Sydney,Adelaide,12714,James,Rowbottom,Sydney,0.016126980172605325
2026,19,Sydney,Adelaide,13022,Jai,Serong,Sydney,0.00718060438029112
2026,19,Sydney,Adelaide,12951,Angus,Sheldrick,Sydney,0.004020940663655501
2026,19,Sydney,Adelaide,12797,Chad,Warner,Sydney,0.5394369137650974
2026,19,Port Adelaide,Fremantle,12983,Jye,Amiss,Fremantle,1.0815939269650081
2026,19,Port Adelaide,Fremantle,12589,Andrew,Brayshaw,Fremantle,1.2051373986503602
2026,19,Port Adelaide,Fremantle,12875,Heath,Chapman,Fremantle,0.018576183645345905
2026,19,Port Adelaide,Fremantle,12688,Jordan,Clark,Fremantle,0.020123620543777358
2026,19,Port Adelaide,Fremantle,12544,Brennan,Cox,Fremantle,0.01132119614071691
2026,19,Port Adelaide,Fremantle,12428,Mason,Cox,Fremantle,0.018163448297490163
2026,19,Port Adelaide,Fremantle,13204,Isaiah,Dudley,Fremantle,0.02031987920818528
2026,19,Port Adelaide,Fremantle,12966,Neil,Erasmus,Fremantle,0.06516957898068307
2026,19,Port Adelaide,Fremantle,12801,Michael,Frederick,Fremantle,0.03405009456934508
2026,19,Port Adelaide,Fremantle,12779,Luke,Jackson,Fremantle,0.056481519663264416
2026,19,Port Adelaide,Fremantle,13047,Matthew,Johnson,Fremantle,0.05038350076782657
2026,19,Port Adelaide,Fremantle,13033,Judd,McVee,Fremantle,0.01796775389012053
2026,19,Port Adelaide,Fremantle,12960,Nathan,ODriscoll,Fremantle,0.013564195557737574
2026,19,Port Adelaide,Fremantle,12141,Jaeger,OMeara,Fremantle,0.011233067018291682
2026,19,Port Adelaide,Fremantle,12352,Alex,Pearce,Fremantle,0.024232912573274153
2026,19,Port Adelaide,Fremantle,13180,Murphy,Reid,Fremantle,0.012458025512380283
2026,19,Port Adelaide,Fremantle,12542,Luke,Ryan,Fremantle,0.031600984420872384
2026,19,Port Adelaide,Fremantle,12786,Caleb,Serong,Fremantle,1.6579900376004442
2026,19,Port Adelaide,Fremantle,12672,Sam,Switkowski,Fremantle,0.010698821475571546
2026,19,Port Adelaide,Fremantle,12887,Josh,Treacy,Fremantle,0.07457217107268431
2026,19,Port Adelaide,Fremantle,13129,Patrick,Voss,Fremantle,0.012937019926550048
2026,19,Port Adelaide,Fremantle,13075,Karl,Worner,Fremantle,0.04475185778106661
2026,19,Port Adelaide,Fremantle,12777,Hayden,Young,Fremantle,0.06133530808786559
2026,19,Port Adelaide,Fremantle,12433,Aliir,Aliir,Port Adelaide,0.04584059408210752
2026,19,Port Adelaide,Fremantle,13337,Xavier,Bamert,Port Adelaide,0.006377391430663843
2026,19,Port Adelaide,Fremantle,12867,Miles,Bergman,Port Adelaide,0.011499220772325508
2026,19,Port Adelaide,Fremantle,13188,Joe,Berry,Port Adelaide,0.0025802320566920504
2026,19,Port Adelaide,Fremantle,13007,Jase,Burgoyne,Port Adelaide,0.13048969509971037
2026,19,Port Adelaide,Fremantle,12422,Darcy,Byrne-Jones,Port Adelaide,0.0
2026,19,Port Adelaide,Fremantle,12695,Willem,Drew,Port Adelaide,0.02031982800418016
2026,19,Port Adelaide,Fremantle,12936,Corey,Durdin,Port Adelaide,0.008182397544670839
2026,19,Port Adelaide,Fremantle,13156,Logan,Evans,Port Adelaide,0.005418013706372455
2026,19,Port Adelaide,Fremantle,12882,Lachie,Jones,Port Adelaide,0.012638412954542428
2026,19,Port Adelaide,Fremantle,13301,Josh,Lai,Port Adelaide,0.010492661217154942
2026,19,Port Adelaide,Fremantle,12575,Todd,Marshall,Port Adelaide,0.0044626624398501295
2026,19,Port Adelaide,Fremantle,12946,Jackson,Mead,Port Adelaide,0.00456659506328585
2026,19,Port Adelaide,Fremantle,13199,Christian,Moraes,Port Adelaide,0.006215057890225051
2026,19,Port Adelaide,Fremantle,13354,Balyn,OBrien,Port Adelaide,0.00877689661622757
2026,19,Port Adelaide,Fremantle,13139,Joe,Richards,Port Adelaide,0.9631256704973135
2026,19,Port Adelaide,Fremantle,12890,Jordon,Sweet,Port Adelaide,0.0031865729559187542
2026,19,Port Adelaide,Fremantle,13073,Dante,Visentini,Port Adelaide,0.008464446197527726
2026,19,Port Adelaide,Fremantle,12991,Jacob,Wehr,Port Adelaide,0.005243893134141692
2026,19,Port Adelaide,Fremantle,13259,Jack,Whitlock,Port Adelaide,0.009168884233959585
2026,19,Port Adelaide,Fremantle,12150,Ollie,Wines,Port Adelaide,0.16644241861464804
2026,19,Port Adelaide,Fremantle,13305,Mitch,Zadow,Port Adelaide,0.0
2026,19,Port Adelaide,Fremantle,12757,Brandon,Zerk-Thatcher,Port Adelaide,0.01184595313111827
2026,19,North Melbourne,Melbourne,12931,Jake,Bowey,Melbourne,0.18861858257794198
2026,19,North Melbourne,Melbourne,12756,Kade,Chandler,Melbourne,0.00674599381951433
2026,19,North Melbourne,Melbourne,13335,Joel,Fitzgerald,Melbourne,0.008845404871796615
2026,19,North Melbourne,Melbourne,12598,Bayley,Fritsch,Melbourne,0.005954631708737869
2026,19,North Melbourne,Melbourne,11966,Max,Gawn,Melbourne,0.2581734382548842
2026,19,North Melbourne,Melbourne,13254,Max,Heath,Melbourne,0.009785667092341611
2026,19,North Melbourne,Melbourne,13098,Blake,Howes,Melbourne,0.011870672082398316
2026,19,North Melbourne,Melbourne,13182,Matthew,Jefferson,Melbourne,0.5168441905712072
2026,19,North Melbourne,Melbourne,12752,Changkuoth,Jiath,Melbourne,0.01147200245773234
2026,19,North Melbourne,Melbourne,12393,Ed,Langdon,Melbourne,0.012029279613714257
2026,19,North Melbourne,Melbourne,13184,Harvey,Langford,Melbourne,0.05067197868316838
2026,19,North Melbourne,Melbourne,12351,Jake,Lever,Melbourne,0.014189147609147336
2026,19,North Melbourne,Melbourne,11820,Jake,Melksham,Melbourne,0.01171562416738315
2026,19,North Melbourne,Melbourne,12771,Kysaiah,Pickett,Melbourne,1.2984930858014827
2026,19,North Melbourne,Melbourne,13286,Latrelle,Pickett,Melbourne,0.018981421148257897
2026,19,North Melbourne,Melbourne,12778,Trent,Rivers,Melbourne,0.07945270249371122
2026,19,North Melbourne,Melbourne,12864,Harry,Sharp,Melbourne,0.014590329113009844
2026,19,North Melbourne,Melbourne,12693,Tom,Sparrow,Melbourne,2.2060454381903867
2026,19,North Melbourne,Melbourne,12368,Jack,Steele,Melbourne,0.09324443827921239
2026,19,North Melbourne,Melbourne,13123,Koltyn,Tholstrup,Melbourne,0.08041934279039761
2026,19,North Melbourne,Melbourne,12996,Daniel,Turner,Melbourne,0.010505263393543358
2026,19,North Melbourne,Melbourne,13048,Jacob,van Rooyen,Melbourne,0.018891602313577414
2026,19,North Melbourne,Melbourne,13099,Caleb,Windsor,Melbourne,0.03774702735197775
2026,19,North Melbourne,Melbourne,12938,Charlie,Comben,North Melbourne,0.02274516053169747
2026,19,North Melbourne,Melbourne,12181,Aidan,Corr,North Melbourne,0.008700744073754242
2026,19,North Melbourne,Melbourne,12975,Paul,Curtis,North Melbourne,0.015239509999524316
2026,19,North Melbourne,Melbourne,12373,Caleb,Daniel,North Melbourne,0.007899141681317008
2026,19,North Melbourne,Melbourne,11905,Jack,Darling,North Melbourne,0.0
2026,19,North Melbourne,Melbourne,12590,Luke,Davies-Uniacke,North Melbourne,0.18297822063699126
2026,19,North Melbourne,Melbourne,13025,Josh,Goater,North Melbourne,0.009720917101525207
2026,19,North Melbourne,Melbourne,13130,Riley,Hardeman,North Melbourne,0.006717956287321532
2026,19,North Melbourne,Melbourne,13077,Cooper,Harvey,North Melbourne,0.022772373896122917
2026,19,North Melbourne,Melbourne,12563,Nick,Larkey,North Melbourne,0.003465661925268433
2026,19,North Melbourne,Melbourne,12246,Luke,McDonald,North Melbourne,0.004677570915351488
2026,19,North Melbourne,Melbourne,13107,Colby,McKercher,North Melbourne,0.014388432368639854
2026,19,North Melbourne,Melbourne,13187,Finn,OSullivan,North Melbourne,0.03463091425422787
2026,19,North Melbourne,Melbourne,11953,Luke,Parker,North Melbourne,0.0
2026,19,North Melbourne,Melbourne,12701,Bailey,Scott,North Melbourne,0.008009818753659671
2026,19,North Melbourne,Melbourne,13034,Harry,Sheezel,North Melbourne,0.4947662520283231
2026,19,North Melbourne,Melbourne,12502,Jy,Simpkin,North Melbourne,0.023317522226726194
2026,19,North Melbourne,Melbourne,12622,Charlie,Spargo,North Melbourne,0.015392177480238363
2026,19,North Melbourne,Melbourne,12796,Dylan,Stephens,North Melbourne,0.007437269949723803
2026,19,North Melbourne,Melbourne,13263,Cooper,Trembath,North Melbourne,0.011454254049843605
2026,19,North Melbourne,Melbourne,13208,Matt,Whitlock,North Melbourne,0.007333124357356426
2026,19,North Melbourne,Melbourne,12788,Tristan,Xerri,North Melbourne,0.12594205672062095
2026,19,North Melbourne,Melbourne,12557,Cameron,Zurhaar,North Melbourne,0.007123656368713989
2026,19,West Coast,Brisbane Lions,12277,Charlie,Cameron,Brisbane Lions,0.0
2026,19,West Coast,Brisbane Lions,12340,Harris,Andrews,Brisbane Lions,1.2882891357957573
2026,19,West Coast,Brisbane Lions,12718,Noah,Answerth,Brisbane Lions,0.0
2026,19,West Coast,Brisbane Lions,13197,Levi,Ashcroft,Brisbane Lions,0.0
2026,19,West Coast,Brisbane Lions,13040,Will,Ashcroft,Brisbane Lions,1.3349710116045534
2026,19,West Coast,Brisbane Lions,12610,Zac,Bailey,Brisbane Lions,0.15843510585166537
2026,19,West Coast,Brisbane Lions,12519,Jarrod,Berry,Brisbane Lions,0.0
2026,19,West Coast,Brisbane Lions,12810,Sam,Draper,Brisbane Lions,0.0
2026,19,West Coast,Brisbane Lions,12408,Josh,Dunkley,Brisbane Lions,0.5794416432288433
2026,19,West Coast,Brisbane Lions,13072,Jaspa,Fletcher,Brisbane Lions,0.0
2026,19,West Coast,Brisbane Lions,12724,Darcy,Fort,Brisbane Lions,0.0
2026,19,West Coast,Brisbane Lions,13235,Ty,Gallop,Brisbane Lions,0.0
2026,19,West Coast,Brisbane Lions,12454,Eric,Hipwood,Brisbane Lions,0.0
2026,19,West Coast,Brisbane Lions,11894,Ryan,Lester,Brisbane Lions,0.0
2026,19,West Coast,Brisbane Lions,12968,Kai,Lohmann,Brisbane Lions,1.2231714096346507
2026,19,West Coast,Brisbane Lions,12518,Hugh,McCluggage,Brisbane Lions,0.0
2026,19,West Coast,Brisbane Lions,12391,Conor,McKenna,Brisbane Lions,0.0
2026,19,West Coast,Brisbane Lions,13137,Logan,Morris,Brisbane Lions,0.0
2026,19,West Coast,Brisbane Lions,12055,Lachie,Neale,Brisbane Lions,1.0861007022328208
2026,19,West Coast,Brisbane Lions,12592,Cam,Rayner,Brisbane Lions,0.0
2026,19,West Coast,Brisbane Lions,13005,James,Tunstill,Brisbane Lions,0.0
2026,19,West Coast,Brisbane Lions,13026,Darcy,Wilmot,Brisbane Lions,0.0
2026,19,West Coast,Brisbane Lions,12076,Dayne,Zorko,Brisbane Lions,0.0
2026,19,West Coast,Brisbane Lions,12576,Jack,Graham,West Coast,0.0
2026,19,West Coast,Brisbane Lions,12962,Jack,Williams,West Coast,0.0
2026,19,West Coast,Brisbane Lions,13221,Bo,Allan,West Coast,0.0
2026,19,West Coast,Brisbane Lions,12661,Liam,Baker,West Coast,0.0
2026,19,West Coast,Brisbane Lions,13000,Rhett,Bazzo,West Coast,0.0
2026,19,West Coast,Brisbane Lions,12446,Tom,Cole,West Coast,0.0
2026,19,West Coast,Brisbane Lions,13210,Hamish,Davis,West Coast,0.0
2026,19,West Coast,Brisbane Lions,12334,Liam,Duggan,West Coast,0.0
2026,19,West Coast,Brisbane Lions,13292,Willem,Duursma,West Coast,0.0
2026,19,West Coast,Brisbane Lions,13345,Oliver,Francou,West Coast,0.0
2026,19,West Coast,Brisbane Lions,13339,Marcus,Herbert,West Coast,0.0
2026,19,West Coast,Brisbane Lions,12957,Brady,Hough,West Coast,0.0
2026,19,West Coast,Brisbane Lions,13151,Jack,Hutchinson,West Coast,0.0
2026,19,West Coast,Brisbane Lions,12595,Tim,Kelly,West Coast,0.0
2026,19,West Coast,Brisbane Lions,13240,Tom,McCarthy,West Coast,0.0
2026,19,West Coast,Brisbane Lions,13294,Milan,Murdock,West Coast,0.0
2026,19,West Coast,Brisbane Lions,13111,Harley,Reid,West Coast,0.14521956198670277
2026,19,West Coast,Brisbane Lions,13247,Jobe,Shanahan,West Coast,0.0
2026,19,West Coast,Brisbane Lions,12668,Brandon,Starcevich,West Coast,0.0
2026,19,West Coast,Brisbane Lions,12601,Jake,Waterman,West Coast,0.18437142966507009
2026,19,West Coast,Brisbane Lions,12836,Bailey,Williams,West Coast,0.0
2026,19,West Coast,Brisbane Lions,12087,Elliot,Yeo,West Coast,0.0
2026,19,West Coast,Brisbane Lions,13043,Tylar,Young,West Coast,0.0
2026,19,Collingwood,Carlton,13365,Billy,Wilson,Carlton,0.0
2026,19,Collingwood,Carlton,12276,Blake,Acres,Carlton,0.0
2026,19,Collingwood,Carlton,12498,Ben,Ainsworth,Carlton,0.0058949968855919925
2026,19,Collingwood,Carlton,13297,Talor,Byrne,Carlton,0.0
2026,19,Collingwood,Carlton,12603,Adam,Cerra,Carlton,0.0
2026,19,Collingwood,Carlton,12822,Matthew,Cottrell,Carlton,0.0
2026,19,Collingwood,Carlton,13028,Lachlan,Cowan,Carlton,0.0006464345038082646
2026,19,Collingwood,Carlton,12261,Patrick,Cripps,Carlton,1.7898913751912338
2026,19,Collingwood,Carlton,13273,Harry,Dean,Carlton,0.005550259298642686
2026,19,Collingwood,Carlton,13303,Wade,Derksen,Carlton,0.0007649761298485673
2026,19,Collingwood,Carlton,12873,Francis,Evans,Carlton,0.0
2026,19,Collingwood,Carlton,12497,Oliver,Florent,Carlton,0.011458983246620594
2026,19,Collingwood,Carlton,12091,Nick,Haynes,Carlton,0.01273202356577659
2026,19,Collingwood,Carlton,12509,Will,Hayward,Carlton,0.0
2026,19,Collingwood,Carlton,12411,George,Hewett,Carlton,0.04327024466739534
2026,19,Collingwood,Carlton,12937,Brodie,Kemp,Carlton,0.0
2026,19,Collingwood,Carlton,13170,Cooper,Lord,Carlton,0.0
2026,19,Collingwood,Carlton,12404,Mitch,McGovern,Carlton,0.0
2026,19,Collingwood,Carlton,12566,Harry,McKay,Carlton,0.005307149023953979
2026,19,Collingwood,Carlton,12508,Nic,Newman,Carlton,0.0
2026,19,Collingwood,Carlton,13172,Liam,Reidy,Carlton,0.009448456351210045
2026,19,Collingwood,Carlton,13274,Jagga,Smith,Carlton,0.26312977485906947
2026,19,Collingwood,Carlton,12684,Sam,Walsh,Carlton,0.17512991708176243
2026,19,Collingwood,Carlton,13146,Edward,Allan,Collingwood,0.03448452390358559
2026,19,Collingwood,Carlton,13306,Angus,Anderson,Collingwood,0.0007225877676913699
2026,19,Collingwood,Carlton,12660,Darcy,Cameron,Collingwood,0.46141977777637105
2026,19,Collingwood,Carlton,12061,Jack,Crisp,Collingwood,0.0
2026,19,Collingwood,Carlton,12573,Josh,Daicos,Collingwood,0.01297150273108236
2026,19,Collingwood,Carlton,12943,Nick,Daicos,Collingwood,2.341344321372167
2026,19,Collingwood,Carlton,12318,Jordan,de Goey,Collingwood,0.12170838352706918
2026,19,Collingwood,Carlton,12676,Billy,Frampton,Collingwood,0.0058463449544013295
2026,19,Collingwood,Carlton,13068,Harvey,Harrison,Collingwood,0.0
2026,19,Collingwood,Carlton,12495,Dan,Houston,Collingwood,0.40746677855191304
2026,19,Collingwood,Carlton,12578,Patrick,Lipinski,Collingwood,0.0014784551876432976
2026,19,Collingwood,Carlton,13023,Ned,Long,Collingwood,0.10321292427760727
2026,19,Collingwood,Carlton,12371,Brayden,Maynard,Collingwood,0.0
2026,19,Collingwood,Carlton,12876,Beau,McCreery,Collingwood,0.011063831766211955
2026,19,Collingwood,Carlton,12291,Daniel,McStay,Collingwood,0.0027931064344647776
2026,19,Collingwood,Carlton,12300,Tim,Membrey,Collingwood,0.12717956426884822
2026,19,Collingwood,Carlton,4182,Scott,Pendlebury,Collingwood,0.032900922705976436
2026,19,Collingwood,Carlton,12536,Harry,Perryman,Collingwood,0.0
2026,19,Collingwood,Carlton,13342,Liam,Puncher,Collingwood,0.0023816866245267203
2026,19,Collingwood,Carlton,12740,Isaac,Quaynor,Collingwood,0.0
2026,19,Collingwood,Carlton,11751,Steele,Sidebottom,Collingwood,0.000244404727394139
2026,19,Collingwood,Carlton,13340,Sam,Swadling,Collingwood,0.0
2026,19,Collingwood,Carlton,13246,Charlie,West,Collingwood,0.009556292619330806
2026,19,Richmond,Hawthorn,12383,Tom,Barrass,Hawthorn,0.0
2026,19,Richmond,Hawthorn,12558,Josh,Battle,Hawthorn,0.01972572362447969
2026,19,Richmond,Hawthorn,12485,Mabior,Chol,Hawthorn,0.0
2026,19,Richmond,Hawthorn,12998,Massimo,DAmbrosio,Hawthorn,0.0
2026,19,Richmond,Hawthorn,12927,Jack,Ginnivan,Hawthorn,0.0
2026,19,Richmond,Hawthorn,13350,Ollie,Greeves,Hawthorn,0.0
2026,19,Richmond,Hawthorn,11845,Jack,Gunston,Hawthorn,0.0
2026,19,Richmond,Hawthorn,12469,Blake,Hardwick,Hawthorn,0.0
2026,19,Richmond,Hawthorn,12237,Jarman,Impey,Hawthorn,1.7802563556239335
2026,19,Richmond,Hawthorn,12636,Mitch,Lewis,Hawthorn,1.4759009251824593
2026,19,Richmond,Hawthorn,13069,Bailey,Macdonald,Hawthorn,0.0
2026,19,Richmond,Hawthorn,12954,Connor,Macdonald,Hawthorn,1.2130042414197448
2026,19,Richmond,Hawthorn,13031,Cam,Mackenzie,Hawthorn,0.0
2026,19,Richmond,Hawthorn,13311,Will,McCabe,Hawthorn,0.0
2026,19,Richmond,Hawthorn,12856,Lloyd,Meek,Hawthorn,0.0
2026,19,Richmond,Hawthorn,12710,Dylan,Moore,Hawthorn,0.0
2026,19,Richmond,Hawthorn,12579,Harry,Morrison,Hawthorn,0.0
2026,19,Richmond,Hawthorn,13344,Noah,Mraz,Hawthorn,0.0
2026,19,Richmond,Hawthorn,12915,Jai,Newcombe,Hawthorn,0.16710830103448027
2026,19,Richmond,Hawthorn,12332,James,Sicily,Hawthorn,0.0748075778688844
2026,19,Richmond,Hawthorn,12955,Josh,Ward,Hawthorn,0.0
2026,19,Richmond,Hawthorn,13105,Nick,Watson,Hawthorn,1.2183903733202812
2026,19,Richmond,Hawthorn,13057,Josh,Weddle,Hawthorn,0.0
2026,19,Richmond,Hawthorn,13338,Kye,Annand,Richmond,0.0
2026,19,Richmond,Hawthorn,12686,Noah,Balta,Richmond,0.0
2026,19,Richmond,Hawthorn,13078,Sam,Banks,Richmond,0.0
2026,19,Richmond,Hawthorn,12456,Nathan,Broad,Richmond,0.0
2026,19,Richmond,Hawthorn,13096,Tom,Brown,Richmond,0.0
2026,19,Richmond,Hawthorn,13100,Seth,Campbell,Richmond,0.0
2026,19,Richmond,Hawthorn,13316,Sam,Cumming,Richmond,0.0
2026,19,Richmond,Hawthorn,13145,Steely,Green,Richmond,0.0
2026,19,Richmond,Hawthorn,13290,Sam,Grlj,Richmond,0.0
2026,19,Richmond,Hawthorn,13253,Taj,Hotton,Richmond,0.0
2026,19,Richmond,Hawthorn,13190,Sam,Lalor,Richmond,0.0
2026,19,Richmond,Hawthorn,13113,Mykelti,Lefau,Richmond,0.0
2026,19,Richmond,Hawthorn,11948,Tom,Lynch,Richmond,0.0
2026,19,Richmond,Hawthorn,12883,Rhyan,Mansell,Richmond,0.0
2026,19,Richmond,Hawthorn,13117,Kane,McAuliffe,Richmond,0.0
2026,19,Richmond,Hawthorn,12374,Toby,Nankervis,Richmond,0.0
2026,19,Richmond,Hawthorn,11917,Dion,Prestia,Richmond,0.0
2026,19,Richmond,Hawthorn,12902,Hugo,Ralphsmith,Richmond,0.0
2026,19,Richmond,Hawthorn,13313,Patrick,Retschko,Richmond,0.0
2026,19,Richmond,Hawthorn,12418,Jayden,Short,Richmond,0.0
2026,19,Richmond,Hawthorn,12504,Tim,Taranto,Richmond,0.050806501925099126
2026,19,Richmond,Hawthorn,13095,James,Trezise,Richmond,0.0
2026,19,Richmond,Hawthorn,12174,Nick,Vlastuin,Richmond,0.0
2026,19,Gold Coast,Western Bulldogs,13251,Oscar,Adams,Gold Coast,0.0011660644128853302
2026,19,Gold Coast,Western Bulldogs,13341,Beau,Addinsall,Gold Coast,0.000253745685136668
2026,19,Gold Coast,Western Bulldogs,12767,Noah,Anderson,Gold Coast,0.03114473936968741
2026,19,Gold Coast,Western Bulldogs,13019,Mac,Andrew,Gold Coast,0.014873153668818013
2026,19,Gold Coast,Western Bulldogs,12444,Sam,Collins,Gold Coast,0.027621049488537094
2026,19,Gold Coast,Western Bulldogs,13049,Bailey,Humphrey,Gold Coast,0.0
2026,19,Gold Coast,Western Bulldogs,12933,Joel,Jeffrey,Gold Coast,0.010088757352509024
2026,19,Gold Coast,Western Bulldogs,12728,Ben,King,Gold Coast,0.007585169114847022
2026,19,Gold Coast,Western Bulldogs,13355,Caleb,Lewis,Gold Coast,0.0
2026,19,Gold Coast,Western Bulldogs,13232,Leo,Lombard,Gold Coast,0.0
2026,19,Gold Coast,Western Bulldogs,12521,Ben,Long,Gold Coast,0.0029353860147403863
2026,19,Gold Coast,Western Bulldogs,12331,Touk,Miller,Gold Coast,0.9121958433024885
2026,19,Gold Coast,Western Bulldogs,13050,Ned,Moyle,Gold Coast,0.03957789136573173
2026,19,Gold Coast,Western Bulldogs,13332,Jai,Murray,Gold Coast,0.0026116920980694667
2026,19,Gold Coast,Western Bulldogs,12743,John,Noble,Gold Coast,0.02932949215633944
2026,19,Gold Coast,Western Bulldogs,13346,Dylan,Patterson,Gold Coast,0.004194234360148956
2026,19,Gold Coast,Western Bulldogs,12430,Christian,Petracca,Gold Coast,0.12554160833393008
2026,19,Gold Coast,Western Bulldogs,12652,Wil,Powell,Gold Coast,0.03816884199479424
2026,19,Gold Coast,Western Bulldogs,12403,Daniel,Rioli,Gold Coast,0.000647499297755648
2026,19,Gold Coast,Western Bulldogs,12768,Matt,Rowell,Gold Coast,0.8255237391347624
2026,19,Gold Coast,Western Bulldogs,13041,Bodhi,Uwland,Gold Coast,0.007744763669147307
2026,19,Gold Coast,Western Bulldogs,13278,Zeke,Uwland,Gold Coast,0.01964186086299896
2026,19,Gold Coast,Western Bulldogs,13114,Jed,Walter,Gold Coast,0.0015553352934487828
2026,19,Gold Coast,Western Bulldogs,12269,Marcus,Bontempelli,Western Bulldogs,2.6549772013849853
2026,19,Gold Coast,Western Bulldogs,12916,Lachlan,Bramble,Western Bulldogs,0.00012025844803470334
2026,19,Gold Coast,Western Bulldogs,13216,Jedd,Busslinger,Western Bulldogs,0.014023824892703816
2026,19,Gold Coast,Western Bulldogs,12608,Nick,Coffield,Western Bulldogs,0.0
2026,19,Gold Coast,Western Bulldogs,13265,Jordan,Croft,Western Bulldogs,0.0044752353826939244
2026,19,Gold Coast,Western Bulldogs,13178,Sam,Davidson,Western Bulldogs,0.001276528349952759
2026,19,Gold Coast,Western Bulldogs,13179,Josh,Dolan,Western Bulldogs,0.002941340304706884
2026,19,Gold Coast,Western Bulldogs,12537,Tim,English,Western Bulldogs,0.10546727731757977
2026,19,Gold Coast,Western Bulldogs,13140,Joel,Freijah,Western Bulldogs,0.04655438870824451
2026,19,Gold Coast,Western Bulldogs,13213,Cooper,Hynes,Western Bulldogs,0.004625866437298952
2026,19,Gold Coast,Western Bulldogs,13046,Arthur,Jones,Western Bulldogs,0.006593894876433247
2026,19,Gold Coast,Western Bulldogs,12455,Matthew,Kennedy,Western Bulldogs,0.2966644308477683
2026,19,Gold Coast,Western Bulldogs,12900,Buku,Khamis,Western Bulldogs,0.010535711429072918
2026,19,Gold Coast,Western Bulldogs,12282,Rory,Lobb,Western Bulldogs,0.0020983477271787052
2026,19,Gold Coast,Western Bulldogs,12854,Lachlan,McNeil,Western Bulldogs,0.001630460309175573
2026,19,Gold Coast,Western Bulldogs,12594,Aaron,Naughton,Western Bulldogs,0.006062399425285884
2026,19,Gold Coast,Western Bulldogs,13061,James,ODonnell,Western Bulldogs,0.004569456578596835
2026,19,Gold Coast,Western Bulldogs,12605,Ed,Richards,Western Bulldogs,0.06554294603771214
2026,19,Gold Coast,Western Bulldogs,13103,Ryley,Sanders,Western Bulldogs,0.03214049794978639
2026,19,Gold Coast,Western Bulldogs,13276,Michael,Sellwood,Western Bulldogs,0.0075186399595372055
2026,19,Gold Coast,Western Bulldogs,12800,Cody,Weightman,Western Bulldogs,0.008051638489632
2026,19,Gold Coast,Western Bulldogs,12748,Rhylee,West,Western Bulldogs,0.008368329811022241
2026,19,Gold Coast,Western Bulldogs,12441,Bailey,Williams,Western Bulldogs,0.6133604583569048
2026,19,Essendon,Greater Western Sydney,13352,Jaxon,Artemis,Essendon,0.012315797116020528
2026,19,Essendon,Greater Western Sydney,12899,Nick,Bryan,Essendon,0.9001589686276118
2026,19,Essendon,Greater Western Sydney,13148,Nate,Caddy,Essendon,0.011968415626715257
2026,19,Essendon,Greater Western Sydney,12755,Jye,Caldwell,Essendon,0.014286315811155316
2026,19,Essendon,Greater Western Sydney,13229,Angus,Clarke,Essendon,0.011486746658372305
2026,19,Essendon,Greater Western Sydney,13223,Archer,Day-Wicks,Essendon,0.006505946521106627
2026,19,Essendon,Greater Western Sydney,12925,Sam,Durham,Essendon,1.1668059263204493
2026,19,Essendon,Greater Western Sydney,12696,Xavier,Duursma,Essendon,0.009859810464622821
2026,19,Essendon,Greater Western Sydney,13281,Hussien,El Achkar,Essendon,0.01358091878310176
2026,19,Essendon,Greater Western Sydney,13299,Jacob,Farrow,Essendon,0.13774583734904922
2026,19,Essendon,Greater Western Sydney,13177,Isaac,Kako,Essendon,0.007748568363471027
2026,19,Essendon,Greater Western Sydney,13282,Max,Kondogiannis,Essendon,0.007306567282695671
2026,19,Essendon,Greater Western Sydney,12349,Kyle,Langford,Essendon,0.007302307840757317
2026,19,Essendon,Greater Western Sydney,12491,Andrew,McGrath,Essendon,0.009893270332723038
2026,19,Essendon,Greater Western Sydney,12241,Zach,Merrett,Essendon,2.0823546175242065
2026,19,Essendon,Greater Western Sydney,12874,Jaxon,Prior,Essendon,0.029773443573053865
2026,19,Essendon,Greater Western Sydney,12437,Mason,Redman,Essendon,0.07864838138142145
2026,19,Essendon,Greater Western Sydney,12889,Zach,Reid,Essendon,0.01860265280366502
2026,19,Essendon,Greater Western Sydney,12631,Jordan,Ridley,Essendon,0.01635985134489497
2026,19,Essendon,Greater Western Sydney,13168,Archie,Roberts,Essendon,0.16758165250911602
2026,19,Essendon,Greater Western Sydney,13307,Sullivan,Robey,Essendon,0.054446208112880506
2026,19,Essendon,Greater Western Sydney,13283,Dyson,Sharp,Essendon,0.18588369143470843
2026,19,Essendon,Greater Western Sydney,12366,Peter,Wright,Essendon,0.024727522378624106
2026,19,Essendon,Greater Western Sydney,13001,Ryan,Angwin,Greater Western Sydney,0.02992484391855986
2026,19,Essendon,Greater Western Sydney,12782,Lachie,Ash,Greater Western Sydney,0.04658089473798355
2026,19,Essendon,Greater Western Sydney,12772,Toby,Bedford,Greater Western Sydney,0.010031780428584975
2026,19,Essendon,Greater Western Sydney,12910,Callum,Brown,Greater Western Sydney,0.03238445137534382
2026,19,Essendon,Greater Western Sydney,13054,Aaron,Cadman,Greater Western Sydney,0.008748676926222816
2026,19,Essendon,Greater Western Sydney,12969,Finn,Callaghan,Greater Western Sydney,0.3472094893137264
2026,19,Essendon,Greater Western Sydney,12028,Stephen,Coniglio,Greater Western Sydney,0.012344172242846103
2026,19,Essendon,Greater Western Sydney,13164,Joe,Fonti,Greater Western Sydney,0.014368350321526528
2026,19,Essendon,Greater Western Sydney,12025,Toby,Greene,Greater Western Sydney,0.05533089200516683
2026,19,Essendon,Greater Western Sydney,13158,Max,Gruzewski,Greater Western Sydney,0.0077552226720997
2026,19,Essendon,Greater Western Sydney,13347,Riley,Hamilton,Greater Western Sydney,0.006583435410131079
2026,19,Essendon,Greater Western Sydney,12462,Harry,Himmelberg,Greater Western Sydney,0.011074428121160202
2026,19,Essendon,Greater Western Sydney,12750,Connor,Idun,Greater Western Sydney,0.07207177503865057
2026,19,Essendon,Greater Western Sydney,12377,Jayden,Laverde,Greater Western Sydney,0.014244993339394161
2026,19,Essendon,Greater Western Sydney,13236,Nick,Madden,Greater Western Sydney,0.010051848667419134
2026,19,Essendon,Greater Western Sydney,12821,Xavier,OHalloran,Greater Western Sydney,0.005231199549612859
2026,19,Essendon,Greater Western Sydney,12410,Clayton,Oliver,Greater Western Sydney,0.24513982461829614
2026,19,Essendon,Greater Western Sydney,13348,Jack,Ough,Greater Western Sydney,0.044597666097502625
2026,19,Essendon,Greater Western Sydney,13045,Harry,Rowston,Greater Western Sydney,0.010836197659110825
2026,19,Essendon,Greater Western Sydney,12886,Conor,Stone,Greater Western Sydney,0.010165773159539466
2026,19,Essendon,Greater Western Sydney,12167,Jake,Stringer,Greater Western Sydney,0.0
2026,19,Essendon,Greater Western Sydney,12644,Sam,Taylor,Greater Western Sydney,0.017331044186279426
2026,19,Essendon,Greater Western Sydney,12143,Lachie,Whitfield,Greater Western Sydney,0.01264962206070412
2026,20,Adelaide,Collingwood,12849,Sam,Berry,Adelaide,0.16854155810346955
2026,20,Adelaide,Collingwood,13086,James,Borlase,Adelaide,0.025430237105141952
2026,20,Adelaide,Collingwood,12629,Isaac,Cumming,Adelaide,0.017750400699627862
2026,20,Adelaide,Collingwood,13132,Daniel,Curtin,Adelaide,0.018109027813936064
2026,20,Adelaide,Collingwood,12516,Jordan,Dawson,Adelaide,0.07417055574091316
2026,20,Adelaide,Collingwood,13328,Hugo,Hall-Kahan,Adelaide,0.021568511519975138
2026,20,Adelaide,Collingwood,12434,Ben,Keays,Adelaide,0.011039762280835731
2026,20,Adelaide,Collingwood,13219,Finnbar,Maley,Adelaide,0.020737517041863586
2026,20,Adelaide,Collingwood,13065,Lachlan,McAndrew,Adelaide,0.0
2026,20,Adelaide,Collingwood,13027,Max,Michalanney,Adelaide,0.023069245381957294
2026,20,Adelaide,Collingwood,12405,Wayne,Milera,Adelaide,0.03397122681118562
2026,20,Adelaide,Collingwood,12872,Nick,Murray,Adelaide,0.027176778746613707
2026,20,Adelaide,Collingwood,13280,Toby,Murray,Adelaide,0.022913596426072137
2026,20,Adelaide,Collingwood,13081,Luke,Nankervis,Adelaide,0.021124788060368806
2026,20,Adelaide,Collingwood,12367,Alex,Neal-Bullen,Adelaide,0.014343842886541565
2026,20,Adelaide,Collingwood,12934,James,Peatling,Adelaide,0.02075224224303935
2026,20,Adelaide,Collingwood,12953,Josh,Rachele,Adelaide,0.020693840219564642
2026,20,Adelaide,Collingwood,12798,Izak,Rankine,Adelaide,0.037066671864722726
2026,20,Adelaide,Collingwood,12952,Jake,Soligo,Adelaide,0.020258342766046884
2026,20,Adelaide,Collingwood,13159,Zac,Taylor,Adelaide,0.019377026929993497
2026,20,Adelaide,Collingwood,12892,Riley,Thilthorpe,Adelaide,0.024439932450433667
2026,20,Adelaide,Collingwood,11713,Taylor,Walker,Adelaide,0.018723661177955826
2026,20,Adelaide,Collingwood,12912,Josh,Worrell,Adelaide,0.03292624239511736
2026,20,Adelaide,Collingwood,13146,Edward,Allan,Collingwood,0.1085688226362369
2026,20,Adelaide,Collingwood,13306,Angus,Anderson,Collingwood,0.022755599840700726
2026,20,Adelaide,Collingwood,12660,Darcy,Cameron,Collingwood,0.8990105623792269
2026,20,Adelaide,Collingwood,12061,Jack,Crisp,Collingwood,0.08030742366492069
2026,20,Adelaide,Collingwood,12573,Josh,Daicos,Collingwood,0.03373119771595919
2026,20,Adelaide,Collingwood,12943,Nick,Daicos,Collingwood,2.65214125617421
2026,20,Adelaide,Collingwood,12318,Jordan,de Goey,Collingwood,0.07876651986380312
2026,20,Adelaide,Collingwood,12676,Billy,Frampton,Collingwood,0.03369642178791841
2026,20,Adelaide,Collingwood,13068,Harvey,Harrison,Collingwood,0.02084347104060936
2026,20,Adelaide,Collingwood,12495,Dan,Houston,Collingwood,0.021833638753070213
2026,20,Adelaide,Collingwood,11967,Jeremy,Howe,Collingwood,0.027472018988522563
2026,20,Adelaide,Collingwood,12578,Patrick,Lipinski,Collingwood,0.02990442506393646
2026,20,Adelaide,Collingwood,13023,Ned,Long,Collingwood,0.05399874800679907
2026,20,Adelaide,Collingwood,12371,Brayden,Maynard,Collingwood,0.024362220453631213
2026,20,Adelaide,Collingwood,12876,Beau,McCreery,Collingwood,0.02161297376683769
2026,20,Adelaide,Collingwood,12291,Daniel,McStay,Collingwood,0.4038742900147177
2026,20,Adelaide,Collingwood,12300,Tim,Membrey,Collingwood,0.05426449761349187
2026,20,Adelaide,Collingwood,4182,Scott,Pendlebury,Collingwood,0.45478008507782064
2026,20,Adelaide,Collingwood,12536,Harry,Perryman,Collingwood,0.029440275639515352
2026,20,Adelaide,Collingwood,13342,Liam,Puncher,Collingwood,0.025218871840391933
2026,20,Adelaide,Collingwood,12740,Isaac,Quaynor,Collingwood,0.06070090315027587
2026,20,Adelaide,Collingwood,11751,Steele,Sidebottom,Collingwood,0.1461123680600896
2026,20,Adelaide,Collingwood,13246,Charlie,West,Collingwood,0.02241839981275063
2026,20,Fremantle,West Coast,12983,Jye,Amiss,Fremantle,2.155802131670524
2026,20,Fremantle,West Coast,12535,Shai,Bolton,Fremantle,0.17947221024399476
2026,20,Fremantle,West Coast,12589,Andrew,Brayshaw,Fremantle,0.1503209055352616
2026,20,Fremantle,West Coast,12875,Heath,Chapman,Fremantle,0.0
2026,20,Fremantle,West Coast,12688,Jordan,Clark,Fremantle,0.0
2026,20,Fremantle,West Coast,12428,Mason,Cox,Fremantle,0.0
2026,20,Fremantle,West Coast,13204,Isaiah,Dudley,Fremantle,0.0
2026,20,Fremantle,West Coast,12966,Neil,Erasmus,Fremantle,0.0
2026,20,Fremantle,West Coast,12801,Michael,Frederick,Fremantle,0.0
2026,20,Fremantle,West Coast,12779,Luke,Jackson,Fremantle,0.14679353615412713
2026,20,Fremantle,West Coast,13047,Matthew,Johnson,Fremantle,0.8046249110466548
2026,20,Fremantle,West Coast,12394,Oscar,McDonald,Fremantle,0.0
2026,20,Fremantle,West Coast,13033,Judd,McVee,Fremantle,0.0
2026,20,Fremantle,West Coast,12960,Nathan,ODriscoll,Fremantle,0.021787004281876472
2026,20,Fremantle,West Coast,12352,Alex,Pearce,Fremantle,0.0
2026,20,Fremantle,West Coast,13180,Murphy,Reid,Fremantle,0.8540044736275618
2026,20,Fremantle,West Coast,12542,Luke,Ryan,Fremantle,0.0
2026,20,Fremantle,West Coast,12786,Caleb,Serong,Fremantle,1.1801561184960698
2026,20,Fremantle,West Coast,12672,Sam,Switkowski,Fremantle,0.0
2026,20,Fremantle,West Coast,12887,Josh,Treacy,Fremantle,0.0
2026,20,Fremantle,West Coast,13129,Patrick,Voss,Fremantle,0.0
2026,20,Fremantle,West Coast,12453,Corey,Wagner,Fremantle,0.0
2026,20,Fremantle,West Coast,13075,Karl,Worner,Fremantle,0.0
2026,20,Fremantle,West Coast,12962,Jack,Williams,West Coast,0.0
2026,20,Fremantle,West Coast,13221,Bo,Allan,West Coast,0.0
2026,20,Fremantle,West Coast,13000,Rhett,Bazzo,West Coast,0.0
2026,20,Fremantle,West Coast,13209,Sandy,Brock,West Coast,0.0
2026,20,Fremantle,West Coast,12446,Tom,Cole,West Coast,0.0
2026,20,Fremantle,West Coast,13210,Hamish,Davis,West Coast,0.0
2026,20,Fremantle,West Coast,12334,Liam,Duggan,West Coast,0.0
2026,20,Fremantle,West Coast,13292,Willem,Duursma,West Coast,0.0
2026,20,Fremantle,West Coast,13345,Oliver,Francou,West Coast,0.0
2026,20,Fremantle,West Coast,13339,Marcus,Herbert,West Coast,0.12009818446150505
2026,20,Fremantle,West Coast,12957,Brady,Hough,West Coast,0.0
2026,20,Fremantle,West Coast,13136,Harvey,Johnston,West Coast,0.0
2026,20,Fremantle,West Coast,12595,Tim,Kelly,West Coast,0.0
2026,20,Fremantle,West Coast,13070,Ryan,Maric,West Coast,0.0
2026,20,Fremantle,West Coast,13240,Tom,McCarthy,West Coast,0.0
2026,20,Fremantle,West Coast,13294,Milan,Murdock,West Coast,0.0
2026,20,Fremantle,West Coast,13111,Harley,Reid,West Coast,0.38694052448358635
2026,20,Fremantle,West Coast,13247,Jobe,Shanahan,West Coast,0.0
2026,20,Fremantle,West Coast,12668,Brandon,Starcevich,West Coast,0.0
2026,20,Fremantle,West Coast,12601,Jake,Waterman,West Coast,0.0
2026,20,Fremantle,West Coast,12836,Bailey,Williams,West Coast,0.0
2026,20,Fremantle,West Coast,12087,Elliot,Yeo,West Coast,0.0
2026,20,Fremantle,West Coast,13043,Tylar,Young,West Coast,0.0
2026,20,Melbourne,Geelong,12690,Tom,Atkins,Geelong,0.08244652345338033
2026,20,Melbourne,Geelong,12153,Mark,Blicavs,Geelong,0.032669636950753075
2026,20,Melbourne,Geelong,12871,Tanner,Bruhn,Geelong,0.25714755439468834
2026,20,Melbourne,Geelong,13062,Jhye,Clark,Geelong,0.02841945442055986
2026,20,Melbourne,Geelong,12806,Brad,Close,Geelong,0.014822876644485741
2026,20,Melbourne,Geelong,11700,Patrick,Dangerfield,Geelong,0.09379518995450178
2026,20,Melbourne,Geelong,12974,Oliver,Dempsey,Geelong,0.039290599239537705
2026,20,Melbourne,Geelong,13285,Mitchell,Edwards,Geelong,0.07975248598456189
2026,20,Melbourne,Geelong,12551,Zach,Guthrie,Geelong,0.030375120790230345
2026,20,Melbourne,Geelong,12607,Jack,Henry,Geelong,0.034907359913657135
2026,20,Melbourne,Geelong,12851,Oliver,Henry,Geelong,0.1146359000093641
2026,20,Melbourne,Geelong,13160,Lawson,Humphries,Geelong,0.0369507405635251
2026,20,Melbourne,Geelong,13104,Shaun,Mannagh,Geelong,0.027531545852772107
2026,20,Melbourne,Geelong,12689,Gryan,Miers,Geelong,0.0313486078408879
2026,20,Melbourne,Geelong,13066,Oisin,Mullin,Geelong,0.0716011965017047
2026,20,Melbourne,Geelong,12992,Shannon,Neale,Geelong,1.537804766022627
2026,20,Melbourne,Geelong,12531,Mark,OConnor,Geelong,0.02774894268846627
2026,20,Melbourne,Geelong,13122,Connor,OSullivan,Geelong,0.6398694546027277
2026,20,Melbourne,Geelong,13353,Jay,Polkinghorne,Geelong,0.03611161934955394
2026,20,Melbourne,Geelong,12692,Bailey,Smith,Geelong,0.8621341705446663
2026,20,Melbourne,Geelong,12505,Tom,Stewart,Geelong,0.20834454775638245
2026,20,Melbourne,Geelong,13217,Oliver,Wiltshire,Geelong,0.04410659776359764
2026,20,Melbourne,Geelong,12619,James,Worpel,Geelong,0.05447891784477464
2026,20,Melbourne,Geelong,12931,Jake,Bowey,Melbourne,0.05661657289476216
2026,20,Melbourne,Geelong,12756,Kade,Chandler,Melbourne,0.025735634957191042
2026,20,Melbourne,Geelong,13334,Lukas,Cooke,Melbourne,0.02733867811143602
2026,20,Melbourne,Geelong,13300,Paddy,Cross,Melbourne,0.026544180055214736
2026,20,Melbourne,Geelong,13335,Joel,Fitzgerald,Melbourne,0.02406480166627635
2026,20,Melbourne,Geelong,12598,Bayley,Fritsch,Melbourne,0.0
2026,20,Melbourne,Geelong,11966,Max,Gawn,Melbourne,0.22377350249907146
2026,20,Melbourne,Geelong,13098,Blake,Howes,Melbourne,0.026558333215759775
2026,20,Melbourne,Geelong,13182,Matthew,Jefferson,Melbourne,0.02839139175204121
2026,20,Melbourne,Geelong,12393,Ed,Langdon,Melbourne,0.029826479375599194
2026,20,Melbourne,Geelong,13184,Harvey,Langford,Melbourne,0.02609922937823335
2026,20,Melbourne,Geelong,13032,Bailey,Laurie,Melbourne,0.020179287832657253
2026,20,Melbourne,Geelong,12351,Jake,Lever,Melbourne,0.03180371191822119
2026,20,Melbourne,Geelong,12009,Tom,McDonald,Melbourne,0.025945440137711925
2026,20,Melbourne,Geelong,12653,Harry,Petty,Melbourne,0.34501574736074225
2026,20,Melbourne,Geelong,12771,Kysaiah,Pickett,Melbourne,0.0563776552804032
2026,20,Melbourne,Geelong,13286,Latrelle,Pickett,Melbourne,0.02641221917883342
2026,20,Melbourne,Geelong,12778,Trent,Rivers,Melbourne,0.03280608292424804
2026,20,Melbourne,Geelong,12864,Harry,Sharp,Melbourne,0.031397948459133254
2026,20,Melbourne,Geelong,12693,Tom,Sparrow,Melbourne,0.12047568429428618
2026,20,Melbourne,Geelong,12368,Jack,Steele,Melbourne,0.3605644836100438
2026,20,Melbourne,Geelong,13123,Koltyn,Tholstrup,Melbourne,0.037955266091795004
2026,20,Melbourne,Geelong,13048,Jacob,van Rooyen,Melbourne,0.029823859922550752
2026,20,Carlton,Gold Coast,13365,Billy,Wilson,Carlton,0.03673473830616783
2026,20,Carlton,Gold Coast,12276,Blake,Acres,Carlton,0.029766563634763626
2026,20,Carlton,Gold Coast,12498,Ben,Ainsworth,Carlton,0.026611586461620707
2026,20,Carlton,Gold Coast,13297,Talor,Byrne,Carlton,0.22634632937472315
2026,20,Carlton,Gold Coast,12603,Adam,Cerra,Carlton,0.025533610870628665
2026,20,Carlton,Gold Coast,12822,Matthew,Cottrell,Carlton,0.021192270234860144
2026,20,Carlton,Gold Coast,13028,Lachlan,Cowan,Carlton,0.0366658322728728
2026,20,Carlton,Gold Coast,12261,Patrick,Cripps,Carlton,1.7963374776971082
2026,20,Carlton,Gold Coast,13273,Harry,Dean,Carlton,0.029818481258730434
2026,20,Carlton,Gold Coast,13303,Wade,Derksen,Carlton,0.03163829684363445
2026,20,Carlton,Gold Coast,12873,Francis,Evans,Carlton,0.02042339599673615
2026,20,Carlton,Gold Coast,12497,Oliver,Florent,Carlton,0.025970384122660284
2026,20,Carlton,Gold Coast,12091,Nick,Haynes,Carlton,0.07429593588061681
2026,20,Carlton,Gold Coast,12509,Will,Hayward,Carlton,0.035003608522000226
2026,20,Carlton,Gold Coast,12411,George,Hewett,Carlton,0.2104863335146348
2026,20,Carlton,Gold Coast,12937,Brodie,Kemp,Carlton,0.01870167223847205
2026,20,Carlton,Gold Coast,13170,Cooper,Lord,Carlton,0.03507438721746163
2026,20,Carlton,Gold Coast,12404,Mitch,McGovern,Carlton,0.025497754104287562
2026,20,Carlton,Gold Coast,12508,Nic,Newman,Carlton,0.02115034788513845
2026,20,Carlton,Gold Coast,12417,Marc,Pittonet,Carlton,0.023892463765530975
2026,20,Carlton,Gold Coast,13274,Jagga,Smith,Carlton,1.0891016137764458
2026,20,Carlton,Gold Coast,12684,Sam,Walsh,Carlton,0.661697893885862
2026,20,Carlton,Gold Coast,12559,Lewis,Young,Carlton,0.035345905385707116
2026,20,Carlton,Gold Coast,13341,Beau,Addinsall,Gold Coast,0.01729021943737208
2026,20,Carlton,Gold Coast,12767,Noah,Anderson,Gold Coast,0.6768280682693004
2026,20,Carlton,Gold Coast,13019,Mac,Andrew,Gold Coast,0.026788423451495263
2026,20,Carlton,Gold Coast,12625,Charlie,Ballard,Gold Coast,0.025859242409883326
2026,20,Carlton,Gold Coast,12444,Sam,Collins,Gold Coast,0.0266891496296717
2026,20,Carlton,Gold Coast,13049,Bailey,Humphrey,Gold Coast,0.023312037715505246
2026,20,Carlton,Gold Coast,12933,Joel,Jeffrey,Gold Coast,0.025052626419339086
2026,20,Carlton,Gold Coast,12728,Ben,King,Gold Coast,0.02764042371133993
2026,20,Carlton,Gold Coast,13355,Caleb,Lewis,Gold Coast,0.021944139148818792
2026,20,Carlton,Gold Coast,13232,Leo,Lombard,Gold Coast,0.021743423074073065
2026,20,Carlton,Gold Coast,12521,Ben,Long,Gold Coast,0.020977022992197947
2026,20,Carlton,Gold Coast,12331,Touk,Miller,Gold Coast,0.046175216763506624
2026,20,Carlton,Gold Coast,13050,Ned,Moyle,Gold Coast,0.02546330106126063
2026,20,Carlton,Gold Coast,13332,Jai,Murray,Gold Coast,0.020256225041588527
2026,20,Carlton,Gold Coast,12743,John,Noble,Gold Coast,0.019510674392844096
2026,20,Carlton,Gold Coast,13346,Dylan,Patterson,Gold Coast,0.01814169293205481
2026,20,Carlton,Gold Coast,12430,Christian,Petracca,Gold Coast,0.12039950763069072
2026,20,Carlton,Gold Coast,12652,Wil,Powell,Gold Coast,0.02084179846554579
2026,20,Carlton,Gold Coast,12403,Daniel,Rioli,Gold Coast,0.020593920388882053
2026,20,Carlton,Gold Coast,12768,Matt,Rowell,Gold Coast,0.18716800376896298
2026,20,Carlton,Gold Coast,13041,Bodhi,Uwland,Gold Coast,0.02431827479565149
2026,20,Carlton,Gold Coast,13278,Zeke,Uwland,Gold Coast,0.022071337778833466
2026,20,Carlton,Gold Coast,13114,Jed,Walter,Gold Coast,0.023648387465996817
2026,20,Hawthorn,Essendon,13352,Jaxon,Artemis,Essendon,0.0
2026,20,Hawthorn,Essendon,13237,Lachlan,Blakiston,Essendon,0.0
2026,20,Hawthorn,Essendon,13148,Nate,Caddy,Essendon,0.0
2026,20,Hawthorn,Essendon,13229,Angus,Clarke,Essendon,0.0
2026,20,Hawthorn,Essendon,12852,Nik,Cox,Essendon,0.0
2026,20,Hawthorn,Essendon,13223,Archer,Day-Wicks,Essendon,0.0
2026,20,Hawthorn,Essendon,12925,Sam,Durham,Essendon,0.0
2026,20,Hawthorn,Essendon,13281,Hussien,El Achkar,Essendon,0.0
2026,20,Hawthorn,Essendon,13299,Jacob,Farrow,Essendon,0.0
2026,20,Hawthorn,Essendon,13177,Isaac,Kako,Essendon,0.0
2026,20,Hawthorn,Essendon,13282,Max,Kondogiannis,Essendon,0.0
2026,20,Hawthorn,Essendon,12491,Andrew,McGrath,Essendon,0.0
2026,20,Hawthorn,Essendon,12580,Ben,McKay,Essendon,0.0
2026,20,Hawthorn,Essendon,12241,Zach,Merrett,Essendon,0.0
2026,20,Hawthorn,Essendon,12874,Jaxon,Prior,Essendon,0.0
2026,20,Hawthorn,Essendon,12437,Mason,Redman,Essendon,0.0
2026,20,Hawthorn,Essendon,12889,Zach,Reid,Essendon,0.0
2026,20,Hawthorn,Essendon,12631,Jordan,Ridley,Essendon,0.0
2026,20,Hawthorn,Essendon,13168,Archie,Roberts,Essendon,0.0
2026,20,Hawthorn,Essendon,13307,Sullivan,Robey,Essendon,0.0
2026,20,Hawthorn,Essendon,12567,Will,Setterfield,Essendon,0.0
2026,20,Hawthorn,Essendon,13283,Dyson,Sharp,Essendon,0.0
2026,20,Hawthorn,Essendon,12366,Peter,Wright,Essendon,0.0
2026,20,Hawthorn,Essendon,12383,Tom,Barrass,Hawthorn,0.0
2026,20,Hawthorn,Essendon,12558,Josh,Battle,Hawthorn,0.0
2026,20,Hawthorn,Essendon,12485,Mabior,Chol,Hawthorn,0.0
2026,20,Hawthorn,Essendon,12998,Massimo,DAmbrosio,Hawthorn,0.0
2026,20,Hawthorn,Essendon,12794,Will,Day,Hawthorn,0.15001279753337132
2026,20,Hawthorn,Essendon,12927,Jack,Ginnivan,Hawthorn,0.0
2026,20,Hawthorn,Essendon,13350,Ollie,Greeves,Hawthorn,0.0
2026,20,Hawthorn,Essendon,11845,Jack,Gunston,Hawthorn,2.3934171941093636
2026,20,Hawthorn,Essendon,12469,Blake,Hardwick,Hawthorn,0.0
2026,20,Hawthorn,Essendon,12237,Jarman,Impey,Hawthorn,2.1008112173721463
2026,20,Hawthorn,Essendon,12636,Mitch,Lewis,Hawthorn,0.0
2026,20,Hawthorn,Essendon,13069,Bailey,Macdonald,Hawthorn,0.0
2026,20,Hawthorn,Essendon,12954,Connor,Macdonald,Hawthorn,0.071722426657754
2026,20,Hawthorn,Essendon,13031,Cam,Mackenzie,Hawthorn,0.009102230083494034
2026,20,Hawthorn,Essendon,12856,Lloyd,Meek,Hawthorn,0.06229079859645857
2026,20,Hawthorn,Essendon,12710,Dylan,Moore,Hawthorn,0.0
2026,20,Hawthorn,Essendon,12579,Harry,Morrison,Hawthorn,0.09286427971751973
2026,20,Hawthorn,Essendon,13344,Noah,Mraz,Hawthorn,0.002647301391706977
2026,20,Hawthorn,Essendon,12915,Jai,Newcombe,Hawthorn,0.3924900426067962
2026,20,Hawthorn,Essendon,12332,James,Sicily,Hawthorn,0.11723422540324784
2026,20,Hawthorn,Essendon,12955,Josh,Ward,Hawthorn,0.586450966310828
2026,20,Hawthorn,Essendon,13105,Nick,Watson,Hawthorn,0.01013133036233925
2026,20,Hawthorn,Essendon,13057,Josh,Weddle,Hawthorn,0.01082518985834409
2026,20,Greater Western Sydney,Sydney,13001,Ryan,Angwin,Greater Western Sydney,0.0
2026,20,Greater Western Sydney,Sydney,12782,Lachie,Ash,Greater Western Sydney,0.0
2026,20,Greater Western Sydney,Sydney,12772,Toby,Bedford,Greater Western Sydney,0.0
2026,20,Greater Western Sydney,Sydney,12910,Callum,Brown,Greater Western Sydney,0.0
2026,20,Greater Western Sydney,Sydney,13054,Aaron,Cadman,Greater Western Sydney,0.0
2026,20,Greater Western Sydney,Sydney,12969,Finn,Callaghan,Greater Western Sydney,0.0
2026,20,Greater Western Sydney,Sydney,12028,Stephen,Coniglio,Greater Western Sydney,0.0
2026,20,Greater Western Sydney,Sydney,13164,Joe,Fonti,Greater Western Sydney,0.0
2026,20,Greater Western Sydney,Sydney,13158,Max,Gruzewski,Greater Western Sydney,0.0
2026,20,Greater Western Sydney,Sydney,13347,Riley,Hamilton,Greater Western Sydney,0.0
2026,20,Greater Western Sydney,Sydney,12462,Harry,Himmelberg,Greater Western Sydney,0.0
2026,20,Greater Western Sydney,Sydney,12750,Connor,Idun,Greater Western Sydney,0.0
2026,20,Greater Western Sydney,Sydney,12377,Jayden,Laverde,Greater Western Sydney,0.0
2026,20,Greater Western Sydney,Sydney,13236,Nick,Madden,Greater Western Sydney,0.0
2026,20,Greater Western Sydney,Sydney,12821,Xavier,OHalloran,Greater Western Sydney,0.0
2026,20,Greater Western Sydney,Sydney,12410,Clayton,Oliver,Greater Western Sydney,0.07145194728180965
2026,20,Greater Western Sydney,Sydney,13348,Jack,Ough,Greater Western Sydney,0.0
2026,20,Greater Western Sydney,Sydney,13045,Harry,Rowston,Greater Western Sydney,0.0
2026,20,Greater Western Sydney,Sydney,12886,Conor,Stone,Greater Western Sydney,0.0
2026,20,Greater Western Sydney,Sydney,12167,Jake,Stringer,Greater Western Sydney,0.0
2026,20,Greater Western Sydney,Sydney,12644,Sam,Taylor,Greater Western Sydney,0.0
2026,20,Greater Western Sydney,Sydney,13101,Harvey,Thomas,Greater Western Sydney,0.0
2026,20,Greater Western Sydney,Sydney,12143,Lachie,Whitfield,Greater Western Sydney,0.0
2026,20,Greater Western Sydney,Sydney,13195,Riley,Bice,Sydney,0.0
2026,20,Greater Western Sydney,Sydney,12699,Nick,Blakey,Sydney,0.0
2026,20,Greater Western Sydney,Sydney,12863,Braeden,Campbell,Sydney,0.0
2026,20,Greater Western Sydney,Sydney,13317,Billy,Cootee,Sydney,0.0
2026,20,Greater Western Sydney,Sydney,12421,Charlie,Curnow,Sydney,0.16347379567249537
2026,20,Greater Western Sydney,Sydney,13318,Will,Edwards,Sydney,0.0
2026,20,Greater Western Sydney,Sydney,12217,Brodie,Grundy,Sydney,0.7933450630590763
2026,20,Greater Western Sydney,Sydney,12862,Errol,Gulden,Sydney,2.579669237392038
2026,20,Greater Western Sydney,Sydney,12326,Isaac,Heeney,Sydney,0.1484731744787441
2026,20,Greater Western Sydney,Sydney,12860,James,Jordon,Sydney,0.0
2026,20,Greater Western Sydney,Sydney,13327,Harry,Kyle,Sydney,0.0
2026,20,Greater Western Sydney,Sydney,12268,Jake,Lloyd,Sydney,0.0
2026,20,Greater Western Sydney,Sydney,12627,Tom,McCartin,Sydney,0.0
2026,20,Greater Western Sydney,Sydney,12861,Logan,McDonald,Sydney,0.0
2026,20,Greater Western Sydney,Sydney,12745,Hayden,McLean,Sydney,0.0
2026,20,Greater Western Sydney,Sydney,12413,Callum,Mills,Sydney,0.0
2026,20,Greater Western Sydney,Sydney,12412,Tom,Papley,Sydney,0.0
2026,20,Greater Western Sydney,Sydney,12140,Dane,Rampe,Sydney,0.0
2026,20,Greater Western Sydney,Sydney,12994,Matt,Roberts,Sydney,0.0
2026,20,Greater Western Sydney,Sydney,12903,Malcolm,Rosas,Sydney,0.0
2026,20,Greater Western Sydney,Sydney,12714,James,Rowbottom,Sydney,0.5399782394276673
2026,20,Greater Western Sydney,Sydney,13022,Jai,Serong,Sydney,0.0
2026,20,Greater Western Sydney,Sydney,12797,Chad,Warner,Sydney,1.7036085426867924
2026,20,Western Bulldogs,Richmond,12712,Jack,Ross,Richmond,0.02351783635872997
2026,20,Western Bulldogs,Richmond,13338,Kye,Annand,Richmond,0.02057781311652645
2026,20,Western Bulldogs,Richmond,13078,Sam,Banks,Richmond,0.022072402905150244
2026,20,Western Bulldogs,Richmond,12456,Nathan,Broad,Richmond,0.02403211928628792
2026,20,Western Bulldogs,Richmond,13096,Tom,Brown,Richmond,0.010112176895197049
2026,20,Western Bulldogs,Richmond,13100,Seth,Campbell,Richmond,0.021698785909966926
2026,20,Western Bulldogs,Richmond,13316,Sam,Cumming,Richmond,0.01953422064127288
2026,20,Western Bulldogs,Richmond,13290,Sam,Grlj,Richmond,0.01897762342538064
2026,20,Western Bulldogs,Richmond,13253,Taj,Hotton,Richmond,0.01524303829934081
2026,20,Western Bulldogs,Richmond,13190,Sam,Lalor,Richmond,0.018556229777172133
2026,20,Western Bulldogs,Richmond,13113,Mykelti,Lefau,Richmond,0.012729814585170578
2026,20,Western Bulldogs,Richmond,11948,Tom,Lynch,Richmond,0.0029428165054101937
2026,20,Western Bulldogs,Richmond,12883,Rhyan,Mansell,Richmond,0.014103829097381997
2026,20,Western Bulldogs,Richmond,12374,Toby,Nankervis,Richmond,0.00538261103824491
2026,20,Western Bulldogs,Richmond,13351,Zane,Peucker,Richmond,0.020016009828849372
2026,20,Western Bulldogs,Richmond,11917,Dion,Prestia,Richmond,0.004208907605221322
2026,20,Western Bulldogs,Richmond,12902,Hugo,Ralphsmith,Richmond,0.019242416395706695
2026,20,Western Bulldogs,Richmond,13313,Patrick,Retschko,Richmond,0.01616850817034151
2026,20,Western Bulldogs,Richmond,12418,Jayden,Short,Richmond,0.0
2026,20,Western Bulldogs,Richmond,13014,Tyler,Sonsie,Richmond,0.016934624217998705
2026,20,Western Bulldogs,Richmond,12504,Tim,Taranto,Richmond,0.015402830423562962
2026,20,Western Bulldogs,Richmond,13191,Luke,Trainor,Richmond,0.022592707605407512
2026,20,Western Bulldogs,Richmond,12174,Nick,Vlastuin,Richmond,0.0
2026,20,Western Bulldogs,Richmond,12269,Marcus,Bontempelli,Western Bulldogs,2.2834697451099832
2026,20,Western Bulldogs,Richmond,12916,Lachlan,Bramble,Western Bulldogs,0.1280201842035904
2026,20,Western Bulldogs,Richmond,13216,Jedd,Busslinger,Western Bulldogs,0.03073830839934987
2026,20,Western Bulldogs,Richmond,12608,Nick,Coffield,Western Bulldogs,0.022523554312427106
2026,20,Western Bulldogs,Richmond,13265,Jordan,Croft,Western Bulldogs,0.01958072483965658
2026,20,Western Bulldogs,Richmond,13178,Sam,Davidson,Western Bulldogs,0.0180353148905635
2026,20,Western Bulldogs,Richmond,13179,Josh,Dolan,Western Bulldogs,0.02206956228267789
2026,20,Western Bulldogs,Richmond,12537,Tim,English,Western Bulldogs,0.09985084660257235
2026,20,Western Bulldogs,Richmond,13140,Joel,Freijah,Western Bulldogs,0.038674789761737015
2026,20,Western Bulldogs,Richmond,13213,Cooper,Hynes,Western Bulldogs,0.020831762498991872
2026,20,Western Bulldogs,Richmond,13046,Arthur,Jones,Western Bulldogs,0.02874039446887571
2026,20,Western Bulldogs,Richmond,12455,Matthew,Kennedy,Western Bulldogs,0.022709014389723135
2026,20,Western Bulldogs,Richmond,12900,Buku,Khamis,Western Bulldogs,0.026485525297798955
2026,20,Western Bulldogs,Richmond,11898,Tom,Liberatore,Western Bulldogs,0.1076894647595047
2026,20,Western Bulldogs,Richmond,12282,Rory,Lobb,Western Bulldogs,0.007944558886017215
2026,20,Western Bulldogs,Richmond,12594,Aaron,Naughton,Western Bulldogs,0.022976205678118637
2026,20,Western Bulldogs,Richmond,13061,James,ODonnell,Western Bulldogs,0.07623988734836684
2026,20,Western Bulldogs,Richmond,12605,Ed,Richards,Western Bulldogs,2.451765588023269
2026,20,Western Bulldogs,Richmond,13103,Ryley,Sanders,Western Bulldogs,0.06197594563503996
2026,20,Western Bulldogs,Richmond,13276,Michael,Sellwood,Western Bulldogs,0.049192727501957446
2026,20,Western Bulldogs,Richmond,12800,Cody,Weightman,Western Bulldogs,0.02052600580602531
2026,20,Western Bulldogs,Richmond,12748,Rhylee,West,Western Bulldogs,0.020162245911056524
2026,20,Western Bulldogs,Richmond,12441,Bailey,Williams,Western Bulldogs,0.07575032131240922
2026,20,Brisbane Lions,Port Adelaide,12277,Charlie,Cameron,Brisbane Lions,0.011543032294719143
2026,20,Brisbane Lions,Port Adelaide,12340,Harris,Andrews,Brisbane Lions,0.011921966960785384
2026,20,Brisbane Lions,Port Adelaide,12718,Noah,Answerth,Brisbane Lions,0.0
2026,20,Brisbane Lions,Port Adelaide,13197,Levi,Ashcroft,Brisbane Lions,0.0
2026,20,Brisbane Lions,Port Adelaide,13040,Will,Ashcroft,Brisbane Lions,2.126514630427376
2026,20,Brisbane Lions,Port Adelaide,12610,Zac,Bailey,Brisbane Lions,1.1781443575156727
2026,20,Brisbane Lions,Port Adelaide,12519,Jarrod,Berry,Brisbane Lions,0.0
2026,20,Brisbane Lions,Port Adelaide,12810,Sam,Draper,Brisbane Lions,0.03874078188939524
2026,20,Brisbane Lions,Port Adelaide,12408,Josh,Dunkley,Brisbane Lions,0.0360329426407371
2026,20,Brisbane Lions,Port Adelaide,13072,Jaspa,Fletcher,Brisbane Lions,0.0002186515261912124
2026,20,Brisbane Lions,Port Adelaide,12724,Darcy,Fort,Brisbane Lions,0.0
2026,20,Brisbane Lions,Port Adelaide,13235,Ty,Gallop,Brisbane Lions,0.0
2026,20,Brisbane Lions,Port Adelaide,12454,Eric,Hipwood,Brisbane Lions,0.0
2026,20,Brisbane Lions,Port Adelaide,11894,Ryan,Lester,Brisbane Lions,0.0
2026,20,Brisbane Lions,Port Adelaide,12968,Kai,Lohmann,Brisbane Lions,0.003495453429325234
2026,20,Brisbane Lions,Port Adelaide,12518,Hugh,McCluggage,Brisbane Lions,0.5824391034296065
2026,20,Brisbane Lions,Port Adelaide,12391,Conor,McKenna,Brisbane Lions,0.0
2026,20,Brisbane Lions,Port Adelaide,13137,Logan,Morris,Brisbane Lions,0.0
2026,20,Brisbane Lions,Port Adelaide,12055,Lachie,Neale,Brisbane Lions,0.6865087343943078
2026,20,Brisbane Lions,Port Adelaide,12592,Cam,Rayner,Brisbane Lions,0.0
2026,20,Brisbane Lions,Port Adelaide,13005,James,Tunstill,Brisbane Lions,0.0
2026,20,Brisbane Lions,Port Adelaide,13026,Darcy,Wilmot,Brisbane Lions,0.0
2026,20,Brisbane Lions,Port Adelaide,12076,Dayne,Zorko,Brisbane Lions,0.8605291925916608
2026,20,Brisbane Lions,Port Adelaide,12433,Aliir,Aliir,Port Adelaide,0.0
2026,20,Brisbane Lions,Port Adelaide,13337,Xavier,Bamert,Port Adelaide,0.0
2026,20,Brisbane Lions,Port Adelaide,12867,Miles,Bergman,Port Adelaide,0.0
2026,20,Brisbane Lions,Port Adelaide,13188,Joe,Berry,Port Adelaide,0.0
2026,20,Brisbane Lions,Port Adelaide,13007,Jase,Burgoyne,Port Adelaide,0.0
2026,20,Brisbane Lions,Port Adelaide,12422,Darcy,Byrne-Jones,Port Adelaide,0.0
2026,20,Brisbane Lions,Port Adelaide,12695,Willem,Drew,Port Adelaide,0.0
2026,20,Brisbane Lions,Port Adelaide,12936,Corey,Durdin,Port Adelaide,0.0
2026,20,Brisbane Lions,Port Adelaide,13156,Logan,Evans,Port Adelaide,0.0
2026,20,Brisbane Lions,Port Adelaide,12766,Mitch,Georgiades,Port Adelaide,0.0
2026,20,Brisbane Lions,Port Adelaide,12956,Jason,Horne-Francis,Port Adelaide,0.46391115289744134
2026,20,Brisbane Lions,Port Adelaide,12882,Lachie,Jones,Port Adelaide,0.0
2026,20,Brisbane Lions,Port Adelaide,13301,Josh,Lai,Port Adelaide,0.0
2026,20,Brisbane Lions,Port Adelaide,12575,Todd,Marshall,Port Adelaide,0.0
2026,20,Brisbane Lions,Port Adelaide,13199,Christian,Moraes,Port Adelaide,0.0
2026,20,Brisbane Lions,Port Adelaide,13354,Balyn,OBrien,Port Adelaide,0.0
2026,20,Brisbane Lions,Port Adelaide,12890,Jordon,Sweet,Port Adelaide,0.0
2026,20,Brisbane Lions,Port Adelaide,13073,Dante,Visentini,Port Adelaide,0.0
2026,20,Brisbane Lions,Port Adelaide,13289,Jack,Watkins,Port Adelaide,0.0
2026,20,Brisbane Lions,Port Adelaide,13259,Jack,Whitlock,Port Adelaide,0.0
2026,20,Brisbane Lions,Port Adelaide,12150,Ollie,Wines,Port Adelaide,0.0
2026,20,Brisbane Lions,Port Adelaide,13305,Mitch,Zadow,Port Adelaide,0.0
2026,20,Brisbane Lions,Port Adelaide,12757,Brandon,Zerk-Thatcher,Port Adelaide,0.0
2026,20,North Melbourne,St Kilda,13256,Zac,Banch,North Melbourne,0.04046706993741764
2026,20,North Melbourne,St Kilda,12938,Charlie,Comben,North Melbourne,0.04786754710183955
2026,20,North Melbourne,St Kilda,12181,Aidan,Corr,North Melbourne,0.038012412286072716
2026,20,North Melbourne,St Kilda,12975,Paul,Curtis,North Melbourne,0.03685868886291929
2026,20,North Melbourne,St Kilda,12373,Caleb,Daniel,North Melbourne,0.021709997804768427
2026,20,North Melbourne,St Kilda,11905,Jack,Darling,North Melbourne,0.022024624009490845
2026,20,North Melbourne,St Kilda,12590,Luke,Davies-Uniacke,North Melbourne,0.037476392908215195
2026,20,North Melbourne,St Kilda,13025,Josh,Goater,North Melbourne,0.04108396853308777
2026,20,North Melbourne,St Kilda,13077,Cooper,Harvey,North Melbourne,0.04007334056014214
2026,20,North Melbourne,St Kilda,12563,Nick,Larkey,North Melbourne,0.030865992267069098
2026,20,North Melbourne,St Kilda,12511,Griffin,Logue,North Melbourne,0.04427478456636236
2026,20,North Melbourne,St Kilda,13107,Colby,McKercher,North Melbourne,0.04875762698254327
2026,20,North Melbourne,St Kilda,13187,Finn,OSullivan,North Melbourne,0.04803173257643448
2026,20,North Melbourne,St Kilda,11953,Luke,Parker,North Melbourne,0.028642513663964725
2026,20,North Melbourne,St Kilda,12701,Bailey,Scott,North Melbourne,0.042460651999771004
2026,20,North Melbourne,St Kilda,13034,Harry,Sheezel,North Melbourne,0.25332911051793683
2026,20,North Melbourne,St Kilda,12502,Jy,Simpkin,North Melbourne,0.23584188293163227
2026,20,North Melbourne,St Kilda,12622,Charlie,Spargo,North Melbourne,0.04633161744817743
2026,20,North Melbourne,St Kilda,12796,Dylan,Stephens,North Melbourne,0.03763248344081627
2026,20,North Melbourne,St Kilda,13263,Cooper,Trembath,North Melbourne,0.058534037505672334
2026,20,North Melbourne,St Kilda,13208,Matt,Whitlock,North Melbourne,0.03696004259398944
2026,20,North Melbourne,St Kilda,12788,Tristan,Xerri,North Melbourne,0.04107890999063504
2026,20,North Melbourne,St Kilda,12557,Cameron,Zurhaar,North Melbourne,0.039459031046063714
2026,20,North Melbourne,St Kilda,13220,Hugh,Boxshall,St Kilda,0.07490191479778369
2026,20,North Melbourne,St Kilda,12490,Dan,Butler,St Kilda,0.03720671758303962
2026,20,North Melbourne,St Kilda,12802,Ryan,Byrnes,St Kilda,0.053110968499711184
2026,20,North Melbourne,St Kilda,13035,Anthony,Caminiti,St Kilda,0.043358396259102316
2026,20,North Melbourne,St Kilda,12591,Hunter,Clark,St Kilda,0.04005970438408141
2026,20,North Melbourne,St Kilda,12674,Tom,De Koning,St Kilda,0.262461037712886
2026,20,North Melbourne,St Kilda,13125,Hugo,Garcia,St Kilda,0.16043815638091333
2026,20,North Melbourne,St Kilda,13193,Max,Hall,St Kilda,0.07830838778398046
2026,20,North Melbourne,St Kilda,12609,Jack,Higgins,St Kilda,0.06290961708059765
2026,20,North Melbourne,St Kilda,12060,Bradley,Hill,St Kilda,0.44289043129150396
2026,20,North Melbourne,St Kilda,12773,Max,King,St Kilda,0.05380813625617867
2026,20,North Melbourne,St Kilda,13194,Liam,OConnell,St Kilda,0.04573351727371022
2026,20,North Melbourne,St Kilda,12948,Mitch,Owens,St Kilda,0.06124919248525715
2026,20,North Melbourne,St Kilda,13036,Mattaes,Phillipou,St Kilda,0.10770956137165046
2026,20,North Melbourne,St Kilda,12600,Liam,Ryan,St Kilda,0.041947805090418094
2026,20,North Melbourne,St Kilda,12458,Jack,Silvagni,St Kilda,0.055033445371805656
2026,20,North Melbourne,St Kilda,12721,Liam,Stocker,St Kilda,0.05408975932124309
2026,20,North Melbourne,St Kilda,13206,Tobie,Travaglia,St Kilda,0.0450612729771179
2026,20,North Melbourne,St Kilda,12950,Nasiah,Wanganeen-Milera,St Kilda,2.5061386833595685
2026,20,North Melbourne,St Kilda,12703,Callum,Wilkie,St Kilda,0.056909345970955025
2026,20,North Melbourne,St Kilda,13110,Darcy,Wilson,St Kilda,0.2583600991057411
2026,20,North Melbourne,St Kilda,12967,Marcus,Windhager,St Kilda,0.09209137249459798
2026,20,North Melbourne,St Kilda,12312,Mason,Wood,St Kilda,0.048448017605602106
2026,21,Collingwood,Geelong,13146,Edward,Allan,Collingwood,0.007112592084025203
2026,21,Collingwood,Geelong,13306,Angus,Anderson,Collingwood,0.0
2026,21,Collingwood,Geelong,12660,Darcy,Cameron,Collingwood,0.13758365759391164
2026,21,Collingwood,Geelong,12061,Jack,Crisp,Collingwood,0.0
2026,21,Collingwood,Geelong,12573,Josh,Daicos,Collingwood,0.06513234188389516
2026,21,Collingwood,Geelong,12943,Nick,Daicos,Collingwood,1.0773647013795158
2026,21,Collingwood,Geelong,12318,Jordan,de Goey,Collingwood,0.0
2026,21,Collingwood,Geelong,12676,Billy,Frampton,Collingwood,0.008672281218302878
2026,21,Collingwood,Geelong,13068,Harvey,Harrison,Collingwood,0.0
2026,21,Collingwood,Geelong,12495,Dan,Houston,Collingwood,0.0
2026,21,Collingwood,Geelong,11967,Jeremy,Howe,Collingwood,0.0
2026,21,Collingwood,Geelong,12578,Patrick,Lipinski,Collingwood,0.007421371369247141
2026,21,Collingwood,Geelong,13023,Ned,Long,Collingwood,0.0008434241243767664
2026,21,Collingwood,Geelong,12876,Beau,McCreery,Collingwood,0.0004733728922592089
2026,21,Collingwood,Geelong,12291,Daniel,McStay,Collingwood,0.9848570783398277
2026,21,Collingwood,Geelong,12300,Tim,Membrey,Collingwood,0.0
2026,21,Collingwood,Geelong,4182,Scott,Pendlebury,Collingwood,0.0
2026,21,Collingwood,Geelong,12536,Harry,Perryman,Collingwood,0.0042208816601716475
2026,21,Collingwood,Geelong,13342,Liam,Puncher,Collingwood,0.0060002545997946116
2026,21,Collingwood,Geelong,12740,Isaac,Quaynor,Collingwood,0.00236433141322198
2026,21,Collingwood,Geelong,12700,Lachie,Schultz,Collingwood,0.0035472329481078795
2026,21,Collingwood,Geelong,11751,Steele,Sidebottom,Collingwood,0.0
2026,21,Collingwood,Geelong,13246,Charlie,West,Collingwood,0.002346334155189365
2026,21,Collingwood,Geelong,12690,Tom,Atkins,Geelong,0.06380465437012844
2026,21,Collingwood,Geelong,12153,Mark,Blicavs,Geelong,0.011886975986333452
2026,21,Collingwood,Geelong,12871,Tanner,Bruhn,Geelong,0.042434658285187735
2026,21,Collingwood,Geelong,13062,Jhye,Clark,Geelong,0.0
2026,21,Collingwood,Geelong,12806,Brad,Close,Geelong,0.003624900022494741
2026,21,Collingwood,Geelong,12974,Oliver,Dempsey,Geelong,2.1818789528316995
2026,21,Collingwood,Geelong,13285,Mitchell,Edwards,Geelong,0.014290726561304657
2026,21,Collingwood,Geelong,12551,Zach,Guthrie,Geelong,0.007427532548419628
2026,21,Collingwood,Geelong,12607,Jack,Henry,Geelong,0.007305762617699633
2026,21,Collingwood,Geelong,12851,Oliver,Henry,Geelong,0.13921430602140183
2026,21,Collingwood,Geelong,13160,Lawson,Humphries,Geelong,0.010903154949316428
2026,21,Collingwood,Geelong,13104,Shaun,Mannagh,Geelong,0.05293207717056177
2026,21,Collingwood,Geelong,12236,Jack,Martin,Geelong,0.009083492767216204
2026,21,Collingwood,Geelong,12689,Gryan,Miers,Geelong,0.016369200877503556
2026,21,Collingwood,Geelong,13066,Oisin,Mullin,Geelong,0.07520990957548666
2026,21,Collingwood,Geelong,12992,Shannon,Neale,Geelong,0.022022344935932733
2026,21,Collingwood,Geelong,12531,Mark,OConnor,Geelong,0.015689119576771784
2026,21,Collingwood,Geelong,13122,Connor,OSullivan,Geelong,0.011648137201723472
2026,21,Collingwood,Geelong,13353,Jay,Polkinghorne,Geelong,0.018794809902408866
2026,21,Collingwood,Geelong,12692,Bailey,Smith,Geelong,0.7472940817739454
2026,21,Collingwood,Geelong,12505,Tom,Stewart,Geelong,0.10835238026160106
2026,21,Collingwood,Geelong,13217,Oliver,Wiltshire,Geelong,0.004689424507750865
2026,21,Collingwood,Geelong,12619,James,Worpel,Geelong,0.12720354158317157
2026,21,Fremantle,Western Bulldogs,12983,Jye,Amiss,Fremantle,0.034155494412223625
2026,21,Fremantle,Western Bulldogs,12535,Shai,Bolton,Fremantle,0.05776844962329787
2026,21,Fremantle,Western Bulldogs,12589,Andrew,Brayshaw,Fremantle,0.1989097216974699
2026,21,Fremantle,Western Bulldogs,12875,Heath,Chapman,Fremantle,0.04360028046607285
2026,21,Fremantle,Western Bulldogs,12688,Jordan,Clark,Fremantle,0.09495835493101698
2026,21,Fremantle,Western Bulldogs,12428,Mason,Cox,Fremantle,0.03648001386537997
2026,21,Fremantle,Western Bulldogs,13204,Isaiah,Dudley,Fremantle,0.03990631001406153
2026,21,Fremantle,Western Bulldogs,12966,Neil,Erasmus,Fremantle,0.03605613385360068
2026,21,Fremantle,Western Bulldogs,12801,Michael,Frederick,Fremantle,0.03688451030736259
2026,21,Fremantle,Western Bulldogs,12779,Luke,Jackson,Fremantle,0.3485749103533181
2026,21,Fremantle,Western Bulldogs,13047,Matthew,Johnson,Fremantle,0.04911989610604857
2026,21,Fremantle,Western Bulldogs,12394,Oscar,McDonald,Fremantle,0.4589691461038892
2026,21,Fremantle,Western Bulldogs,13033,Judd,McVee,Fremantle,0.03957281796335377
2026,21,Fremantle,Western Bulldogs,12960,Nathan,ODriscoll,Fremantle,0.0351726448211703
2026,21,Fremantle,Western Bulldogs,12352,Alex,Pearce,Fremantle,0.033228763536370054
2026,21,Fremantle,Western Bulldogs,13180,Murphy,Reid,Fremantle,0.06319192432323363
2026,21,Fremantle,Western Bulldogs,12542,Luke,Ryan,Fremantle,0.05033203957089767
2026,21,Fremantle,Western Bulldogs,12786,Caleb,Serong,Fremantle,0.3782643347251088
2026,21,Fremantle,Western Bulldogs,12672,Sam,Switkowski,Fremantle,0.048808265988916674
2026,21,Fremantle,Western Bulldogs,12887,Josh,Treacy,Fremantle,0.5631863683626123
2026,21,Fremantle,Western Bulldogs,13129,Patrick,Voss,Fremantle,0.04525669098485653
2026,21,Fremantle,Western Bulldogs,13075,Karl,Worner,Fremantle,1.7605038146695073
2026,21,Fremantle,Western Bulldogs,12777,Hayden,Young,Fremantle,0.0763274319155523
2026,21,Fremantle,Western Bulldogs,12269,Marcus,Bontempelli,Western Bulldogs,0.16302857225587464
2026,21,Fremantle,Western Bulldogs,12916,Lachlan,Bramble,Western Bulldogs,0.06627561696741188
2026,21,Fremantle,Western Bulldogs,13216,Jedd,Busslinger,Western Bulldogs,0.02847906298606881
2026,21,Fremantle,Western Bulldogs,12608,Nick,Coffield,Western Bulldogs,0.032665284825165564
2026,21,Fremantle,Western Bulldogs,13265,Jordan,Croft,Western Bulldogs,0.03325061567753851
2026,21,Fremantle,Western Bulldogs,13178,Sam,Davidson,Western Bulldogs,0.03015897454369973
2026,21,Fremantle,Western Bulldogs,13179,Josh,Dolan,Western Bulldogs,0.028395384304881532
2026,21,Fremantle,Western Bulldogs,13308,Louis,Emmett,Western Bulldogs,0.0333795440452761
2026,21,Fremantle,Western Bulldogs,12537,Tim,English,Western Bulldogs,0.03374411691497062
2026,21,Fremantle,Western Bulldogs,13140,Joel,Freijah,Western Bulldogs,0.049720114233608906
2026,21,Fremantle,Western Bulldogs,13213,Cooper,Hynes,Western Bulldogs,0.08744667322219409
2026,21,Fremantle,Western Bulldogs,13046,Arthur,Jones,Western Bulldogs,0.0199070933796677
2026,21,Fremantle,Western Bulldogs,12455,Matthew,Kennedy,Western Bulldogs,0.029686618497376416
2026,21,Fremantle,Western Bulldogs,12900,Buku,Khamis,Western Bulldogs,0.038858390586758884
2026,21,Fremantle,Western Bulldogs,11898,Tom,Liberatore,Western Bulldogs,0.1917266203149329
2026,21,Fremantle,Western Bulldogs,12282,Rory,Lobb,Western Bulldogs,0.01834964893887131
2026,21,Fremantle,Western Bulldogs,13061,James,ODonnell,Western Bulldogs,0.040870936495102
2026,21,Fremantle,Western Bulldogs,12605,Ed,Richards,Western Bulldogs,0.3795150076584361
2026,21,Fremantle,Western Bulldogs,13103,Ryley,Sanders,Western Bulldogs,0.04058051781890183
2026,21,Fremantle,Western Bulldogs,13276,Michael,Sellwood,Western Bulldogs,0.03653057772449317
2026,21,Fremantle,Western Bulldogs,12776,Laitham,Vandermeer,Western Bulldogs,0.03120789220546899
2026,21,Fremantle,Western Bulldogs,12748,Rhylee,West,Western Bulldogs,0.032078966424011646
2026,21,Fremantle,Western Bulldogs,12441,Bailey,Williams,Western Bulldogs,0.024915451395353283
2026,21,St Kilda,Sydney,13220,Hugh,Boxshall,St Kilda,0.0
2026,21,St Kilda,Sydney,12802,Ryan,Byrnes,St Kilda,0.0
2026,21,St Kilda,Sydney,13035,Anthony,Caminiti,St Kilda,0.0
2026,21,St Kilda,Sydney,12591,Hunter,Clark,St Kilda,0.0
2026,21,St Kilda,Sydney,12674,Tom,De Koning,St Kilda,0.0
2026,21,St Kilda,Sydney,13125,Hugo,Garcia,St Kilda,0.0
2026,21,St Kilda,Sydney,13193,Max,Hall,St Kilda,0.2744060614308137
2026,21,St Kilda,Sydney,12609,Jack,Higgins,St Kilda,0.0
2026,21,St Kilda,Sydney,12060,Bradley,Hill,St Kilda,0.05225147372422027
2026,21,St Kilda,Sydney,13331,Campbell,Lake,St Kilda,0.0
2026,21,St Kilda,Sydney,12564,Rowan,Marshall,St Kilda,0.04660919264938813
2026,21,St Kilda,Sydney,13194,Liam,OConnell,St Kilda,0.0
2026,21,St Kilda,Sydney,12948,Mitch,Owens,St Kilda,0.0
2026,21,St Kilda,Sydney,13036,Mattaes,Phillipou,St Kilda,0.0
2026,21,St Kilda,Sydney,12600,Liam,Ryan,St Kilda,0.0
2026,21,St Kilda,Sydney,12458,Jack,Silvagni,St Kilda,0.0
2026,21,St Kilda,Sydney,12721,Liam,Stocker,St Kilda,0.0
2026,21,St Kilda,Sydney,13206,Tobie,Travaglia,St Kilda,0.0
2026,21,St Kilda,Sydney,12950,Nasiah,Wanganeen-Milera,St Kilda,0.30880754927183196
2026,21,St Kilda,Sydney,12703,Callum,Wilkie,St Kilda,0.09361142606147681
2026,21,St Kilda,Sydney,13110,Darcy,Wilson,St Kilda,0.0
2026,21,St Kilda,Sydney,12967,Marcus,Windhager,St Kilda,0.0
2026,21,St Kilda,Sydney,12312,Mason,Wood,St Kilda,0.0
2026,21,St Kilda,Sydney,13195,Riley,Bice,Sydney,0.0
2026,21,St Kilda,Sydney,12699,Nick,Blakey,Sydney,0.2619300573351546
2026,21,St Kilda,Sydney,12863,Braeden,Campbell,Sydney,0.0
2026,21,St Kilda,Sydney,13317,Billy,Cootee,Sydney,0.0
2026,21,St Kilda,Sydney,12421,Charlie,Curnow,Sydney,0.015265203306288578
2026,21,St Kilda,Sydney,13318,Will,Edwards,Sydney,0.0
2026,21,St Kilda,Sydney,12217,Brodie,Grundy,Sydney,0.29489912902318216
2026,21,St Kilda,Sydney,12862,Errol,Gulden,Sydney,2.2905867300647493
2026,21,St Kilda,Sydney,12326,Isaac,Heeney,Sydney,0.5694917937721757
2026,21,St Kilda,Sydney,12860,James,Jordon,Sydney,0.0
2026,21,St Kilda,Sydney,13327,Harry,Kyle,Sydney,0.0
2026,21,St Kilda,Sydney,12268,Jake,Lloyd,Sydney,0.0
2026,21,St Kilda,Sydney,12627,Tom,McCartin,Sydney,0.003537529779137275
2026,21,St Kilda,Sydney,12861,Logan,McDonald,Sydney,0.23587529845808183
2026,21,St Kilda,Sydney,12745,Hayden,McLean,Sydney,0.0
2026,21,St Kilda,Sydney,12413,Callum,Mills,Sydney,0.01019193438758464
2026,21,St Kilda,Sydney,12412,Tom,Papley,Sydney,0.0
2026,21,St Kilda,Sydney,12140,Dane,Rampe,Sydney,0.0
2026,21,St Kilda,Sydney,12994,Matt,Roberts,Sydney,0.019714503920682046
2026,21,St Kilda,Sydney,12903,Malcolm,Rosas,Sydney,0.0
2026,21,St Kilda,Sydney,12714,James,Rowbottom,Sydney,0.0
2026,21,St Kilda,Sydney,13022,Jai,Serong,Sydney,0.0
2026,21,St Kilda,Sydney,12797,Chad,Warner,Sydney,1.5228221168137699
2026,21,Hawthorn,North Melbourne,12383,Tom,Barrass,Hawthorn,0.019670794658448364
2026,21,Hawthorn,North Melbourne,12558,Josh,Battle,Hawthorn,0.024070109680527176
2026,21,Hawthorn,North Melbourne,12485,Mabior,Chol,Hawthorn,0.11188396394782127
2026,21,Hawthorn,North Melbourne,12998,Massimo,DAmbrosio,Hawthorn,0.011277700648827903
2026,21,Hawthorn,North Melbourne,12794,Will,Day,Hawthorn,0.06509176186168399
2026,21,Hawthorn,North Melbourne,12927,Jack,Ginnivan,Hawthorn,0.009301421166637007
2026,21,Hawthorn,North Melbourne,13350,Ollie,Greeves,Hawthorn,0.0018163818713301462
2026,21,Hawthorn,North Melbourne,11845,Jack,Gunston,Hawthorn,0.0
2026,21,Hawthorn,North Melbourne,12469,Blake,Hardwick,Hawthorn,0.02696807970947398
2026,21,Hawthorn,North Melbourne,12237,Jarman,Impey,Hawthorn,0.4951620330781588
2026,21,Hawthorn,North Melbourne,13069,Bailey,Macdonald,Hawthorn,0.00454915288317525
2026,21,Hawthorn,North Melbourne,12954,Connor,Macdonald,Hawthorn,0.0
2026,21,Hawthorn,North Melbourne,13031,Cam,Mackenzie,Hawthorn,0.08390372343955979
2026,21,Hawthorn,North Melbourne,12843,Finn,Maginness,Hawthorn,0.0024581711248347006
2026,21,Hawthorn,North Melbourne,12856,Lloyd,Meek,Hawthorn,0.040554166954222
2026,21,Hawthorn,North Melbourne,12710,Dylan,Moore,Hawthorn,0.019403402605602173
2026,21,Hawthorn,North Melbourne,12579,Harry,Morrison,Hawthorn,0.004855211736387804
2026,21,Hawthorn,North Melbourne,12915,Jai,Newcombe,Hawthorn,2.338959248956595
2026,21,Hawthorn,North Melbourne,13358,Aidan,Schubert,Hawthorn,0.00872271879616928
2026,21,Hawthorn,North Melbourne,12332,James,Sicily,Hawthorn,0.019471041327121928
2026,21,Hawthorn,North Melbourne,12955,Josh,Ward,Hawthorn,0.0712224609687053
2026,21,Hawthorn,North Melbourne,13105,Nick,Watson,Hawthorn,1.6361229581964984
2026,21,Hawthorn,North Melbourne,13057,Josh,Weddle,Hawthorn,0.025347859530160687
2026,21,Hawthorn,North Melbourne,13256,Zac,Banch,North Melbourne,0.004432750593491707
2026,21,Hawthorn,North Melbourne,13287,Tom,Blamires,North Melbourne,0.0029364917631572664
2026,21,Hawthorn,North Melbourne,12938,Charlie,Comben,North Melbourne,0.007499558261961769
2026,21,Hawthorn,North Melbourne,12181,Aidan,Corr,North Melbourne,0.0
2026,21,Hawthorn,North Melbourne,12975,Paul,Curtis,North Melbourne,0.0
2026,21,Hawthorn,North Melbourne,12373,Caleb,Daniel,North Melbourne,0.012280533702704079
2026,21,Hawthorn,North Melbourne,11905,Jack,Darling,North Melbourne,0.0
2026,21,Hawthorn,North Melbourne,12590,Luke,Davies-Uniacke,North Melbourne,0.2638546717464899
2026,21,Hawthorn,North Melbourne,13144,Wil,Dawson,North Melbourne,0.0038591954684175857
2026,21,Hawthorn,North Melbourne,13025,Josh,Goater,North Melbourne,0.005273898261252901
2026,21,Hawthorn,North Melbourne,12563,Nick,Larkey,North Melbourne,0.0
2026,21,Hawthorn,North Melbourne,12511,Griffin,Logue,North Melbourne,0.008965841099599713
2026,21,Hawthorn,North Melbourne,13107,Colby,McKercher,North Melbourne,0.015243580195528232
2026,21,Hawthorn,North Melbourne,13187,Finn,OSullivan,North Melbourne,0.010786874003290155
2026,21,Hawthorn,North Melbourne,11953,Luke,Parker,North Melbourne,0.06250183996064844
2026,21,Hawthorn,North Melbourne,12701,Bailey,Scott,North Melbourne,0.00473799129762375
2026,21,Hawthorn,North Melbourne,13034,Harry,Sheezel,North Melbourne,0.39104672212612096
2026,21,Hawthorn,North Melbourne,12502,Jy,Simpkin,North Melbourne,0.09056347364272993
2026,21,Hawthorn,North Melbourne,12622,Charlie,Spargo,North Melbourne,0.0027503981796550493
2026,21,Hawthorn,North Melbourne,12796,Dylan,Stephens,North Melbourne,0.008111753710364149
2026,21,Hawthorn,North Melbourne,13263,Cooper,Trembath,North Melbourne,0.04857950100555932
2026,21,Hawthorn,North Melbourne,12788,Tristan,Xerri,North Melbourne,0.03267894555088945
2026,21,Hawthorn,North Melbourne,12557,Cameron,Zurhaar,North Melbourne,0.003083616293279211
2026,21,Port Adelaide,Greater Western Sydney,13001,Ryan,Angwin,Greater Western Sydney,0.0
2026,21,Port Adelaide,Greater Western Sydney,12782,Lachie,Ash,Greater Western Sydney,0.032782278921191635
2026,21,Port Adelaide,Greater Western Sydney,12772,Toby,Bedford,Greater Western Sydney,0.0
2026,21,Port Adelaide,Greater Western Sydney,12904,Kieren,Briggs,Greater Western Sydney,0.0
2026,21,Port Adelaide,Greater Western Sydney,12910,Callum,Brown,Greater Western Sydney,0.0
2026,21,Port Adelaide,Greater Western Sydney,13054,Aaron,Cadman,Greater Western Sydney,0.0
2026,21,Port Adelaide,Greater Western Sydney,12028,Stephen,Coniglio,Greater Western Sydney,1.2028037849096245
2026,21,Port Adelaide,Greater Western Sydney,13222,Josaia,Delana,Greater Western Sydney,0.0
2026,21,Port Adelaide,Greater Western Sydney,13164,Joe,Fonti,Greater Western Sydney,0.0
2026,21,Port Adelaide,Greater Western Sydney,13158,Max,Gruzewski,Greater Western Sydney,0.0
2026,21,Port Adelaide,Greater Western Sydney,13347,Riley,Hamilton,Greater Western Sydney,0.0
2026,21,Port Adelaide,Greater Western Sydney,12462,Harry,Himmelberg,Greater Western Sydney,0.0
2026,21,Port Adelaide,Greater Western Sydney,12750,Connor,Idun,Greater Western Sydney,0.0
2026,21,Port Adelaide,Greater Western Sydney,12377,Jayden,Laverde,Greater Western Sydney,0.0
2026,21,Port Adelaide,Greater Western Sydney,13236,Nick,Madden,Greater Western Sydney,0.0
2026,21,Port Adelaide,Greater Western Sydney,12821,Xavier,OHalloran,Greater Western Sydney,0.0
2026,21,Port Adelaide,Greater Western Sydney,12410,Clayton,Oliver,Greater Western Sydney,0.05900838675686164
2026,21,Port Adelaide,Greater Western Sydney,13348,Jack,Ough,Greater Western Sydney,0.0
2026,21,Port Adelaide,Greater Western Sydney,13045,Harry,Rowston,Greater Western Sydney,0.0
2026,21,Port Adelaide,Greater Western Sydney,12167,Jake,Stringer,Greater Western Sydney,0.5277383683793009
2026,21,Port Adelaide,Greater Western Sydney,12644,Sam,Taylor,Greater Western Sydney,0.0
2026,21,Port Adelaide,Greater Western Sydney,13101,Harvey,Thomas,Greater Western Sydney,0.0
2026,21,Port Adelaide,Greater Western Sydney,12143,Lachie,Whitfield,Greater Western Sydney,2.272055553348919
2026,21,Port Adelaide,Greater Western Sydney,12433,Aliir,Aliir,Port Adelaide,0.0
2026,21,Port Adelaide,Greater Western Sydney,13337,Xavier,Bamert,Port Adelaide,0.0
2026,21,Port Adelaide,Greater Western Sydney,12867,Miles,Bergman,Port Adelaide,0.0
2026,21,Port Adelaide,Greater Western Sydney,13188,Joe,Berry,Port Adelaide,0.0
2026,21,Port Adelaide,Greater Western Sydney,13007,Jase,Burgoyne,Port Adelaide,0.0
2026,21,Port Adelaide,Greater Western Sydney,12422,Darcy,Byrne-Jones,Port Adelaide,0.0
2026,21,Port Adelaide,Greater Western Sydney,12695,Willem,Drew,Port Adelaide,0.0
2026,21,Port Adelaide,Greater Western Sydney,12936,Corey,Durdin,Port Adelaide,0.0
2026,21,Port Adelaide,Greater Western Sydney,12766,Mitch,Georgiades,Port Adelaide,0.0
2026,21,Port Adelaide,Greater Western Sydney,12956,Jason,Horne-Francis,Port Adelaide,1.905611627683254
2026,21,Port Adelaide,Greater Western Sydney,12882,Lachie,Jones,Port Adelaide,0.0
2026,21,Port Adelaide,Greater Western Sydney,13301,Josh,Lai,Port Adelaide,0.0
2026,21,Port Adelaide,Greater Western Sydney,13162,Will,Lorenz,Port Adelaide,0.0
2026,21,Port Adelaide,Greater Western Sydney,12575,Todd,Marshall,Port Adelaide,0.0
2026,21,Port Adelaide,Greater Western Sydney,13199,Christian,Moraes,Port Adelaide,0.0
2026,21,Port Adelaide,Greater Western Sydney,13354,Balyn,OBrien,Port Adelaide,0.0
2026,21,Port Adelaide,Greater Western Sydney,13270,Harrison,Ramm,Port Adelaide,0.0
2026,21,Port Adelaide,Greater Western Sydney,12890,Jordon,Sweet,Port Adelaide,0.0
2026,21,Port Adelaide,Greater Western Sydney,13073,Dante,Visentini,Port Adelaide,0.0
2026,21,Port Adelaide,Greater Western Sydney,13289,Jack,Watkins,Port Adelaide,0.0
2026,21,Port Adelaide,Greater Western Sydney,13259,Jack,Whitlock,Port Adelaide,0.0
2026,21,Port Adelaide,Greater Western Sydney,12150,Ollie,Wines,Port Adelaide,0.0
2026,21,Port Adelaide,Greater Western Sydney,13305,Mitch,Zadow,Port Adelaide,0.0
2026,21,Carlton,Brisbane Lions,12277,Charlie,Cameron,Brisbane Lions,0.0
2026,21,Carlton,Brisbane Lions,12655,Oscar,Allen,Brisbane Lions,0.0
2026,21,Carlton,Brisbane Lions,12340,Harris,Andrews,Brisbane Lions,0.0
2026,21,Carlton,Brisbane Lions,12718,Noah,Answerth,Brisbane Lions,0.0
2026,21,Carlton,Brisbane Lions,13197,Levi,Ashcroft,Brisbane Lions,0.0
2026,21,Carlton,Brisbane Lions,13040,Will,Ashcroft,Brisbane Lions,0.3135253792566398
2026,21,Carlton,Brisbane Lions,12610,Zac,Bailey,Brisbane Lions,0.0
2026,21,Carlton,Brisbane Lions,12519,Jarrod,Berry,Brisbane Lions,0.0
2026,21,Carlton,Brisbane Lions,12838,Keidean,Coleman,Brisbane Lions,0.0
2026,21,Carlton,Brisbane Lions,12810,Sam,Draper,Brisbane Lions,0.0
2026,21,Carlton,Brisbane Lions,12408,Josh,Dunkley,Brisbane Lions,0.0
2026,21,Carlton,Brisbane Lions,13072,Jaspa,Fletcher,Brisbane Lions,0.0
2026,21,Carlton,Brisbane Lions,12724,Darcy,Fort,Brisbane Lions,0.0
2026,21,Carlton,Brisbane Lions,12454,Eric,Hipwood,Brisbane Lions,0.0
2026,21,Carlton,Brisbane Lions,11894,Ryan,Lester,Brisbane Lions,0.0
2026,21,Carlton,Brisbane Lions,12968,Kai,Lohmann,Brisbane Lions,0.0
2026,21,Carlton,Brisbane Lions,12518,Hugh,McCluggage,Brisbane Lions,0.0
2026,21,Carlton,Brisbane Lions,12391,Conor,McKenna,Brisbane Lions,0.0
2026,21,Carlton,Brisbane Lions,13137,Logan,Morris,Brisbane Lions,0.0
2026,21,Carlton,Brisbane Lions,12055,Lachie,Neale,Brisbane Lions,0.07546577829036806
2026,21,Carlton,Brisbane Lions,12592,Cam,Rayner,Brisbane Lions,0.0
2026,21,Carlton,Brisbane Lions,13138,Bruce,Reville,Brisbane Lions,0.0
2026,21,Carlton,Brisbane Lions,13026,Darcy,Wilmot,Brisbane Lions,0.0
2026,21,Carlton,Brisbane Lions,13365,Billy,Wilson,Carlton,0.0
2026,21,Carlton,Brisbane Lions,12276,Blake,Acres,Carlton,0.0
2026,21,Carlton,Brisbane Lions,12498,Ben,Ainsworth,Carlton,0.0
2026,21,Carlton,Brisbane Lions,13297,Talor,Byrne,Carlton,0.0
2026,21,Carlton,Brisbane Lions,12603,Adam,Cerra,Carlton,0.0
2026,21,Carlton,Brisbane Lions,12822,Matthew,Cottrell,Carlton,0.0
2026,21,Carlton,Brisbane Lions,13028,Lachlan,Cowan,Carlton,0.0
2026,21,Carlton,Brisbane Lions,12261,Patrick,Cripps,Carlton,0.789590707785246
2026,21,Carlton,Brisbane Lions,13273,Harry,Dean,Carlton,0.0
2026,21,Carlton,Brisbane Lions,13303,Wade,Derksen,Carlton,0.0
2026,21,Carlton,Brisbane Lions,12873,Francis,Evans,Carlton,0.0
2026,21,Carlton,Brisbane Lions,12497,Oliver,Florent,Carlton,0.0
2026,21,Carlton,Brisbane Lions,12091,Nick,Haynes,Carlton,0.0
2026,21,Carlton,Brisbane Lions,12509,Will,Hayward,Carlton,0.0
2026,21,Carlton,Brisbane Lions,12411,George,Hewett,Carlton,1.4612597461714456
2026,21,Carlton,Brisbane Lions,12937,Brodie,Kemp,Carlton,1.0516873538622706
2026,21,Carlton,Brisbane Lions,13170,Cooper,Lord,Carlton,0.0
2026,21,Carlton,Brisbane Lions,12404,Mitch,McGovern,Carlton,0.0
2026,21,Carlton,Brisbane Lions,12566,Harry,McKay,Carlton,0.3990445565581632
2026,21,Carlton,Brisbane Lions,12417,Marc,Pittonet,Carlton,0.0
2026,21,Carlton,Brisbane Lions,13274,Jagga,Smith,Carlton,1.846964491452527
2026,21,Carlton,Brisbane Lions,12684,Sam,Walsh,Carlton,0.06246198662133805
2026,21,Carlton,Brisbane Lions,12559,Lewis,Young,Carlton,0.0
2026,21,Richmond,West Coast,12712,Jack,Ross,Richmond,0.32834161178837307
2026,21,Richmond,West Coast,13338,Kye,Annand,Richmond,0.012223596827828772
2026,21,Richmond,West Coast,13078,Sam,Banks,Richmond,0.009809996614451635
2026,21,Richmond,West Coast,12456,Nathan,Broad,Richmond,0.010417062129671853
2026,21,Richmond,West Coast,13096,Tom,Brown,Richmond,0.022329912724453248
2026,21,Richmond,West Coast,13100,Seth,Campbell,Richmond,0.012492913061991536
2026,21,Richmond,West Coast,13316,Sam,Cumming,Richmond,0.012002379594644471
2026,21,Richmond,West Coast,13290,Sam,Grlj,Richmond,0.005478502267446747
2026,21,Richmond,West Coast,13253,Taj,Hotton,Richmond,0.004991031097909262
2026,21,Richmond,West Coast,13190,Sam,Lalor,Richmond,0.2982360190396273
2026,21,Richmond,West Coast,13113,Mykelti,Lefau,Richmond,0.00855823088262563
2026,21,Richmond,West Coast,11948,Tom,Lynch,Richmond,0.24551210719648972
2026,21,Richmond,West Coast,12941,Ben,Miller,Richmond,0.012825250724475564
2026,21,Richmond,West Coast,12374,Toby,Nankervis,Richmond,0.12676810818914624
2026,21,Richmond,West Coast,11917,Dion,Prestia,Richmond,0.03611138613199128
2026,21,Richmond,West Coast,12902,Hugo,Ralphsmith,Richmond,0.07435824237161286
2026,21,Richmond,West Coast,13313,Patrick,Retschko,Richmond,0.029839079355425173
2026,21,Richmond,West Coast,12918,Samson,Ryan,Richmond,0.009643863716132508
2026,21,Richmond,West Coast,12418,Jayden,Short,Richmond,0.014110222442478662
2026,21,Richmond,West Coast,13014,Tyler,Sonsie,Richmond,0.022075122977162374
2026,21,Richmond,West Coast,12504,Tim,Taranto,Richmond,2.1941389517101797
2026,21,Richmond,West Coast,13191,Luke,Trainor,Richmond,0.018291817771362955
2026,21,Richmond,West Coast,12174,Nick,Vlastuin,Richmond,0.0033664639938454
2026,21,Richmond,West Coast,12576,Jack,Graham,West Coast,0.0029516401228662417
2026,21,Richmond,West Coast,12962,Jack,Williams,West Coast,0.002543682111933612
2026,21,Richmond,West Coast,13221,Bo,Allan,West Coast,0.007117085966933714
2026,21,Richmond,West Coast,13000,Rhett,Bazzo,West Coast,0.014960040329360288
2026,21,Richmond,West Coast,13209,Sandy,Brock,West Coast,0.008474567142850322
2026,21,Richmond,West Coast,12446,Tom,Cole,West Coast,0.0079796867754894
2026,21,Richmond,West Coast,13291,Cooper,Duff-Tytler,West Coast,0.007365410102268868
2026,21,Richmond,West Coast,12334,Liam,Duggan,West Coast,0.0017286482716347609
2026,21,Richmond,West Coast,13292,Willem,Duursma,West Coast,0.01620422426452326
2026,21,Richmond,West Coast,13339,Marcus,Herbert,West Coast,0.28712270153689684
2026,21,Richmond,West Coast,12957,Brady,Hough,West Coast,0.009141074757035591
2026,21,Richmond,West Coast,13136,Harvey,Johnston,West Coast,0.0046366815015252884
2026,21,Richmond,West Coast,12595,Tim,Kelly,West Coast,0.10594574483938239
2026,21,Richmond,West Coast,13070,Ryan,Maric,West Coast,0.009195956846218175
2026,21,Richmond,West Coast,13240,Tom,McCarthy,West Coast,0.012299175527139153
2026,21,Richmond,West Coast,13294,Milan,Murdock,West Coast,0.0
2026,21,Richmond,West Coast,13111,Harley,Reid,West Coast,1.899335479393092
2026,21,Richmond,West Coast,13247,Jobe,Shanahan,West Coast,0.004229253194858581
2026,21,Richmond,West Coast,12668,Brandon,Starcevich,West Coast,0.010402505884350257
2026,21,Richmond,West Coast,12601,Jake,Waterman,West Coast,0.0
2026,21,Richmond,West Coast,12836,Bailey,Williams,West Coast,0.002529480428876593
2026,21,Richmond,West Coast,12087,Elliot,Yeo,West Coast,0.06424137071322637
2026,21,Richmond,West Coast,13043,Tylar,Young,West Coast,0.009673717692485198
2026,21,Gold Coast,Melbourne,13341,Beau,Addinsall,Gold Coast,0.005913206585973365
2026,21,Gold Coast,Melbourne,12767,Noah,Anderson,Gold Coast,0.04252558748860152
2026,21,Gold Coast,Melbourne,13019,Mac,Andrew,Gold Coast,0.008608995970494797
2026,21,Gold Coast,Melbourne,12625,Charlie,Ballard,Gold Coast,0.00010204461428176752
2026,21,Gold Coast,Melbourne,12444,Sam,Collins,Gold Coast,0.0
2026,21,Gold Coast,Melbourne,13049,Bailey,Humphrey,Gold Coast,0.004840629895082612
2026,21,Gold Coast,Melbourne,12933,Joel,Jeffrey,Gold Coast,0.0005369333170652877
2026,21,Gold Coast,Melbourne,12728,Ben,King,Gold Coast,0.0
2026,21,Gold Coast,Melbourne,13232,Leo,Lombard,Gold Coast,0.003945935759812704
2026,21,Gold Coast,Melbourne,12521,Ben,Long,Gold Coast,0.0004161564023055862
2026,21,Gold Coast,Melbourne,12331,Touk,Miller,Gold Coast,0.04067722258047569
2026,21,Gold Coast,Melbourne,13050,Ned,Moyle,Gold Coast,0.002125754903294066
2026,21,Gold Coast,Melbourne,13332,Jai,Murray,Gold Coast,0.0005970679845434055
2026,21,Gold Coast,Melbourne,12743,John,Noble,Gold Coast,0.6933971252290555
2026,21,Gold Coast,Melbourne,13346,Dylan,Patterson,Gold Coast,0.0
2026,21,Gold Coast,Melbourne,12430,Christian,Petracca,Gold Coast,0.0034669629366568333
2026,21,Gold Coast,Melbourne,12652,Wil,Powell,Gold Coast,0.0
2026,21,Gold Coast,Melbourne,13121,Ethan,Read,Gold Coast,0.006202480438278959
2026,21,Gold Coast,Melbourne,12403,Daniel,Rioli,Gold Coast,0.0012807795108457996
2026,21,Gold Coast,Melbourne,13126,Jake,Rogers,Gold Coast,9.445794513083454e-05
2026,21,Gold Coast,Melbourne,12768,Matt,Rowell,Gold Coast,1.1135516995408976
2026,21,Gold Coast,Melbourne,13041,Bodhi,Uwland,Gold Coast,0.0011517010141154159
2026,21,Gold Coast,Melbourne,13114,Jed,Walter,Gold Coast,0.005256661363054784
2026,21,Gold Coast,Melbourne,12931,Jake,Bowey,Melbourne,0.15308750011306807
2026,21,Gold Coast,Melbourne,13300,Paddy,Cross,Melbourne,0.0004133832250794798
2026,21,Gold Coast,Melbourne,13335,Joel,Fitzgerald,Melbourne,0.736279449430791
2026,21,Gold Coast,Melbourne,12598,Bayley,Fritsch,Melbourne,0.006443432594731993
2026,21,Gold Coast,Melbourne,11966,Max,Gawn,Melbourne,2.098121202663304
2026,21,Gold Coast,Melbourne,13098,Blake,Howes,Melbourne,0.0015696050058760034
2026,21,Gold Coast,Melbourne,13182,Matthew,Jefferson,Melbourne,0.0007012217796998419
2026,21,Gold Coast,Melbourne,12752,Changkuoth,Jiath,Melbourne,0.004473391133186185
2026,21,Gold Coast,Melbourne,12393,Ed,Langdon,Melbourne,0.007699575999487626
2026,21,Gold Coast,Melbourne,13184,Harvey,Langford,Melbourne,0.004508744927497762
2026,21,Gold Coast,Melbourne,13032,Bailey,Laurie,Melbourne,0.0
2026,21,Gold Coast,Melbourne,12351,Jake,Lever,Melbourne,0.0023792453452070117
2026,21,Gold Coast,Melbourne,12009,Tom,McDonald,Melbourne,0.00962686825672552
2026,21,Gold Coast,Melbourne,12653,Harry,Petty,Melbourne,0.053535863278326344
2026,21,Gold Coast,Melbourne,12771,Kysaiah,Pickett,Melbourne,0.031160292951819567
2026,21,Gold Coast,Melbourne,12778,Trent,Rivers,Melbourne,0.18608010759876698
2026,21,Gold Coast,Melbourne,12272,Christian,Salem,Melbourne,0.0
2026,21,Gold Coast,Melbourne,12864,Harry,Sharp,Melbourne,0.006424513789969979
2026,21,Gold Coast,Melbourne,12693,Tom,Sparrow,Melbourne,0.41369204137932675
2026,21,Gold Coast,Melbourne,12368,Jack,Steele,Melbourne,0.06781696329930678
2026,21,Gold Coast,Melbourne,13123,Koltyn,Tholstrup,Melbourne,0.0027501310295061166
2026,21,Gold Coast,Melbourne,13048,Jacob,van Rooyen,Melbourne,0.22062983962568086
2026,21,Gold Coast,Melbourne,13099,Caleb,Windsor,Melbourne,0.057915223103513415
2026,21,Essendon,Adelaide,12414,Callum,Ah Chee,Adelaide,0.0
2026,21,Essendon,Adelaide,13086,James,Borlase,Adelaide,0.0
2026,21,Essendon,Adelaide,12932,Brayden,Cook,Adelaide,0.0
2026,21,Essendon,Adelaide,12629,Isaac,Cumming,Adelaide,0.0
2026,21,Essendon,Adelaide,13132,Daniel,Curtin,Adelaide,0.0
2026,21,Essendon,Adelaide,12516,Jordan,Dawson,Adelaide,1.3891293344217732
2026,21,Essendon,Adelaide,13150,Billy,Dowling,Adelaide,0.0
2026,21,Essendon,Adelaide,13328,Hugo,Hall-Kahan,Adelaide,0.0
2026,21,Essendon,Adelaide,12809,Mark,Keane,Adelaide,0.0
2026,21,Essendon,Adelaide,12434,Ben,Keays,Adelaide,0.0
2026,21,Essendon,Adelaide,13356,Archie,Ludowyke,Adelaide,0.0
2026,21,Essendon,Adelaide,13065,Lachlan,McAndrew,Adelaide,0.0
2026,21,Essendon,Adelaide,13027,Max,Michalanney,Adelaide,0.0
2026,21,Essendon,Adelaide,13081,Luke,Nankervis,Adelaide,0.0
2026,21,Essendon,Adelaide,12367,Alex,Neal-Bullen,Adelaide,0.0
2026,21,Essendon,Adelaide,12953,Josh,Rachele,Adelaide,0.0
2026,21,Essendon,Adelaide,12798,Izak,Rankine,Adelaide,1.6297122639571644
2026,21,Essendon,Adelaide,13357,Oscar,Ryan,Adelaide,0.0
2026,21,Essendon,Adelaide,12952,Jake,Soligo,Adelaide,0.0
2026,21,Essendon,Adelaide,13159,Zac,Taylor,Adelaide,0.0
2026,21,Essendon,Adelaide,12892,Riley,Thilthorpe,Adelaide,2.2268431952395638
2026,21,Essendon,Adelaide,11713,Taylor,Walker,Adelaide,0.0
2026,21,Essendon,Adelaide,12912,Josh,Worrell,Adelaide,0.0
2026,21,Essendon,Adelaide,13352,Jaxon,Artemis,Essendon,0.0
2026,21,Essendon,Adelaide,12899,Nick,Bryan,Essendon,0.0
2026,21,Essendon,Adelaide,13148,Nate,Caddy,Essendon,0.0
2026,21,Essendon,Adelaide,13229,Angus,Clarke,Essendon,0.0
2026,21,Essendon,Adelaide,13223,Archer,Day-Wicks,Essendon,0.0
2026,21,Essendon,Adelaide,12925,Sam,Durham,Essendon,0.0
2026,21,Essendon,Adelaide,13281,Hussien,El Achkar,Essendon,0.0
2026,21,Essendon,Adelaide,13299,Jacob,Farrow,Essendon,0.0
2026,21,Essendon,Adelaide,13231,Zak,Johnson,Essendon,0.0
2026,21,Essendon,Adelaide,12853,Harry,Jones,Essendon,0.0
2026,21,Essendon,Adelaide,13177,Isaac,Kako,Essendon,0.0
2026,21,Essendon,Adelaide,13282,Max,Kondogiannis,Essendon,0.0
2026,21,Essendon,Adelaide,12349,Kyle,Langford,Essendon,0.0
2026,21,Essendon,Adelaide,12491,Andrew,McGrath,Essendon,0.0
2026,21,Essendon,Adelaide,12241,Zach,Merrett,Essendon,0.0
2026,21,Essendon,Adelaide,12874,Jaxon,Prior,Essendon,0.0
2026,21,Essendon,Adelaide,12437,Mason,Redman,Essendon,0.0
2026,21,Essendon,Adelaide,12889,Zach,Reid,Essendon,0.0
2026,21,Essendon,Adelaide,13168,Archie,Roberts,Essendon,0.0
2026,21,Essendon,Adelaide,12567,Will,Setterfield,Essendon,0.0
2026,21,Essendon,Adelaide,13283,Dyson,Sharp,Essendon,0.0
2026,21,Essendon,Adelaide,13264,Rhys,Unwin,Essendon,0.0
2026,21,Essendon,Adelaide,12366,Peter,Wright,Essendon,0.7543152063821252
2026,22,Western Bulldogs,North Melbourne,13256,Zac,Banch,North Melbourne,0.020812761591454905
2026,22,Western Bulldogs,North Melbourne,13287,Tom,Blamires,North Melbourne,0.015211359323100783
2026,22,Western Bulldogs,North Melbourne,12938,Charlie,Comben,North Melbourne,0.01743947689022072
2026,22,Western Bulldogs,North Melbourne,12181,Aidan,Corr,North Melbourne,0.013767193635373466
2026,22,Western Bulldogs,North Melbourne,12975,Paul,Curtis,North Melbourne,0.8929398716892737
2026,22,Western Bulldogs,North Melbourne,12373,Caleb,Daniel,North Melbourne,0.49478510344515403
2026,22,Western Bulldogs,North Melbourne,11905,Jack,Darling,North Melbourne,0.0884339076047504
2026,22,Western Bulldogs,North Melbourne,12590,Luke,Davies-Uniacke,North Melbourne,2.628433402092596
2026,22,Western Bulldogs,North Melbourne,13144,Wil,Dawson,North Melbourne,0.012250708473518397
2026,22,Western Bulldogs,North Melbourne,13130,Riley,Hardeman,North Melbourne,0.016294549607903754
2026,22,Western Bulldogs,North Melbourne,12563,Nick,Larkey,North Melbourne,0.015113454162690838
2026,22,Western Bulldogs,North Melbourne,12511,Griffin,Logue,North Melbourne,0.02038849321137263
2026,22,Western Bulldogs,North Melbourne,13107,Colby,McKercher,North Melbourne,0.12558593539867632
2026,22,Western Bulldogs,North Melbourne,13187,Finn,OSullivan,North Melbourne,0.02548460927283471
2026,22,Western Bulldogs,North Melbourne,11953,Luke,Parker,North Melbourne,0.04208359386579761
2026,22,Western Bulldogs,North Melbourne,13034,Harry,Sheezel,North Melbourne,0.471134986907563
2026,22,Western Bulldogs,North Melbourne,12502,Jy,Simpkin,North Melbourne,0.0335767778500029
2026,22,Western Bulldogs,North Melbourne,12622,Charlie,Spargo,North Melbourne,0.007852499165747297
2026,22,Western Bulldogs,North Melbourne,12796,Dylan,Stephens,North Melbourne,0.1296190330972494
2026,22,Western Bulldogs,North Melbourne,13263,Cooper,Trembath,North Melbourne,0.012737291181238238
2026,22,Western Bulldogs,North Melbourne,13064,George,Wardlaw,North Melbourne,0.1250559218359054
2026,22,Western Bulldogs,North Melbourne,12788,Tristan,Xerri,North Melbourne,0.057291998039416654
2026,22,Western Bulldogs,North Melbourne,12557,Cameron,Zurhaar,North Melbourne,0.03870574818137513
2026,22,Western Bulldogs,North Melbourne,12269,Marcus,Bontempelli,Western Bulldogs,0.1868507933209381
2026,22,Western Bulldogs,North Melbourne,12916,Lachlan,Bramble,Western Bulldogs,0.01997322240469438
2026,22,Western Bulldogs,North Melbourne,12608,Nick,Coffield,Western Bulldogs,0.01789312891904455
2026,22,Western Bulldogs,North Melbourne,13265,Jordan,Croft,Western Bulldogs,0.015695930947339155
2026,22,Western Bulldogs,North Melbourne,13178,Sam,Davidson,Western Bulldogs,0.008209510863382237
2026,22,Western Bulldogs,North Melbourne,13179,Josh,Dolan,Western Bulldogs,0.011876965134283081
2026,22,Western Bulldogs,North Melbourne,12537,Tim,English,Western Bulldogs,0.01212162885020613
2026,22,Western Bulldogs,North Melbourne,13140,Joel,Freijah,Western Bulldogs,0.009225265276974766
2026,22,Western Bulldogs,North Melbourne,13213,Cooper,Hynes,Western Bulldogs,0.013994954957608642
2026,22,Western Bulldogs,North Melbourne,13275,Lachie,Jaques,Western Bulldogs,0.01230830643289419
2026,22,Western Bulldogs,North Melbourne,13046,Arthur,Jones,Western Bulldogs,0.00825256868629582
2026,22,Western Bulldogs,North Melbourne,12455,Matthew,Kennedy,Western Bulldogs,0.008280493807002721
2026,22,Western Bulldogs,North Melbourne,12900,Buku,Khamis,Western Bulldogs,0.010192241014822613
2026,22,Western Bulldogs,North Melbourne,11898,Tom,Liberatore,Western Bulldogs,0.004726351794284413
2026,22,Western Bulldogs,North Melbourne,12282,Rory,Lobb,Western Bulldogs,0.007257852147214368
2026,22,Western Bulldogs,North Melbourne,12594,Aaron,Naughton,Western Bulldogs,0.0
2026,22,Western Bulldogs,North Melbourne,13061,James,ODonnell,Western Bulldogs,0.010416083736731009
2026,22,Western Bulldogs,North Melbourne,12605,Ed,Richards,Western Bulldogs,0.2940274383532864
2026,22,Western Bulldogs,North Melbourne,13103,Ryley,Sanders,Western Bulldogs,0.00885217775361697
2026,22,Western Bulldogs,North Melbourne,13276,Michael,Sellwood,Western Bulldogs,0.01263908381123522
2026,22,Western Bulldogs,North Melbourne,12800,Cody,Weightman,Western Bulldogs,0.007937777331006958
2026,22,Western Bulldogs,North Melbourne,12748,Rhylee,West,Western Bulldogs,0.005740700201790579
2026,22,Western Bulldogs,North Melbourne,12441,Bailey,Williams,Western Bulldogs,0.008528847718677325
2026,22,Brisbane Lions,Hawthorn,12277,Charlie,Cameron,Brisbane Lions,0.011211363025510021
2026,22,Brisbane Lions,Hawthorn,12655,Oscar,Allen,Brisbane Lions,0.0
2026,22,Brisbane Lions,Hawthorn,12340,Harris,Andrews,Brisbane Lions,0.1793325152908202
2026,22,Brisbane Lions,Hawthorn,13295,Daniel,Annable,Brisbane Lions,0.0002668123969578693
2026,22,Brisbane Lions,Hawthorn,12718,Noah,Answerth,Brisbane Lions,0.0
2026,22,Brisbane Lions,Hawthorn,13197,Levi,Ashcroft,Brisbane Lions,0.06576390241410923
2026,22,Brisbane Lions,Hawthorn,13040,Will,Ashcroft,Brisbane Lions,1.8339301922534514
2026,22,Brisbane Lions,Hawthorn,12610,Zac,Bailey,Brisbane Lions,0.03025907877085037
2026,22,Brisbane Lions,Hawthorn,12519,Jarrod,Berry,Brisbane Lions,0.005310124813128392
2026,22,Brisbane Lions,Hawthorn,12810,Sam,Draper,Brisbane Lions,0.00964587787373906
2026,22,Brisbane Lions,Hawthorn,12408,Josh,Dunkley,Brisbane Lions,0.08056496589981188
2026,22,Brisbane Lions,Hawthorn,13072,Jaspa,Fletcher,Brisbane Lions,0.0007677511536388158
2026,22,Brisbane Lions,Hawthorn,12724,Darcy,Fort,Brisbane Lions,0.002643016238714666
2026,22,Brisbane Lions,Hawthorn,12267,Darcy,Gardiner,Brisbane Lions,0.0
2026,22,Brisbane Lions,Hawthorn,12454,Eric,Hipwood,Brisbane Lions,0.0017136057473210817
2026,22,Brisbane Lions,Hawthorn,11894,Ryan,Lester,Brisbane Lions,0.0
2026,22,Brisbane Lions,Hawthorn,12968,Kai,Lohmann,Brisbane Lions,2.296608282210684
2026,22,Brisbane Lions,Hawthorn,12391,Conor,McKenna,Brisbane Lions,0.00035890629442029455
2026,22,Brisbane Lions,Hawthorn,13137,Logan,Morris,Brisbane Lions,0.5245119287758527
2026,22,Brisbane Lions,Hawthorn,12055,Lachie,Neale,Brisbane Lions,0.8410982701482224
2026,22,Brisbane Lions,Hawthorn,12592,Cam,Rayner,Brisbane Lions,0.005315999649414755
2026,22,Brisbane Lions,Hawthorn,13026,Darcy,Wilmot,Brisbane Lions,0.0007629084384554816
2026,22,Brisbane Lions,Hawthorn,12076,Dayne,Zorko,Brisbane Lions,0.053863098932304405
2026,22,Brisbane Lions,Hawthorn,12357,Karl,Amon,Hawthorn,0.0
2026,22,Brisbane Lions,Hawthorn,12383,Tom,Barrass,Hawthorn,0.0
2026,22,Brisbane Lions,Hawthorn,12558,Josh,Battle,Hawthorn,0.00016587032690272042
2026,22,Brisbane Lions,Hawthorn,12988,Sam,Butler,Hawthorn,0.0
2026,22,Brisbane Lions,Hawthorn,12485,Mabior,Chol,Hawthorn,0.0
2026,22,Brisbane Lions,Hawthorn,12998,Massimo,DAmbrosio,Hawthorn,0.0
2026,22,Brisbane Lions,Hawthorn,12794,Will,Day,Hawthorn,0.0004418622754297583
2026,22,Brisbane Lions,Hawthorn,12927,Jack,Ginnivan,Hawthorn,0.0
2026,22,Brisbane Lions,Hawthorn,11845,Jack,Gunston,Hawthorn,0.0
2026,22,Brisbane Lions,Hawthorn,12469,Blake,Hardwick,Hawthorn,0.0
2026,22,Brisbane Lions,Hawthorn,12237,Jarman,Impey,Hawthorn,0.0
2026,22,Brisbane Lions,Hawthorn,12636,Mitch,Lewis,Hawthorn,0.0
2026,22,Brisbane Lions,Hawthorn,12954,Connor,Macdonald,Hawthorn,0.0
2026,22,Brisbane Lions,Hawthorn,13031,Cam,Mackenzie,Hawthorn,0.005083344509771126
2026,22,Brisbane Lions,Hawthorn,12856,Lloyd,Meek,Hawthorn,0.0
2026,22,Brisbane Lions,Hawthorn,12710,Dylan,Moore,Hawthorn,0.0
2026,22,Brisbane Lions,Hawthorn,12579,Harry,Morrison,Hawthorn,0.0
2026,22,Brisbane Lions,Hawthorn,12915,Jai,Newcombe,Hawthorn,0.0
2026,22,Brisbane Lions,Hawthorn,12906,Ned,Reeves,Hawthorn,0.0
2026,22,Brisbane Lions,Hawthorn,12332,James,Sicily,Hawthorn,0.0
2026,22,Brisbane Lions,Hawthorn,12955,Josh,Ward,Hawthorn,0.04849632211005018
2026,22,Brisbane Lions,Hawthorn,13105,Nick,Watson,Hawthorn,0.0016147613660640412
2026,22,Brisbane Lions,Hawthorn,13057,Josh,Weddle,Hawthorn,0.0002692390808029608
2026,22,Melbourne,Fremantle,12983,Jye,Amiss,Fremantle,0.5399399293278696
2026,22,Melbourne,Fremantle,12535,Shai,Bolton,Fremantle,0.10045114720306278
2026,22,Melbourne,Fremantle,12589,Andrew,Brayshaw,Fremantle,0.10851830043745406
2026,22,Melbourne,Fremantle,12875,Heath,Chapman,Fremantle,0.0299722665213698
2026,22,Melbourne,Fremantle,12688,Jordan,Clark,Fremantle,0.029640301582715432
2026,22,Melbourne,Fremantle,12544,Brennan,Cox,Fremantle,0.03690692723508151
2026,22,Melbourne,Fremantle,12428,Mason,Cox,Fremantle,0.029184154189669208
2026,22,Melbourne,Fremantle,13204,Isaiah,Dudley,Fremantle,0.0353959806757372
2026,22,Melbourne,Fremantle,12966,Neil,Erasmus,Fremantle,0.030288747555051586
2026,22,Melbourne,Fremantle,12801,Michael,Frederick,Fremantle,0.028859327459259114
2026,22,Melbourne,Fremantle,12779,Luke,Jackson,Fremantle,0.2613209964406375
2026,22,Melbourne,Fremantle,13047,Matthew,Johnson,Fremantle,0.2388400708546366
2026,22,Melbourne,Fremantle,12394,Oscar,McDonald,Fremantle,0.030785337680334833
2026,22,Melbourne,Fremantle,13033,Judd,McVee,Fremantle,0.027209303795232197
2026,22,Melbourne,Fremantle,12960,Nathan,ODriscoll,Fremantle,0.030031977347059667
2026,22,Melbourne,Fremantle,13180,Murphy,Reid,Fremantle,0.028576095509659886
2026,22,Melbourne,Fremantle,12542,Luke,Ryan,Fremantle,0.023726568356564857
2026,22,Melbourne,Fremantle,12786,Caleb,Serong,Fremantle,0.14981152479009974
2026,22,Melbourne,Fremantle,12672,Sam,Switkowski,Fremantle,0.02573225425552366
2026,22,Melbourne,Fremantle,12887,Josh,Treacy,Fremantle,0.0565590402006619
2026,22,Melbourne,Fremantle,13129,Patrick,Voss,Fremantle,0.1073176499925644
2026,22,Melbourne,Fremantle,13075,Karl,Worner,Fremantle,0.03020529321919082
2026,22,Melbourne,Fremantle,12777,Hayden,Young,Fremantle,0.0385006046479183
2026,22,Melbourne,Fremantle,12931,Jake,Bowey,Melbourne,0.12437092275623282
2026,22,Melbourne,Fremantle,12756,Kade,Chandler,Melbourne,0.02969321069111721
2026,22,Melbourne,Fremantle,13335,Joel,Fitzgerald,Melbourne,0.03384007386849119
2026,22,Melbourne,Fremantle,12598,Bayley,Fritsch,Melbourne,0.0
2026,22,Melbourne,Fremantle,11966,Max,Gawn,Melbourne,0.2415774759088649
2026,22,Melbourne,Fremantle,13182,Matthew,Jefferson,Melbourne,0.03070445184651923
2026,22,Melbourne,Fremantle,12752,Changkuoth,Jiath,Melbourne,0.03174529929329547
2026,22,Melbourne,Fremantle,12393,Ed,Langdon,Melbourne,0.025492276795650796
2026,22,Melbourne,Fremantle,13184,Harvey,Langford,Melbourne,0.12550629052479026
2026,22,Melbourne,Fremantle,13032,Bailey,Laurie,Melbourne,0.038264186330661
2026,22,Melbourne,Fremantle,12351,Jake,Lever,Melbourne,0.031914352085742025
2026,22,Melbourne,Fremantle,12009,Tom,McDonald,Melbourne,0.03126822976091339
2026,22,Melbourne,Fremantle,12653,Harry,Petty,Melbourne,0.053548216672384234
2026,22,Melbourne,Fremantle,12771,Kysaiah,Pickett,Melbourne,2.062358705613298
2026,22,Melbourne,Fremantle,12778,Trent,Rivers,Melbourne,0.088742031854361
2026,22,Melbourne,Fremantle,12272,Christian,Salem,Melbourne,0.025549887337468567
2026,22,Melbourne,Fremantle,12864,Harry,Sharp,Melbourne,0.296150788525108
2026,22,Melbourne,Fremantle,12693,Tom,Sparrow,Melbourne,0.4079320745780001
2026,22,Melbourne,Fremantle,12368,Jack,Steele,Melbourne,0.13508122262740263
2026,22,Melbourne,Fremantle,13123,Koltyn,Tholstrup,Melbourne,0.03787142669685533
2026,22,Melbourne,Fremantle,12996,Daniel,Turner,Melbourne,0.03763549534001478
2026,22,Melbourne,Fremantle,13048,Jacob,van Rooyen,Melbourne,0.035855568911423684
2026,22,Melbourne,Fremantle,13099,Caleb,Windsor,Melbourne,0.057124012692888394
2026,22,Sydney,Port Adelaide,12433,Aliir,Aliir,Port Adelaide,0.009915874743575123
2026,22,Sydney,Port Adelaide,13322,Tom,Anastasopoulos,Port Adelaide,0.009287049580103138
2026,22,Sydney,Port Adelaide,12867,Miles,Bergman,Port Adelaide,0.0028745644258768716
2026,22,Sydney,Port Adelaide,13188,Joe,Berry,Port Adelaide,0.004981625703008016
2026,22,Sydney,Port Adelaide,13007,Jase,Burgoyne,Port Adelaide,0.13080719098683358
2026,22,Sydney,Port Adelaide,12422,Darcy,Byrne-Jones,Port Adelaide,0.0007470877559923178
2026,22,Sydney,Port Adelaide,12695,Willem,Drew,Port Adelaide,0.06833945535898768
2026,22,Sydney,Port Adelaide,12936,Corey,Durdin,Port Adelaide,0.009267074429984326
2026,22,Sydney,Port Adelaide,12956,Jason,Horne-Francis,Port Adelaide,0.032697445151219195
2026,22,Sydney,Port Adelaide,13301,Josh,Lai,Port Adelaide,0.015711526847030324
2026,22,Sydney,Port Adelaide,13162,Will,Lorenz,Port Adelaide,0.0087486201031957
2026,22,Sydney,Port Adelaide,12575,Todd,Marshall,Port Adelaide,0.004434080165081081
2026,22,Sydney,Port Adelaide,12946,Jackson,Mead,Port Adelaide,0.009455133438700622
2026,22,Sydney,Port Adelaide,13199,Christian,Moraes,Port Adelaide,0.008051837769676287
2026,22,Sydney,Port Adelaide,13354,Balyn,OBrien,Port Adelaide,0.010893124066321772
2026,22,Sydney,Port Adelaide,13270,Harrison,Ramm,Port Adelaide,0.0135889360698528
2026,22,Sydney,Port Adelaide,12890,Jordon,Sweet,Port Adelaide,0.013033283555460642
2026,22,Sydney,Port Adelaide,13360,Alex,Van Wyk,Port Adelaide,0.012778626535053614
2026,22,Sydney,Port Adelaide,13073,Dante,Visentini,Port Adelaide,0.015606038451269663
2026,22,Sydney,Port Adelaide,12991,Jacob,Wehr,Port Adelaide,0.003601310483031153
2026,22,Sydney,Port Adelaide,13259,Jack,Whitlock,Port Adelaide,0.0296149109977821
2026,22,Sydney,Port Adelaide,12150,Ollie,Wines,Port Adelaide,0.0020774190058364256
2026,22,Sydney,Port Adelaide,13305,Mitch,Zadow,Port Adelaide,0.010226891069307673
2026,22,Sydney,Port Adelaide,13195,Riley,Bice,Sydney,0.038638555386804704
2026,22,Sydney,Port Adelaide,12699,Nick,Blakey,Sydney,0.1684429660711198
2026,22,Sydney,Port Adelaide,12863,Braeden,Campbell,Sydney,0.05438005446426358
2026,22,Sydney,Port Adelaide,13317,Billy,Cootee,Sydney,0.015294453072243294
2026,22,Sydney,Port Adelaide,12421,Charlie,Curnow,Sydney,0.7123674344288028
2026,22,Sydney,Port Adelaide,13260,Jesse,Dattoli,Sydney,0.046217782107877484
2026,22,Sydney,Port Adelaide,13361,Will,Green,Sydney,0.012058286397356413
2026,22,Sydney,Port Adelaide,12862,Errol,Gulden,Sydney,2.2950027729925173
2026,22,Sydney,Port Adelaide,12359,Joel,Hamling,Sydney,0.01749865502397656
2026,22,Sydney,Port Adelaide,12326,Isaac,Heeney,Sydney,0.12661517773024558
2026,22,Sydney,Port Adelaide,12860,James,Jordon,Sydney,0.03412484502560452
2026,22,Sydney,Port Adelaide,13327,Harry,Kyle,Sydney,0.008808339903084925
2026,22,Sydney,Port Adelaide,12268,Jake,Lloyd,Sydney,0.0700752337920778
2026,22,Sydney,Port Adelaide,12627,Tom,McCartin,Sydney,0.013406685035496677
2026,22,Sydney,Port Adelaide,12861,Logan,McDonald,Sydney,0.03389545614784678
2026,22,Sydney,Port Adelaide,12745,Hayden,McLean,Sydney,0.010103945528228228
2026,22,Sydney,Port Adelaide,12526,Lewis,Melican,Sydney,0.010627635549104578
2026,22,Sydney,Port Adelaide,12413,Callum,Mills,Sydney,0.0296578595469031
2026,22,Sydney,Port Adelaide,12412,Tom,Papley,Sydney,0.049005607140871696
2026,22,Sydney,Port Adelaide,12994,Matt,Roberts,Sydney,0.013103632076230734
2026,22,Sydney,Port Adelaide,13022,Jai,Serong,Sydney,0.03719642991880945
2026,22,Sydney,Port Adelaide,12797,Chad,Warner,Sydney,1.7604930975724682
2026,22,Sydney,Port Adelaide,12818,Sam,Wicks,Sydney,0.01624598840453674
2026,22,Geelong,Essendon,13352,Jaxon,Artemis,Essendon,0.009472968125390339
2026,22,Geelong,Essendon,13148,Nate,Caddy,Essendon,0.011537962914205339
2026,22,Geelong,Essendon,12755,Jye,Caldwell,Essendon,0.0023153856147235287
2026,22,Geelong,Essendon,13223,Archer,Day-Wicks,Essendon,0.012431772614481532
2026,22,Geelong,Essendon,12925,Sam,Durham,Essendon,0.003262433663687867
2026,22,Geelong,Essendon,13281,Hussien,El Achkar,Essendon,0.00824131584487878
2026,22,Geelong,Essendon,13299,Jacob,Farrow,Essendon,0.0072135635144327005
2026,22,Geelong,Essendon,13231,Zak,Johnson,Essendon,0.010456499953502955
2026,22,Geelong,Essendon,13177,Isaac,Kako,Essendon,0.009283778587534628
2026,22,Geelong,Essendon,13282,Max,Kondogiannis,Essendon,0.010511611868210428
2026,22,Geelong,Essendon,12349,Kyle,Langford,Essendon,0.008895051838371946
2026,22,Geelong,Essendon,12491,Andrew,McGrath,Essendon,0.0
2026,22,Geelong,Essendon,12241,Zach,Merrett,Essendon,0.18217099056944197
2026,22,Geelong,Essendon,12879,Archie,Perkins,Essendon,0.00938941718288908
2026,22,Geelong,Essendon,12874,Jaxon,Prior,Essendon,0.016216622037352555
2026,22,Geelong,Essendon,12437,Mason,Redman,Essendon,0.009837977936747653
2026,22,Geelong,Essendon,12889,Zach,Reid,Essendon,0.018086671376088857
2026,22,Geelong,Essendon,13168,Archie,Roberts,Essendon,0.009570175481906393
2026,22,Geelong,Essendon,12567,Will,Setterfield,Essendon,0.009552794600854873
2026,22,Geelong,Essendon,13283,Dyson,Sharp,Essendon,0.1113167906662828
2026,22,Geelong,Essendon,13264,Rhys,Unwin,Essendon,0.01245258195966881
2026,22,Geelong,Essendon,13241,Vigo,Visentini,Essendon,0.018547957260368012
2026,22,Geelong,Essendon,12366,Peter,Wright,Essendon,0.009359881396327794
2026,22,Geelong,Essendon,12690,Tom,Atkins,Geelong,0.05887516620577077
2026,22,Geelong,Essendon,12153,Mark,Blicavs,Geelong,0.09653098233365329
2026,22,Geelong,Essendon,12871,Tanner,Bruhn,Geelong,0.028754436662340347
2026,22,Geelong,Essendon,13062,Jhye,Clark,Geelong,0.05596870231079669
2026,22,Geelong,Essendon,12806,Brad,Close,Geelong,0.007460761312624357
2026,22,Geelong,Essendon,12891,Sam,De Koning,Geelong,0.044845209014547874
2026,22,Geelong,Essendon,12974,Oliver,Dempsey,Geelong,1.591078472400216
2026,22,Geelong,Essendon,12551,Zach,Guthrie,Geelong,0.011010944109727198
2026,22,Geelong,Essendon,12607,Jack,Henry,Geelong,0.011293005251976882
2026,22,Geelong,Essendon,12851,Oliver,Henry,Geelong,0.7625756871382113
2026,22,Geelong,Essendon,13160,Lawson,Humphries,Geelong,0.06087811438952059
2026,22,Geelong,Essendon,13104,Shaun,Mannagh,Geelong,0.1280898926172595
2026,22,Geelong,Essendon,12236,Jack,Martin,Geelong,0.0176989990392448
2026,22,Geelong,Essendon,12689,Gryan,Miers,Geelong,0.012116772011779079
2026,22,Geelong,Essendon,13066,Oisin,Mullin,Geelong,0.06640033230859752
2026,22,Geelong,Essendon,12992,Shannon,Neale,Geelong,0.09267368971770246
2026,22,Geelong,Essendon,12531,Mark,OConnor,Geelong,0.010655465698094588
2026,22,Geelong,Essendon,13122,Connor,OSullivan,Geelong,0.01809312362482549
2026,22,Geelong,Essendon,13353,Jay,Polkinghorne,Geelong,0.014625603439721167
2026,22,Geelong,Essendon,12692,Bailey,Smith,Geelong,2.1099080347323818
2026,22,Geelong,Essendon,12505,Tom,Stewart,Geelong,0.24990420726743925
2026,22,Geelong,Essendon,13217,Oliver,Wiltshire,Geelong,0.011442615150740607
2026,22,Geelong,Essendon,12619,James,Worpel,Geelong,0.0389955782608407
2026,22,Adelaide,Richmond,12414,Callum,Ah Chee,Adelaide,0.044689745087614995
2026,22,Adelaide,Richmond,12849,Sam,Berry,Adelaide,0.1309250543225134
2026,22,Adelaide,Richmond,12932,Brayden,Cook,Adelaide,0.04028552066633458
2026,22,Adelaide,Richmond,12629,Isaac,Cumming,Adelaide,0.034514921162191674
2026,22,Adelaide,Richmond,13132,Daniel,Curtin,Adelaide,0.044182844289210314
2026,22,Adelaide,Richmond,12516,Jordan,Dawson,Adelaide,1.7981881094240288
2026,22,Adelaide,Richmond,13150,Billy,Dowling,Adelaide,0.028876665880592338
2026,22,Adelaide,Richmond,13328,Hugo,Hall-Kahan,Adelaide,0.015679065921182393
2026,22,Adelaide,Richmond,12809,Mark,Keane,Adelaide,0.03252435017818434
2026,22,Adelaide,Richmond,12434,Ben,Keays,Adelaide,0.03456128816551617
2026,22,Adelaide,Richmond,12165,Rory,Laird,Adelaide,0.024878828722835
2026,22,Adelaide,Richmond,13356,Archie,Ludowyke,Adelaide,0.019089853977617414
2026,22,Adelaide,Richmond,13027,Max,Michalanney,Adelaide,0.023045192479623465
2026,22,Adelaide,Richmond,12367,Alex,Neal-Bullen,Adelaide,0.016463386969932402
2026,22,Adelaide,Richmond,12473,Reilly,OBrien,Adelaide,0.07409244177639582
2026,22,Adelaide,Richmond,12934,James,Peatling,Adelaide,0.02192736526733826
2026,22,Adelaide,Richmond,12953,Josh,Rachele,Adelaide,0.01566101570345376
2026,22,Adelaide,Richmond,12798,Izak,Rankine,Adelaide,2.4786050058045754
2026,22,Adelaide,Richmond,13357,Oscar,Ryan,Adelaide,0.024085102853330258
2026,22,Adelaide,Richmond,13159,Zac,Taylor,Adelaide,0.02608199718516912
2026,22,Adelaide,Richmond,12892,Riley,Thilthorpe,Adelaide,0.036179554382986555
2026,22,Adelaide,Richmond,11713,Taylor,Walker,Adelaide,0.030277909219494865
2026,22,Adelaide,Richmond,12912,Josh,Worrell,Adelaide,0.023530320606639253
2026,22,Adelaide,Richmond,12712,Jack,Ross,Richmond,0.4347039217901286
2026,22,Adelaide,Richmond,13338,Kye,Annand,Richmond,0.029352387237011217
2026,22,Adelaide,Richmond,13078,Sam,Banks,Richmond,0.02089565660211575
2026,22,Adelaide,Richmond,12456,Nathan,Broad,Richmond,0.021764275176159968
2026,22,Adelaide,Richmond,13096,Tom,Brown,Richmond,0.026983206739956127
2026,22,Adelaide,Richmond,13100,Seth,Campbell,Richmond,0.06848311069610588
2026,22,Adelaide,Richmond,12997,Judson,Clarke,Richmond,0.022433397300941092
2026,22,Adelaide,Richmond,13145,Steely,Green,Richmond,0.03159954974660487
2026,22,Adelaide,Richmond,13290,Sam,Grlj,Richmond,0.0201410594227494
2026,22,Adelaide,Richmond,13253,Taj,Hotton,Richmond,0.016992763802748327
2026,22,Adelaide,Richmond,13190,Sam,Lalor,Richmond,0.021797386950191476
2026,22,Adelaide,Richmond,13113,Mykelti,Lefau,Richmond,0.00674353405458699
2026,22,Adelaide,Richmond,11948,Tom,Lynch,Richmond,0.004237736174048455
2026,22,Adelaide,Richmond,12941,Ben,Miller,Richmond,0.02643115832205383
2026,22,Adelaide,Richmond,12374,Toby,Nankervis,Richmond,0.02766589310462194
2026,22,Adelaide,Richmond,11917,Dion,Prestia,Richmond,0.011608728163208924
2026,22,Adelaide,Richmond,12902,Hugo,Ralphsmith,Richmond,0.019123904791442596
2026,22,Adelaide,Richmond,13313,Patrick,Retschko,Richmond,0.030335947127303704
2026,22,Adelaide,Richmond,12918,Samson,Ryan,Richmond,0.022786972076652888
2026,22,Adelaide,Richmond,12418,Jayden,Short,Richmond,0.014016561055571579
2026,22,Adelaide,Richmond,13014,Tyler,Sonsie,Richmond,0.021956579065032115
2026,22,Adelaide,Richmond,12504,Tim,Taranto,Richmond,0.08160073056462622
2026,22,Adelaide,Richmond,12174,Nick,Vlastuin,Richmond,0.0
2026,22,Greater Western Sydney,Gold Coast,12767,Noah,Anderson,Gold Coast,0.4247028008444654
2026,22,Greater Western Sydney,Gold Coast,13019,Mac,Andrew,Gold Coast,0.10461486994141123
2026,22,Greater Western Sydney,Gold Coast,12625,Charlie,Ballard,Gold Coast,0.00894464459600932
2026,22,Greater Western Sydney,Gold Coast,13119,Sam,Clohesy,Gold Coast,0.0042232101925237875
2026,22,Greater Western Sydney,Gold Coast,12848,Jy,Farrar,Gold Coast,0.0035932798201111305
2026,22,Greater Western Sydney,Gold Coast,13272,Lachlan,Gulbin,Gold Coast,0.020387325477232994
2026,22,Greater Western Sydney,Gold Coast,13049,Bailey,Humphrey,Gold Coast,0.1736737510082509
2026,22,Greater Western Sydney,Gold Coast,12933,Joel,Jeffrey,Gold Coast,0.005820911162492359
2026,22,Greater Western Sydney,Gold Coast,12728,Ben,King,Gold Coast,0.02909999739313051
2026,22,Greater Western Sydney,Gold Coast,13232,Leo,Lombard,Gold Coast,0.0277925403922712
2026,22,Greater Western Sydney,Gold Coast,12521,Ben,Long,Gold Coast,0.0024880212772623667
2026,22,Greater Western Sydney,Gold Coast,12331,Touk,Miller,Gold Coast,1.7842654167712653
2026,22,Greater Western Sydney,Gold Coast,13050,Ned,Moyle,Gold Coast,0.09685613523527091
2026,22,Greater Western Sydney,Gold Coast,12743,John,Noble,Gold Coast,0.006103217563112128
2026,22,Greater Western Sydney,Gold Coast,12430,Christian,Petracca,Gold Coast,0.02765811964724988
2026,22,Greater Western Sydney,Gold Coast,12652,Wil,Powell,Gold Coast,0.04179437745231269
2026,22,Greater Western Sydney,Gold Coast,13121,Ethan,Read,Gold Coast,0.002024365915306311
2026,22,Greater Western Sydney,Gold Coast,12403,Daniel,Rioli,Gold Coast,0.004027915368946985
2026,22,Greater Western Sydney,Gold Coast,13126,Jake,Rogers,Gold Coast,0.005722907747142619
2026,22,Greater Western Sydney,Gold Coast,12768,Matt,Rowell,Gold Coast,2.5617621337031906
2026,22,Greater Western Sydney,Gold Coast,13041,Bodhi,Uwland,Gold Coast,0.025555007071985013
2026,22,Greater Western Sydney,Gold Coast,13278,Zeke,Uwland,Gold Coast,0.004372510669983989
2026,22,Greater Western Sydney,Gold Coast,13114,Jed,Walter,Gold Coast,0.005926512298886488
2026,22,Greater Western Sydney,Gold Coast,13001,Ryan,Angwin,Greater Western Sydney,0.005927209272810049
2026,22,Greater Western Sydney,Gold Coast,12782,Lachie,Ash,Greater Western Sydney,0.007937062866480528
2026,22,Greater Western Sydney,Gold Coast,12772,Toby,Bedford,Greater Western Sydney,0.0011382443929498854
2026,22,Greater Western Sydney,Gold Coast,12904,Kieren,Briggs,Greater Western Sydney,0.009940122229714694
2026,22,Greater Western Sydney,Gold Coast,12910,Callum,Brown,Greater Western Sydney,0.005828139669717785
2026,22,Greater Western Sydney,Gold Coast,13054,Aaron,Cadman,Greater Western Sydney,0.0015112768219252915
2026,22,Greater Western Sydney,Gold Coast,12028,Stephen,Coniglio,Greater Western Sydney,0.009468134824258088
2026,22,Greater Western Sydney,Gold Coast,13222,Josaia,Delana,Greater Western Sydney,0.17872238208003746
2026,22,Greater Western Sydney,Gold Coast,13164,Joe,Fonti,Greater Western Sydney,0.008713521339471099
2026,22,Greater Western Sydney,Gold Coast,12025,Toby,Greene,Greater Western Sydney,0.13260615213707663
2026,22,Greater Western Sydney,Gold Coast,13158,Max,Gruzewski,Greater Western Sydney,0.0
2026,22,Greater Western Sydney,Gold Coast,13347,Riley,Hamilton,Greater Western Sydney,0.0
2026,22,Greater Western Sydney,Gold Coast,12462,Harry,Himmelberg,Greater Western Sydney,0.0008336474222310564
2026,22,Greater Western Sydney,Gold Coast,12750,Connor,Idun,Greater Western Sydney,0.002745156337147705
2026,22,Greater Western Sydney,Gold Coast,12377,Jayden,Laverde,Greater Western Sydney,0.0025680189822861544
2026,22,Greater Western Sydney,Gold Coast,13236,Nick,Madden,Greater Western Sydney,0.002155051301072749
2026,22,Greater Western Sydney,Gold Coast,12821,Xavier,OHalloran,Greater Western Sydney,0.026485216200754093
2026,22,Greater Western Sydney,Gold Coast,12410,Clayton,Oliver,Greater Western Sydney,0.08574907957737475
2026,22,Greater Western Sydney,Gold Coast,13045,Harry,Rowston,Greater Western Sydney,0.03538878217473238
2026,22,Greater Western Sydney,Gold Coast,12167,Jake,Stringer,Greater Western Sydney,0.0015404856825081215
2026,22,Greater Western Sydney,Gold Coast,12644,Sam,Taylor,Greater Western Sydney,0.004309630866723154
2026,22,Greater Western Sydney,Gold Coast,13101,Harvey,Thomas,Greater Western Sydney,0.017430971984566467
2026,22,Greater Western Sydney,Gold Coast,12143,Lachie,Whitfield,Greater Western Sydney,0.08759174230007703
2026,22,West Coast,Collingwood,13146,Edward,Allan,Collingwood,0.027179584015707116
2026,22,West Coast,Collingwood,13306,Angus,Anderson,Collingwood,0.0
2026,22,West Coast,Collingwood,12660,Darcy,Cameron,Collingwood,0.1533324112111075
2026,22,West Coast,Collingwood,12061,Jack,Crisp,Collingwood,0.0
2026,22,West Coast,Collingwood,12573,Josh,Daicos,Collingwood,1.3067840457545459
2026,22,West Coast,Collingwood,12943,Nick,Daicos,Collingwood,2.4570319241278327
2026,22,West Coast,Collingwood,12676,Billy,Frampton,Collingwood,0.009799851180406181
2026,22,West Coast,Collingwood,13068,Harvey,Harrison,Collingwood,0.0
2026,22,West Coast,Collingwood,13228,Will,Hayes,Collingwood,0.0
2026,22,West Coast,Collingwood,12495,Dan,Houston,Collingwood,0.0
2026,22,West Coast,Collingwood,13359,Noah,Howes,Collingwood,0.0
2026,22,West Coast,Collingwood,13023,Ned,Long,Collingwood,0.08329560569098979
2026,22,West Coast,Collingwood,12876,Beau,McCreery,Collingwood,0.01075686953435668
2026,22,West Coast,Collingwood,12291,Daniel,McStay,Collingwood,1.2364025472697324
2026,22,West Coast,Collingwood,12300,Tim,Membrey,Collingwood,0.19457594944389167
2026,22,West Coast,Collingwood,13342,Liam,Puncher,Collingwood,0.0
2026,22,West Coast,Collingwood,12740,Isaac,Quaynor,Collingwood,0.0
2026,22,West Coast,Collingwood,12700,Lachie,Schultz,Collingwood,0.008687402307239196
2026,22,West Coast,Collingwood,11751,Steele,Sidebottom,Collingwood,0.0
2026,22,West Coast,Collingwood,13248,Roan,Steele,Collingwood,0.0
2026,22,West Coast,Collingwood,13133,Lachlan,Sullivan,Collingwood,0.0
2026,22,West Coast,Collingwood,13340,Sam,Swadling,Collingwood,0.0
2026,22,West Coast,Collingwood,13246,Charlie,West,Collingwood,0.0
2026,22,West Coast,Collingwood,12576,Jack,Graham,West Coast,0.0
2026,22,West Coast,Collingwood,12962,Jack,Williams,West Coast,0.0
2026,22,West Coast,Collingwood,13221,Bo,Allan,West Coast,0.0
2026,22,West Coast,Collingwood,12661,Liam,Baker,West Coast,0.0
2026,22,West Coast,Collingwood,13000,Rhett,Bazzo,West Coast,0.028399091525500304
2026,22,West Coast,Collingwood,12446,Tom,Cole,West Coast,0.0
2026,22,West Coast,Collingwood,13291,Cooper,Duff-Tytler,West Coast,0.0
2026,22,West Coast,Collingwood,12334,Liam,Duggan,West Coast,0.0
2026,22,West Coast,Collingwood,13292,Willem,Duursma,West Coast,0.0
2026,22,West Coast,Collingwood,13211,Tom,Gross,West Coast,0.0
2026,22,West Coast,Collingwood,13339,Marcus,Herbert,West Coast,0.0
2026,22,West Coast,Collingwood,12957,Brady,Hough,West Coast,0.0
2026,22,West Coast,Collingwood,12595,Tim,Kelly,West Coast,0.005316651107007374
2026,22,West Coast,Collingwood,13293,Josh,Lindsay,West Coast,0.0
2026,22,West Coast,Collingwood,13240,Tom,McCarthy,West Coast,0.0
2026,22,West Coast,Collingwood,13294,Milan,Murdock,West Coast,0.0
2026,22,West Coast,Collingwood,13111,Harley,Reid,West Coast,0.3048955822585533
2026,22,West Coast,Collingwood,13247,Jobe,Shanahan,West Coast,0.0
2026,22,West Coast,Collingwood,12668,Brandon,Starcevich,West Coast,0.0
2026,22,West Coast,Collingwood,12601,Jake,Waterman,West Coast,0.0
2026,22,West Coast,Collingwood,12836,Bailey,Williams,West Coast,0.0
2026,22,West Coast,Collingwood,12087,Elliot,Yeo,West Coast,0.17354248457514826
2026,22,West Coast,Collingwood,13043,Tylar,Young,West Coast,0.0
2026,22,St Kilda,Carlton,13365,Billy,Wilson,Carlton,0.04154537614817477
2026,22,St Kilda,Carlton,12276,Blake,Acres,Carlton,0.0377553716743374
2026,22,St Kilda,Carlton,12498,Ben,Ainsworth,Carlton,0.0411185595271176
2026,22,St Kilda,Carlton,13297,Talor,Byrne,Carlton,0.033914909526585796
2026,22,St Kilda,Carlton,12603,Adam,Cerra,Carlton,0.043620984468453694
2026,22,St Kilda,Carlton,12822,Matthew,Cottrell,Carlton,0.033754967710329625
2026,22,St Kilda,Carlton,13028,Lachlan,Cowan,Carlton,0.04448882854419614
2026,22,St Kilda,Carlton,12261,Patrick,Cripps,Carlton,1.0665647410853247
2026,22,St Kilda,Carlton,13273,Harry,Dean,Carlton,0.03912684156095028
2026,22,St Kilda,Carlton,13303,Wade,Derksen,Carlton,0.046832241556574034
2026,22,St Kilda,Carlton,12873,Francis,Evans,Carlton,1.1947354031735218
2026,22,St Kilda,Carlton,12497,Oliver,Florent,Carlton,0.013678214962604879
2026,22,St Kilda,Carlton,12091,Nick,Haynes,Carlton,0.07529394483056624
2026,22,St Kilda,Carlton,12509,Will,Hayward,Carlton,0.06348881092567045
2026,22,St Kilda,Carlton,12411,George,Hewett,Carlton,0.12257766724828181
2026,22,St Kilda,Carlton,12937,Brodie,Kemp,Carlton,0.04714959907485042
2026,22,St Kilda,Carlton,13170,Cooper,Lord,Carlton,0.03460698094427314
2026,22,St Kilda,Carlton,12404,Mitch,McGovern,Carlton,0.03996459713867884
2026,22,St Kilda,Carlton,12566,Harry,McKay,Carlton,0.10224005303489432
2026,22,St Kilda,Carlton,12417,Marc,Pittonet,Carlton,0.48966045609098485
2026,22,St Kilda,Carlton,13274,Jagga,Smith,Carlton,0.07087289497372923
2026,22,St Kilda,Carlton,12684,Sam,Walsh,Carlton,0.47503656029785896
2026,22,St Kilda,Carlton,12559,Lewis,Young,Carlton,0.040725350844512426
2026,22,St Kilda,Carlton,13220,Hugh,Boxshall,St Kilda,0.04192834978907234
2026,22,St Kilda,Carlton,12802,Ryan,Byrnes,St Kilda,0.03268873814039214
2026,22,St Kilda,Carlton,13035,Anthony,Caminiti,St Kilda,0.04301685039144401
2026,22,St Kilda,Carlton,12591,Hunter,Clark,St Kilda,0.03699504268106185
2026,22,St Kilda,Carlton,12674,Tom,De Koning,St Kilda,0.03487065468495992
2026,22,St Kilda,Carlton,13125,Hugo,Garcia,St Kilda,0.03399280316969314
2026,22,St Kilda,Carlton,13193,Max,Hall,St Kilda,0.8686318909693818
2026,22,St Kilda,Carlton,12609,Jack,Higgins,St Kilda,0.032380044249896905
2026,22,St Kilda,Carlton,12060,Bradley,Hill,St Kilda,0.18675535917627445
2026,22,St Kilda,Carlton,13331,Campbell,Lake,St Kilda,0.03299076442968746
2026,22,St Kilda,Carlton,12564,Rowan,Marshall,St Kilda,0.04056931368174152
2026,22,St Kilda,Carlton,13194,Liam,OConnell,St Kilda,0.03632833635544308
2026,22,St Kilda,Carlton,12948,Mitch,Owens,St Kilda,0.033706169981825074
2026,22,St Kilda,Carlton,13036,Mattaes,Phillipou,St Kilda,0.03438186210761646
2026,22,St Kilda,Carlton,12600,Liam,Ryan,St Kilda,0.028954746599687636
2026,22,St Kilda,Carlton,12929,Cooper,Sharman,St Kilda,0.03225521341277329
2026,22,St Kilda,Carlton,12458,Jack,Silvagni,St Kilda,0.04154108570095652
2026,22,St Kilda,Carlton,12721,Liam,Stocker,St Kilda,0.03624719033762083
2026,22,St Kilda,Carlton,12950,Nasiah,Wanganeen-Milera,St Kilda,0.03789092603135347
2026,22,St Kilda,Carlton,12703,Callum,Wilkie,St Kilda,0.031569701342998774
2026,22,St Kilda,Carlton,13110,Darcy,Wilson,St Kilda,0.03816799253651654
2026,22,St Kilda,Carlton,12967,Marcus,Windhager,St Kilda,0.031613223954820135
2026,22,St Kilda,Carlton,12312,Mason,Wood,St Kilda,0.03377038493646148
2026,23,Fremantle,Adelaide,12414,Callum,Ah Chee,Adelaide,0.0
2026,23,Fremantle,Adelaide,12849,Sam,Berry,Adelaide,0.0
2026,23,Fremantle,Adelaide,13086,James,Borlase,Adelaide,0.0
2026,23,Fremantle,Adelaide,12932,Brayden,Cook,Adelaide,0.0
2026,23,Fremantle,Adelaide,12629,Isaac,Cumming,Adelaide,0.0
2026,23,Fremantle,Adelaide,13132,Daniel,Curtin,Adelaide,0.0
2026,23,Fremantle,Adelaide,12516,Jordan,Dawson,Adelaide,0.10545180646639682
2026,23,Fremantle,Adelaide,12584,Darcy,Fogarty,Adelaide,0.0
2026,23,Fremantle,Adelaide,13328,Hugo,Hall-Kahan,Adelaide,0.0
2026,23,Fremantle,Adelaide,12809,Mark,Keane,Adelaide,0.0
2026,23,Fremantle,Adelaide,12434,Ben,Keays,Adelaide,0.0
2026,23,Fremantle,Adelaide,12165,Rory,Laird,Adelaide,0.0
2026,23,Fremantle,Adelaide,13065,Lachlan,McAndrew,Adelaide,0.0
2026,23,Fremantle,Adelaide,13027,Max,Michalanney,Adelaide,0.0
2026,23,Fremantle,Adelaide,13280,Toby,Murray,Adelaide,0.0
2026,23,Fremantle,Adelaide,13081,Luke,Nankervis,Adelaide,0.0
2026,23,Fremantle,Adelaide,12934,James,Peatling,Adelaide,0.0
2026,23,Fremantle,Adelaide,12953,Josh,Rachele,Adelaide,0.0
2026,23,Fremantle,Adelaide,12798,Izak,Rankine,Adelaide,1.3334491490212164
2026,23,Fremantle,Adelaide,12952,Jake,Soligo,Adelaide,0.0
2026,23,Fremantle,Adelaide,13159,Zac,Taylor,Adelaide,0.0
2026,23,Fremantle,Adelaide,12892,Riley,Thilthorpe,Adelaide,0.0
2026,23,Fremantle,Adelaide,12912,Josh,Worrell,Adelaide,0.0
2026,23,Fremantle,Adelaide,12983,Jye,Amiss,Fremantle,0.9679651919143926
2026,23,Fremantle,Adelaide,12535,Shai,Bolton,Fremantle,0.7459583781734804
2026,23,Fremantle,Adelaide,12589,Andrew,Brayshaw,Fremantle,0.26698119214113203
2026,23,Fremantle,Adelaide,12875,Heath,Chapman,Fremantle,0.0
2026,23,Fremantle,Adelaide,12688,Jordan,Clark,Fremantle,0.013913953300782211
2026,23,Fremantle,Adelaide,12544,Brennan,Cox,Fremantle,0.0
2026,23,Fremantle,Adelaide,12428,Mason,Cox,Fremantle,0.0
2026,23,Fremantle,Adelaide,13204,Isaiah,Dudley,Fremantle,0.0
2026,23,Fremantle,Adelaide,12966,Neil,Erasmus,Fremantle,0.0
2026,23,Fremantle,Adelaide,12801,Michael,Frederick,Fremantle,0.0
2026,23,Fremantle,Adelaide,12779,Luke,Jackson,Fremantle,0.17473673230856226
2026,23,Fremantle,Adelaide,13047,Matthew,Johnson,Fremantle,0.0
2026,23,Fremantle,Adelaide,12394,Oscar,McDonald,Fremantle,0.0
2026,23,Fremantle,Adelaide,12960,Nathan,ODriscoll,Fremantle,0.0
2026,23,Fremantle,Adelaide,12352,Alex,Pearce,Fremantle,0.0
2026,23,Fremantle,Adelaide,12542,Luke,Ryan,Fremantle,0.0
2026,23,Fremantle,Adelaide,13296,Chris,Scerri,Fremantle,0.0
2026,23,Fremantle,Adelaide,12786,Caleb,Serong,Fremantle,2.391543596676301
2026,23,Fremantle,Adelaide,12672,Sam,Switkowski,Fremantle,0.0
2026,23,Fremantle,Adelaide,12887,Josh,Treacy,Fremantle,0.0
2026,23,Fremantle,Adelaide,13129,Patrick,Voss,Fremantle,0.0
2026,23,Fremantle,Adelaide,13075,Karl,Worner,Fremantle,0.0
2026,23,Fremantle,Adelaide,12777,Hayden,Young,Fremantle,0.0
2026,23,Richmond,St Kilda,12712,Jack,Ross,Richmond,0.0
2026,23,Richmond,St Kilda,13338,Kye,Annand,Richmond,0.0
2026,23,Richmond,St Kilda,13189,Harry,Armstrong,Richmond,0.0
2026,23,Richmond,St Kilda,13078,Sam,Banks,Richmond,0.0
2026,23,Richmond,St Kilda,12456,Nathan,Broad,Richmond,0.0
2026,23,Richmond,St Kilda,13096,Tom,Brown,Richmond,0.0
2026,23,Richmond,St Kilda,13100,Seth,Campbell,Richmond,0.0
2026,23,Richmond,St Kilda,12997,Judson,Clarke,Richmond,0.0
2026,23,Richmond,St Kilda,13145,Steely,Green,Richmond,0.0
2026,23,Richmond,St Kilda,13290,Sam,Grlj,Richmond,0.0
2026,23,Richmond,St Kilda,13253,Taj,Hotton,Richmond,0.0
2026,23,Richmond,St Kilda,13190,Sam,Lalor,Richmond,0.0
2026,23,Richmond,St Kilda,13113,Mykelti,Lefau,Richmond,0.0
2026,23,Richmond,St Kilda,11948,Tom,Lynch,Richmond,0.0
2026,23,Richmond,St Kilda,12941,Ben,Miller,Richmond,0.0
2026,23,Richmond,St Kilda,12374,Toby,Nankervis,Richmond,0.0
2026,23,Richmond,St Kilda,11917,Dion,Prestia,Richmond,0.0
2026,23,Richmond,St Kilda,12902,Hugo,Ralphsmith,Richmond,0.0
2026,23,Richmond,St Kilda,13313,Patrick,Retschko,Richmond,0.0
2026,23,Richmond,St Kilda,12418,Jayden,Short,Richmond,0.0
2026,23,Richmond,St Kilda,12504,Tim,Taranto,Richmond,0.0
2026,23,Richmond,St Kilda,13191,Luke,Trainor,Richmond,0.0
2026,23,Richmond,St Kilda,12174,Nick,Vlastuin,Richmond,0.0
2026,23,Richmond,St Kilda,13220,Hugh,Boxshall,St Kilda,0.0
2026,23,Richmond,St Kilda,12490,Dan,Butler,St Kilda,0.0
2026,23,Richmond,St Kilda,12802,Ryan,Byrnes,St Kilda,0.0
2026,23,Richmond,St Kilda,12674,Tom,De Koning,St Kilda,0.0
2026,23,Richmond,St Kilda,13125,Hugo,Garcia,St Kilda,0.6171819581974244
2026,23,Richmond,St Kilda,13193,Max,Hall,St Kilda,1.9666856581849779
2026,23,Richmond,St Kilda,13116,Angus,Hastie,St Kilda,0.0
2026,23,Richmond,St Kilda,12609,Jack,Higgins,St Kilda,0.0
2026,23,Richmond,St Kilda,12060,Bradley,Hill,St Kilda,1.4447322027817942
2026,23,Richmond,St Kilda,13331,Campbell,Lake,St Kilda,0.0
2026,23,Richmond,St Kilda,12166,Jack,Macrae,St Kilda,0.5173155778710159
2026,23,Richmond,St Kilda,12564,Rowan,Marshall,St Kilda,0.0
2026,23,Richmond,St Kilda,13194,Liam,OConnell,St Kilda,0.0
2026,23,Richmond,St Kilda,12948,Mitch,Owens,St Kilda,1.454084602965304
2026,23,Richmond,St Kilda,13036,Mattaes,Phillipou,St Kilda,0.0
2026,23,Richmond,St Kilda,12929,Cooper,Sharman,St Kilda,0.0
2026,23,Richmond,St Kilda,12458,Jack,Silvagni,St Kilda,0.0
2026,23,Richmond,St Kilda,12721,Liam,Stocker,St Kilda,0.0
2026,23,Richmond,St Kilda,13243,Alix,Tauru,St Kilda,0.0
2026,23,Richmond,St Kilda,13206,Tobie,Travaglia,St Kilda,0.0
2026,23,Richmond,St Kilda,12703,Callum,Wilkie,St Kilda,0.0
2026,23,Richmond,St Kilda,13110,Darcy,Wilson,St Kilda,0.0
2026,23,Richmond,St Kilda,12967,Marcus,Windhager,St Kilda,0.0
2026,23,North Melbourne,Geelong,12690,Tom,Atkins,Geelong,0.028489617432294216
2026,23,North Melbourne,Geelong,12153,Mark,Blicavs,Geelong,0.5266898106898276
2026,23,North Melbourne,Geelong,12871,Tanner,Bruhn,Geelong,1.7097137330422383
2026,23,North Melbourne,Geelong,13062,Jhye,Clark,Geelong,0.004587685346584944
2026,23,North Melbourne,Geelong,12806,Brad,Close,Geelong,0.0
2026,23,North Melbourne,Geelong,11700,Patrick,Dangerfield,Geelong,0.07099468617710457
2026,23,North Melbourne,Geelong,12974,Oliver,Dempsey,Geelong,0.579994043849524
2026,23,North Melbourne,Geelong,13285,Mitchell,Edwards,Geelong,0.021608635065738672
2026,23,North Melbourne,Geelong,12551,Zach,Guthrie,Geelong,0.0
2026,23,North Melbourne,Geelong,12607,Jack,Henry,Geelong,0.006355309372839438
2026,23,North Melbourne,Geelong,12851,Oliver,Henry,Geelong,0.0013023338793164505
2026,23,North Melbourne,Geelong,13160,Lawson,Humphries,Geelong,0.03896977902505882
2026,23,North Melbourne,Geelong,13104,Shaun,Mannagh,Geelong,0.6667326711330273
2026,23,North Melbourne,Geelong,12689,Gryan,Miers,Geelong,0.004914880832693933
2026,23,North Melbourne,Geelong,13066,Oisin,Mullin,Geelong,0.0462860619460243
2026,23,North Melbourne,Geelong,12992,Shannon,Neale,Geelong,0.019841973228284106
2026,23,North Melbourne,Geelong,12531,Mark,OConnor,Geelong,0.0
2026,23,North Melbourne,Geelong,13122,Connor,OSullivan,Geelong,0.008928883855384715
2026,23,North Melbourne,Geelong,13353,Jay,Polkinghorne,Geelong,0.014628784937324899
2026,23,North Melbourne,Geelong,12692,Bailey,Smith,Geelong,0.9670092240202071
2026,23,North Melbourne,Geelong,12505,Tom,Stewart,Geelong,0.012695387493685659
2026,23,North Melbourne,Geelong,13217,Oliver,Wiltshire,Geelong,0.004122859745030941
2026,23,North Melbourne,Geelong,12619,James,Worpel,Geelong,0.023470427718558055
2026,23,North Melbourne,Geelong,13256,Zac,Banch,North Melbourne,0.0
2026,23,North Melbourne,Geelong,13287,Tom,Blamires,North Melbourne,0.0007338861820603091
2026,23,North Melbourne,Geelong,12938,Charlie,Comben,North Melbourne,0.006218458359661208
2026,23,North Melbourne,Geelong,12181,Aidan,Corr,North Melbourne,0.003184183471143723
2026,23,North Melbourne,Geelong,12975,Paul,Curtis,North Melbourne,0.002238510929699381
2026,23,North Melbourne,Geelong,12373,Caleb,Daniel,North Melbourne,0.0
2026,23,North Melbourne,Geelong,11905,Jack,Darling,North Melbourne,0.024035561071596274
2026,23,North Melbourne,Geelong,12590,Luke,Davies-Uniacke,North Melbourne,0.040888262831104104
2026,23,North Melbourne,Geelong,13144,Wil,Dawson,North Melbourne,0.006070902094075412
2026,23,North Melbourne,Geelong,13130,Riley,Hardeman,North Melbourne,0.0012194535070583854
2026,23,North Melbourne,Geelong,12563,Nick,Larkey,North Melbourne,0.3465978116665314
2026,23,North Melbourne,Geelong,12511,Griffin,Logue,North Melbourne,0.00963576682490803
2026,23,North Melbourne,Geelong,13107,Colby,McKercher,North Melbourne,0.000526922258984772
2026,23,North Melbourne,Geelong,13187,Finn,OSullivan,North Melbourne,0.05223841851747114
2026,23,North Melbourne,Geelong,11953,Luke,Parker,North Melbourne,0.0
2026,23,North Melbourne,Geelong,13034,Harry,Sheezel,North Melbourne,0.04514529389130629
2026,23,North Melbourne,Geelong,12502,Jy,Simpkin,North Melbourne,0.5424477053307329
2026,23,North Melbourne,Geelong,12622,Charlie,Spargo,North Melbourne,0.0
2026,23,North Melbourne,Geelong,12796,Dylan,Stephens,North Melbourne,0.002619562909780335
2026,23,North Melbourne,Geelong,13263,Cooper,Trembath,North Melbourne,0.0015513377128234893
2026,23,North Melbourne,Geelong,13064,George,Wardlaw,North Melbourne,0.002200137565658797
2026,23,North Melbourne,Geelong,12788,Tristan,Xerri,North Melbourne,0.15511103608040155
2026,23,North Melbourne,Geelong,12557,Cameron,Zurhaar,North Melbourne,0.0
2026,23,Brisbane Lions,Gold Coast,12277,Charlie,Cameron,Brisbane Lions,0.05156812582851015
2026,23,Brisbane Lions,Gold Coast,12655,Oscar,Allen,Brisbane Lions,0.0
2026,23,Brisbane Lions,Gold Coast,12340,Harris,Andrews,Brisbane Lions,0.0
2026,23,Brisbane Lions,Gold Coast,13295,Daniel,Annable,Brisbane Lions,0.0
2026,23,Brisbane Lions,Gold Coast,12718,Noah,Answerth,Brisbane Lions,0.0
2026,23,Brisbane Lions,Gold Coast,13197,Levi,Ashcroft,Brisbane Lions,0.6607866031237246
2026,23,Brisbane Lions,Gold Coast,13040,Will,Ashcroft,Brisbane Lions,2.3131648796740754
2026,23,Brisbane Lions,Gold Coast,12610,Zac,Bailey,Brisbane Lions,0.46810256382405374
2026,23,Brisbane Lions,Gold Coast,12519,Jarrod,Berry,Brisbane Lions,0.07087159914554894
2026,23,Brisbane Lions,Gold Coast,12810,Sam,Draper,Brisbane Lions,0.0
2026,23,Brisbane Lions,Gold Coast,12408,Josh,Dunkley,Brisbane Lions,0.1201455589630436
2026,23,Brisbane Lions,Gold Coast,13072,Jaspa,Fletcher,Brisbane Lions,0.0
2026,23,Brisbane Lions,Gold Coast,12724,Darcy,Fort,Brisbane Lions,0.0
2026,23,Brisbane Lions,Gold Coast,12267,Darcy,Gardiner,Brisbane Lions,0.0
2026,23,Brisbane Lions,Gold Coast,12454,Eric,Hipwood,Brisbane Lions,0.0
2026,23,Brisbane Lions,Gold Coast,11894,Ryan,Lester,Brisbane Lions,0.0
2026,23,Brisbane Lions,Gold Coast,12968,Kai,Lohmann,Brisbane Lions,0.0
2026,23,Brisbane Lions,Gold Coast,12391,Conor,McKenna,Brisbane Lions,0.0
2026,23,Brisbane Lions,Gold Coast,13137,Logan,Morris,Brisbane Lions,0.527226561849855
2026,23,Brisbane Lions,Gold Coast,12055,Lachie,Neale,Brisbane Lions,0.607899270601602
2026,23,Brisbane Lions,Gold Coast,12592,Cam,Rayner,Brisbane Lions,0.0
2026,23,Brisbane Lions,Gold Coast,13026,Darcy,Wilmot,Brisbane Lions,0.038292231735092115
2026,23,Brisbane Lions,Gold Coast,12076,Dayne,Zorko,Brisbane Lions,0.4430259240899139
2026,23,Brisbane Lions,Gold Coast,13341,Beau,Addinsall,Gold Coast,0.0
2026,23,Brisbane Lions,Gold Coast,12767,Noah,Anderson,Gold Coast,0.061408718535376806
2026,23,Brisbane Lions,Gold Coast,13019,Mac,Andrew,Gold Coast,0.0
2026,23,Brisbane Lions,Gold Coast,12625,Charlie,Ballard,Gold Coast,0.0
2026,23,Brisbane Lions,Gold Coast,13119,Sam,Clohesy,Gold Coast,0.0
2026,23,Brisbane Lions,Gold Coast,12444,Sam,Collins,Gold Coast,0.0
2026,23,Brisbane Lions,Gold Coast,13272,Lachlan,Gulbin,Gold Coast,0.0
2026,23,Brisbane Lions,Gold Coast,13049,Bailey,Humphrey,Gold Coast,0.0
2026,23,Brisbane Lions,Gold Coast,12933,Joel,Jeffrey,Gold Coast,0.0
2026,23,Brisbane Lions,Gold Coast,12728,Ben,King,Gold Coast,0.0
2026,23,Brisbane Lions,Gold Coast,13232,Leo,Lombard,Gold Coast,0.0
2026,23,Brisbane Lions,Gold Coast,12521,Ben,Long,Gold Coast,0.0
2026,23,Brisbane Lions,Gold Coast,12331,Touk,Miller,Gold Coast,0.08387703398401994
2026,23,Brisbane Lions,Gold Coast,13050,Ned,Moyle,Gold Coast,0.025452832093437287
2026,23,Brisbane Lions,Gold Coast,12743,John,Noble,Gold Coast,0.0
2026,23,Brisbane Lions,Gold Coast,12430,Christian,Petracca,Gold Coast,0.0
2026,23,Brisbane Lions,Gold Coast,12652,Wil,Powell,Gold Coast,0.0
2026,23,Brisbane Lions,Gold Coast,13121,Ethan,Read,Gold Coast,0.0
2026,23,Brisbane Lions,Gold Coast,12403,Daniel,Rioli,Gold Coast,0.0
2026,23,Brisbane Lions,Gold Coast,13126,Jake,Rogers,Gold Coast,0.0
2026,23,Brisbane Lions,Gold Coast,12768,Matt,Rowell,Gold Coast,0.5281780965489161
2026,23,Brisbane Lions,Gold Coast,13041,Bodhi,Uwland,Gold Coast,0.0
2026,23,Brisbane Lions,Gold Coast,13114,Jed,Walter,Gold Coast,0.0
2026,23,Hawthorn,Collingwood,13146,Edward,Allan,Collingwood,0.14482084013311625
2026,23,Hawthorn,Collingwood,13306,Angus,Anderson,Collingwood,0.02907336316830775
2026,23,Hawthorn,Collingwood,12660,Darcy,Cameron,Collingwood,0.030555223795510043
2026,23,Hawthorn,Collingwood,12061,Jack,Crisp,Collingwood,0.019214128238251364
2026,23,Hawthorn,Collingwood,12573,Josh,Daicos,Collingwood,0.13386158027450845
2026,23,Hawthorn,Collingwood,12943,Nick,Daicos,Collingwood,2.0764026900947443
2026,23,Hawthorn,Collingwood,12318,Jordan,de Goey,Collingwood,0.04257491744624424
2026,23,Hawthorn,Collingwood,12676,Billy,Frampton,Collingwood,0.0347548164164955
2026,23,Hawthorn,Collingwood,13068,Harvey,Harrison,Collingwood,0.030314047122829344
2026,23,Hawthorn,Collingwood,13228,Will,Hayes,Collingwood,0.032034240326314606
2026,23,Hawthorn,Collingwood,12495,Dan,Houston,Collingwood,0.06229822078596209
2026,23,Hawthorn,Collingwood,13359,Noah,Howes,Collingwood,0.03180987948838088
2026,23,Hawthorn,Collingwood,13023,Ned,Long,Collingwood,0.07154023064002014
2026,23,Hawthorn,Collingwood,12876,Beau,McCreery,Collingwood,0.9751605837713974
2026,23,Hawthorn,Collingwood,12291,Daniel,McStay,Collingwood,0.04192265476021749
2026,23,Hawthorn,Collingwood,12300,Tim,Membrey,Collingwood,0.0245597127565565
2026,23,Hawthorn,Collingwood,4182,Scott,Pendlebury,Collingwood,0.03775165824236734
2026,23,Hawthorn,Collingwood,13342,Liam,Puncher,Collingwood,0.03426160247717516
2026,23,Hawthorn,Collingwood,12740,Isaac,Quaynor,Collingwood,0.03341468257830035
2026,23,Hawthorn,Collingwood,12700,Lachie,Schultz,Collingwood,0.02448939452303656
2026,23,Hawthorn,Collingwood,13248,Roan,Steele,Collingwood,0.04836960002576933
2026,23,Hawthorn,Collingwood,13340,Sam,Swadling,Collingwood,0.17865829146868084
2026,23,Hawthorn,Collingwood,13246,Charlie,West,Collingwood,0.029913654043854158
2026,23,Hawthorn,Collingwood,12357,Karl,Amon,Hawthorn,0.025703118086555513
2026,23,Hawthorn,Collingwood,12383,Tom,Barrass,Hawthorn,0.029578806372913078
2026,23,Hawthorn,Collingwood,12558,Josh,Battle,Hawthorn,0.0327777688475753
2026,23,Hawthorn,Collingwood,13363,Max,Beattie,Hawthorn,0.03262615691957113
2026,23,Hawthorn,Collingwood,12485,Mabior,Chol,Hawthorn,0.04282115340444237
2026,23,Hawthorn,Collingwood,12998,Massimo,DAmbrosio,Hawthorn,0.030691885889354207
2026,23,Hawthorn,Collingwood,12794,Will,Day,Hawthorn,0.06620992645975492
2026,23,Hawthorn,Collingwood,12927,Jack,Ginnivan,Hawthorn,0.02640623392486047
2026,23,Hawthorn,Collingwood,11845,Jack,Gunston,Hawthorn,0.031388404203704284
2026,23,Hawthorn,Collingwood,12469,Blake,Hardwick,Hawthorn,0.02755442791588109
2026,23,Hawthorn,Collingwood,12237,Jarman,Impey,Hawthorn,0.21468486597827305
2026,23,Hawthorn,Collingwood,12636,Mitch,Lewis,Hawthorn,0.0343307292718984
2026,23,Hawthorn,Collingwood,13069,Bailey,Macdonald,Hawthorn,0.03204233276114446
2026,23,Hawthorn,Collingwood,12954,Connor,Macdonald,Hawthorn,0.032514878117302276
2026,23,Hawthorn,Collingwood,13031,Cam,Mackenzie,Hawthorn,0.053529947997635316
2026,23,Hawthorn,Collingwood,12856,Lloyd,Meek,Hawthorn,0.05745893131855015
2026,23,Hawthorn,Collingwood,12710,Dylan,Moore,Hawthorn,0.07726134556729762
2026,23,Hawthorn,Collingwood,12579,Harry,Morrison,Hawthorn,0.06382966673743011
2026,23,Hawthorn,Collingwood,12915,Jai,Newcombe,Hawthorn,0.31870946533319117
2026,23,Hawthorn,Collingwood,12332,James,Sicily,Hawthorn,0.03261984185115241
2026,23,Hawthorn,Collingwood,12955,Josh,Ward,Hawthorn,0.49552228611566446
2026,23,Hawthorn,Collingwood,13105,Nick,Watson,Hawthorn,0.034087553544992516
2026,23,Hawthorn,Collingwood,13057,Josh,Weddle,Hawthorn,0.039894260804289
2026,23,Port Adelaide,Melbourne,12931,Jake,Bowey,Melbourne,0.049198045265591586
2026,23,Port Adelaide,Melbourne,12756,Kade,Chandler,Melbourne,1.3478384717934593
2026,23,Port Adelaide,Melbourne,13335,Joel,Fitzgerald,Melbourne,0.05577482116461631
2026,23,Port Adelaide,Melbourne,12598,Bayley,Fritsch,Melbourne,0.6005620568521122
2026,23,Port Adelaide,Melbourne,11966,Max,Gawn,Melbourne,1.2783545006799564
2026,23,Port Adelaide,Melbourne,13182,Matthew,Jefferson,Melbourne,0.02240860301644533
2026,23,Port Adelaide,Melbourne,12752,Changkuoth,Jiath,Melbourne,0.030663063446122643
2026,23,Port Adelaide,Melbourne,12393,Ed,Langdon,Melbourne,0.03145867998838238
2026,23,Port Adelaide,Melbourne,13184,Harvey,Langford,Melbourne,0.03517064377171479
2026,23,Port Adelaide,Melbourne,13032,Bailey,Laurie,Melbourne,0.07688971314899981
2026,23,Port Adelaide,Melbourne,12351,Jake,Lever,Melbourne,0.04219911969064109
2026,23,Port Adelaide,Melbourne,12009,Tom,McDonald,Melbourne,0.03880164803656881
2026,23,Port Adelaide,Melbourne,12653,Harry,Petty,Melbourne,0.029332536542930762
2026,23,Port Adelaide,Melbourne,12771,Kysaiah,Pickett,Melbourne,0.08948079482249989
2026,23,Port Adelaide,Melbourne,12778,Trent,Rivers,Melbourne,0.0329170678198903
2026,23,Port Adelaide,Melbourne,12272,Christian,Salem,Melbourne,0.03415522393033861
2026,23,Port Adelaide,Melbourne,12864,Harry,Sharp,Melbourne,0.03391301007767204
2026,23,Port Adelaide,Melbourne,12693,Tom,Sparrow,Melbourne,0.06393633473636774
2026,23,Port Adelaide,Melbourne,12368,Jack,Steele,Melbourne,0.7470562450495323
2026,23,Port Adelaide,Melbourne,13123,Koltyn,Tholstrup,Melbourne,0.10830727227471561
2026,23,Port Adelaide,Melbourne,12996,Daniel,Turner,Melbourne,0.05494237084901453
2026,23,Port Adelaide,Melbourne,13048,Jacob,van Rooyen,Melbourne,0.04119598721669317
2026,23,Port Adelaide,Melbourne,13099,Caleb,Windsor,Melbourne,0.05884365381001845
2026,23,Port Adelaide,Melbourne,12433,Aliir,Aliir,Port Adelaide,0.03203268417753634
2026,23,Port Adelaide,Melbourne,13322,Tom,Anastasopoulos,Port Adelaide,0.03306696342770059
2026,23,Port Adelaide,Melbourne,13337,Xavier,Bamert,Port Adelaide,0.03115823074462519
2026,23,Port Adelaide,Melbourne,12867,Miles,Bergman,Port Adelaide,0.030217634690005143
2026,23,Port Adelaide,Melbourne,13188,Joe,Berry,Port Adelaide,0.03404717608452383
2026,23,Port Adelaide,Melbourne,13007,Jase,Burgoyne,Port Adelaide,0.0357372192612679
2026,23,Port Adelaide,Melbourne,12695,Willem,Drew,Port Adelaide,0.03498672831468351
2026,23,Port Adelaide,Melbourne,12936,Corey,Durdin,Port Adelaide,0.030894036016713963
2026,23,Port Adelaide,Melbourne,12766,Mitch,Georgiades,Port Adelaide,0.03534690940946235
2026,23,Port Adelaide,Melbourne,12956,Jason,Horne-Francis,Port Adelaide,0.07422317925146882
2026,23,Port Adelaide,Melbourne,12882,Lachie,Jones,Port Adelaide,0.0335114288577094
2026,23,Port Adelaide,Melbourne,13301,Josh,Lai,Port Adelaide,0.03792382274108179
2026,23,Port Adelaide,Melbourne,12575,Todd,Marshall,Port Adelaide,0.025424008336938433
2026,23,Port Adelaide,Melbourne,13354,Balyn,OBrien,Port Adelaide,0.031103372456584413
2026,23,Port Adelaide,Melbourne,13270,Harrison,Ramm,Port Adelaide,0.03546595919438493
2026,23,Port Adelaide,Melbourne,13139,Joe,Richards,Port Adelaide,0.12247529428453587
2026,23,Port Adelaide,Melbourne,12890,Jordon,Sweet,Port Adelaide,0.12949219766978026
2026,23,Port Adelaide,Melbourne,13360,Alex,Van Wyk,Port Adelaide,0.03158242641356622
2026,23,Port Adelaide,Melbourne,13073,Dante,Visentini,Port Adelaide,0.03816641097464128
2026,23,Port Adelaide,Melbourne,12991,Jacob,Wehr,Port Adelaide,0.027513506797857787
2026,23,Port Adelaide,Melbourne,13259,Jack,Whitlock,Port Adelaide,0.02925300405338639
2026,23,Port Adelaide,Melbourne,12150,Ollie,Wines,Port Adelaide,0.15079235729802537
2026,23,Port Adelaide,Melbourne,13305,Mitch,Zadow,Port Adelaide,0.032185585538075864
2026,23,Greater Western Sydney,West Coast,13226,Cody,Angove,Greater Western Sydney,0.011546373346062094
2026,23,Greater Western Sydney,West Coast,13001,Ryan,Angwin,Greater Western Sydney,0.01693780982117768
2026,23,Greater Western Sydney,West Coast,12782,Lachie,Ash,Greater Western Sydney,2.059451217046539
2026,23,Greater Western Sydney,West Coast,12904,Kieren,Briggs,Greater Western Sydney,0.06274171494532375
2026,23,Greater Western Sydney,West Coast,12910,Callum,Brown,Greater Western Sydney,0.2525296830666306
2026,23,Greater Western Sydney,West Coast,13054,Aaron,Cadman,Greater Western Sydney,0.06117425636946876
2026,23,Greater Western Sydney,West Coast,12028,Stephen,Coniglio,Greater Western Sydney,0.09257906207062985
2026,23,Greater Western Sydney,West Coast,13222,Josaia,Delana,Greater Western Sydney,0.009788470167146957
2026,23,Greater Western Sydney,West Coast,13164,Joe,Fonti,Greater Western Sydney,0.02029185962124877
2026,23,Greater Western Sydney,West Coast,12025,Toby,Greene,Greater Western Sydney,0.4204830243196894
2026,23,Greater Western Sydney,West Coast,13158,Max,Gruzewski,Greater Western Sydney,0.013626803277935917
2026,23,Greater Western Sydney,West Coast,13347,Riley,Hamilton,Greater Western Sydney,0.01765021162914901
2026,23,Greater Western Sydney,West Coast,12462,Harry,Himmelberg,Greater Western Sydney,0.02561272704648869
2026,23,Greater Western Sydney,West Coast,12750,Connor,Idun,Greater Western Sydney,0.2502898014615199
2026,23,Greater Western Sydney,West Coast,13236,Nick,Madden,Greater Western Sydney,0.017664742737404093
2026,23,Greater Western Sydney,West Coast,13088,Toby,McMullin,Greater Western Sydney,0.019419581127537458
2026,23,Greater Western Sydney,West Coast,12410,Clayton,Oliver,Greater Western Sydney,0.561533472477124
2026,23,Greater Western Sydney,West Coast,13045,Harry,Rowston,Greater Western Sydney,0.04912644511493272
2026,23,Greater Western Sydney,West Coast,12886,Conor,Stone,Greater Western Sydney,0.015358950985912195
2026,23,Greater Western Sydney,West Coast,12167,Jake,Stringer,Greater Western Sydney,0.009661530711781635
2026,23,Greater Western Sydney,West Coast,12644,Sam,Taylor,Greater Western Sydney,0.024450125107535386
2026,23,Greater Western Sydney,West Coast,13101,Harvey,Thomas,Greater Western Sydney,0.11963702023239706
2026,23,Greater Western Sydney,West Coast,12143,Lachie,Whitfield,Greater Western Sydney,1.4172695690425148
2026,23,Greater Western Sydney,West Coast,12576,Jack,Graham,West Coast,0.011576986190272975
2026,23,Greater Western Sydney,West Coast,12962,Jack,Williams,West Coast,0.01307313825162304
2026,23,Greater Western Sydney,West Coast,12661,Liam,Baker,West Coast,0.0005225664197704705
2026,23,Greater Western Sydney,West Coast,13000,Rhett,Bazzo,West Coast,0.014587549466183264
2026,23,Greater Western Sydney,West Coast,12446,Tom,Cole,West Coast,0.007189806081978334
2026,23,Greater Western Sydney,West Coast,13210,Hamish,Davis,West Coast,0.01155420035039681
2026,23,Greater Western Sydney,West Coast,13291,Cooper,Duff-Tytler,West Coast,0.014819489382161266
2026,23,Greater Western Sydney,West Coast,12334,Liam,Duggan,West Coast,0.008882529501230418
2026,23,Greater Western Sydney,West Coast,13292,Willem,Duursma,West Coast,0.013126896670519472
2026,23,Greater Western Sydney,West Coast,13211,Tom,Gross,West Coast,0.011494521412867165
2026,23,Greater Western Sydney,West Coast,13339,Marcus,Herbert,West Coast,0.021640325656087464
2026,23,Greater Western Sydney,West Coast,12957,Brady,Hough,West Coast,0.012341708801110074
2026,23,Greater Western Sydney,West Coast,12595,Tim,Kelly,West Coast,0.0772456793786662
2026,23,Greater Western Sydney,West Coast,13293,Josh,Lindsay,West Coast,0.013027547943324419
2026,23,Greater Western Sydney,West Coast,13240,Tom,McCarthy,West Coast,0.020456653413237838
2026,23,Greater Western Sydney,West Coast,13294,Milan,Murdock,West Coast,0.011190951763927481
2026,23,Greater Western Sydney,West Coast,13111,Harley,Reid,West Coast,0.12969718736466623
2026,23,Greater Western Sydney,West Coast,13247,Jobe,Shanahan,West Coast,0.012233153095724592
2026,23,Greater Western Sydney,West Coast,12668,Brandon,Starcevich,West Coast,0.010206215483493791
2026,23,Greater Western Sydney,West Coast,12601,Jake,Waterman,West Coast,0.0
2026,23,Greater Western Sydney,West Coast,12836,Bailey,Williams,West Coast,0.0
2026,23,Greater Western Sydney,West Coast,12087,Elliot,Yeo,West Coast,0.022020526223488324
2026,23,Greater Western Sydney,West Coast,13043,Tylar,Young,West Coast,0.01428791541721855
2026,23,Western Bulldogs,Carlton,13365,Billy,Wilson,Carlton,0.019884839561297607
2026,23,Western Bulldogs,Carlton,12276,Blake,Acres,Carlton,0.3321286991668
2026,23,Western Bulldogs,Carlton,12498,Ben,Ainsworth,Carlton,0.018227500558856913
2026,23,Western Bulldogs,Carlton,13297,Talor,Byrne,Carlton,0.01755911402178459
2026,23,Western Bulldogs,Carlton,12603,Adam,Cerra,Carlton,0.01869584499441662
2026,23,Western Bulldogs,Carlton,12822,Matthew,Cottrell,Carlton,0.02165606916793103
2026,23,Western Bulldogs,Carlton,13028,Lachlan,Cowan,Carlton,0.025318455310849947
2026,23,Western Bulldogs,Carlton,12261,Patrick,Cripps,Carlton,1.5538508254018948
2026,23,Western Bulldogs,Carlton,13273,Harry,Dean,Carlton,0.03004341596037724
2026,23,Western Bulldogs,Carlton,13303,Wade,Derksen,Carlton,0.01592040651107779
2026,23,Western Bulldogs,Carlton,12873,Francis,Evans,Carlton,0.026742916894450824
2026,23,Western Bulldogs,Carlton,12497,Oliver,Florent,Carlton,0.052765246035815325
2026,23,Western Bulldogs,Carlton,12091,Nick,Haynes,Carlton,0.08644100336475748
2026,23,Western Bulldogs,Carlton,12509,Will,Hayward,Carlton,0.08730639035265382
2026,23,Western Bulldogs,Carlton,12411,George,Hewett,Carlton,0.0970301102567925
2026,23,Western Bulldogs,Carlton,12937,Brodie,Kemp,Carlton,0.018201058249111418
2026,23,Western Bulldogs,Carlton,13170,Cooper,Lord,Carlton,0.01965688635684093
2026,23,Western Bulldogs,Carlton,12404,Mitch,McGovern,Carlton,0.01995284906462047
2026,23,Western Bulldogs,Carlton,12566,Harry,McKay,Carlton,0.05990073849381565
2026,23,Western Bulldogs,Carlton,12417,Marc,Pittonet,Carlton,0.06621523216528778
2026,23,Western Bulldogs,Carlton,13274,Jagga,Smith,Carlton,0.05367878673521173
2026,23,Western Bulldogs,Carlton,12684,Sam,Walsh,Carlton,0.21440747486011136
2026,23,Western Bulldogs,Carlton,12402,Jacob,Weitering,Carlton,0.030693715890231732
2026,23,Western Bulldogs,Carlton,12916,Lachlan,Bramble,Western Bulldogs,0.02845553560878228
2026,23,Western Bulldogs,Carlton,13362,Lachlan,Carmichael,Western Bulldogs,0.02239013258193301
2026,23,Western Bulldogs,Carlton,13265,Jordan,Croft,Western Bulldogs,0.01958932288340845
2026,23,Western Bulldogs,Carlton,13178,Sam,Davidson,Western Bulldogs,0.017980623322168543
2026,23,Western Bulldogs,Carlton,13179,Josh,Dolan,Western Bulldogs,0.0155586645531397
2026,23,Western Bulldogs,Carlton,13308,Louis,Emmett,Western Bulldogs,0.021806662896606377
2026,23,Western Bulldogs,Carlton,13140,Joel,Freijah,Western Bulldogs,0.08906345551421739
2026,23,Western Bulldogs,Carlton,13213,Cooper,Hynes,Western Bulldogs,0.02174357004005642
2026,23,Western Bulldogs,Carlton,13275,Lachie,Jaques,Western Bulldogs,0.01979017530147159
2026,23,Western Bulldogs,Carlton,13046,Arthur,Jones,Western Bulldogs,0.02262307168483227
2026,23,Western Bulldogs,Carlton,13333,Luke,Kennedy,Western Bulldogs,0.018114661591811992
2026,23,Western Bulldogs,Carlton,12455,Matthew,Kennedy,Western Bulldogs,0.1263258372504833
2026,23,Western Bulldogs,Carlton,12900,Buku,Khamis,Western Bulldogs,0.03361093505195106
2026,23,Western Bulldogs,Carlton,11898,Tom,Liberatore,Western Bulldogs,0.8865506460805054
2026,23,Western Bulldogs,Carlton,12282,Rory,Lobb,Western Bulldogs,0.023625552764064195
2026,23,Western Bulldogs,Carlton,12594,Aaron,Naughton,Western Bulldogs,0.016254604378699078
2026,23,Western Bulldogs,Carlton,13061,James,ODonnell,Western Bulldogs,0.03802216190245436
2026,23,Western Bulldogs,Carlton,12605,Ed,Richards,Western Bulldogs,1.5509992598916538
2026,23,Western Bulldogs,Carlton,13103,Ryley,Sanders,Western Bulldogs,0.04363174537604329
2026,23,Western Bulldogs,Carlton,13276,Michael,Sellwood,Western Bulldogs,0.029202950308990575
2026,23,Western Bulldogs,Carlton,12800,Cody,Weightman,Western Bulldogs,0.016002164981133715
2026,23,Western Bulldogs,Carlton,12748,Rhylee,West,Western Bulldogs,0.02166256813033901
2026,23,Western Bulldogs,Carlton,12441,Bailey,Williams,Western Bulldogs,0.030718118522181745
2026,23,Essendon,Sydney,13352,Jaxon,Artemis,Essendon,0.0
2026,23,Essendon,Sydney,12899,Nick,Bryan,Essendon,0.0
2026,23,Essendon,Sydney,13148,Nate,Caddy,Essendon,0.0
2026,23,Essendon,Sydney,12755,Jye,Caldwell,Essendon,0.0
2026,23,Essendon,Sydney,13229,Angus,Clarke,Essendon,0.0
2026,23,Essendon,Sydney,13223,Archer,Day-Wicks,Essendon,0.0
2026,23,Essendon,Sydney,13299,Jacob,Farrow,Essendon,0.0
2026,23,Essendon,Sydney,12853,Harry,Jones,Essendon,0.0
2026,23,Essendon,Sydney,13177,Isaac,Kako,Essendon,0.0
2026,23,Essendon,Sydney,13282,Max,Kondogiannis,Essendon,0.0
2026,23,Essendon,Sydney,12349,Kyle,Langford,Essendon,0.0
2026,23,Essendon,Sydney,12491,Andrew,McGrath,Essendon,0.0
2026,23,Essendon,Sydney,12241,Zach,Merrett,Essendon,0.0
2026,23,Essendon,Sydney,12879,Archie,Perkins,Essendon,0.0
2026,23,Essendon,Sydney,12874,Jaxon,Prior,Essendon,0.0
2026,23,Essendon,Sydney,12437,Mason,Redman,Essendon,0.0
2026,23,Essendon,Sydney,12889,Zach,Reid,Essendon,0.0
2026,23,Essendon,Sydney,13168,Archie,Roberts,Essendon,0.0
2026,23,Essendon,Sydney,12567,Will,Setterfield,Essendon,0.0
2026,23,Essendon,Sydney,13283,Dyson,Sharp,Essendon,0.0
2026,23,Essendon,Sydney,13264,Rhys,Unwin,Essendon,0.0
2026,23,Essendon,Sydney,13241,Vigo,Visentini,Essendon,0.0
2026,23,Essendon,Sydney,12366,Peter,Wright,Essendon,0.0
2026,23,Essendon,Sydney,13195,Riley,Bice,Sydney,0.0
2026,23,Essendon,Sydney,12699,Nick,Blakey,Sydney,0.0
2026,23,Essendon,Sydney,12863,Braeden,Campbell,Sydney,0.0
2026,23,Essendon,Sydney,13317,Billy,Cootee,Sydney,0.0
2026,23,Essendon,Sydney,12421,Charlie,Curnow,Sydney,0.0
2026,23,Essendon,Sydney,13260,Jesse,Dattoli,Sydney,0.0
2026,23,Essendon,Sydney,13361,Will,Green,Sydney,0.0
2026,23,Essendon,Sydney,12217,Brodie,Grundy,Sydney,0.3997311546613277
2026,23,Essendon,Sydney,12862,Errol,Gulden,Sydney,2.1068096915219865
2026,23,Essendon,Sydney,12359,Joel,Hamling,Sydney,0.0
2026,23,Essendon,Sydney,12326,Isaac,Heeney,Sydney,2.3106376204138606
2026,23,Essendon,Sydney,12860,James,Jordon,Sydney,0.0
2026,23,Essendon,Sydney,13327,Harry,Kyle,Sydney,0.0
2026,23,Essendon,Sydney,12268,Jake,Lloyd,Sydney,0.0
2026,23,Essendon,Sydney,12627,Tom,McCartin,Sydney,0.0
2026,23,Essendon,Sydney,12861,Logan,McDonald,Sydney,0.0
2026,23,Essendon,Sydney,12413,Callum,Mills,Sydney,0.0
2026,23,Essendon,Sydney,12412,Tom,Papley,Sydney,0.0
2026,23,Essendon,Sydney,12140,Dane,Rampe,Sydney,0.0
2026,23,Essendon,Sydney,12994,Matt,Roberts,Sydney,0.0
2026,23,Essendon,Sydney,13022,Jai,Serong,Sydney,0.0
2026,23,Essendon,Sydney,12797,Chad,Warner,Sydney,1.1828215334016265
2026,23,Essendon,Sydney,12818,Sam,Wicks,Sydney,0.0
2026,24,St Kilda,Gold Coast,13341,Beau,Addinsall,Gold Coast,0.0
2026,24,St Kilda,Gold Coast,12767,Noah,Anderson,Gold Coast,1.5698438732700075
2026,24,St Kilda,Gold Coast,13019,Mac,Andrew,Gold Coast,0.0
2026,24,St Kilda,Gold Coast,12625,Charlie,Ballard,Gold Coast,0.0
2026,24,St Kilda,Gold Coast,13119,Sam,Clohesy,Gold Coast,0.0
2026,24,St Kilda,Gold Coast,13272,Lachlan,Gulbin,Gold Coast,0.0
2026,24,St Kilda,Gold Coast,12307,Nick,Holman,Gold Coast,0.0
2026,24,St Kilda,Gold Coast,13049,Bailey,Humphrey,Gold Coast,0.0
2026,24,St Kilda,Gold Coast,12933,Joel,Jeffrey,Gold Coast,0.0
2026,24,St Kilda,Gold Coast,13257,Ben,Jepson,Gold Coast,0.0
2026,24,St Kilda,Gold Coast,12728,Ben,King,Gold Coast,0.0
2026,24,St Kilda,Gold Coast,13232,Leo,Lombard,Gold Coast,0.0
2026,24,St Kilda,Gold Coast,12521,Ben,Long,Gold Coast,0.0
2026,24,St Kilda,Gold Coast,12331,Touk,Miller,Gold Coast,0.8621666672479802
2026,24,St Kilda,Gold Coast,13050,Ned,Moyle,Gold Coast,0.0
2026,24,St Kilda,Gold Coast,12743,John,Noble,Gold Coast,1.3784480753251114
2026,24,St Kilda,Gold Coast,13121,Ethan,Read,Gold Coast,0.0
2026,24,St Kilda,Gold Coast,12403,Daniel,Rioli,Gold Coast,0.0
2026,24,St Kilda,Gold Coast,13126,Jake,Rogers,Gold Coast,0.0
2026,24,St Kilda,Gold Coast,12768,Matt,Rowell,Gold Coast,1.8225511834228139
2026,24,St Kilda,Gold Coast,13041,Bodhi,Uwland,Gold Coast,0.0
2026,24,St Kilda,Gold Coast,13114,Jed,Walter,Gold Coast,0.0
2026,24,St Kilda,Gold Coast,12177,Jarrod,Witts,Gold Coast,0.0
2026,24,St Kilda,Gold Coast,13220,Hugh,Boxshall,St Kilda,0.0
2026,24,St Kilda,Gold Coast,12490,Dan,Butler,St Kilda,0.0
2026,24,St Kilda,Gold Coast,12802,Ryan,Byrnes,St Kilda,0.0
2026,24,St Kilda,Gold Coast,12674,Tom,De Koning,St Kilda,0.0
2026,24,St Kilda,Gold Coast,13125,Hugo,Garcia,St Kilda,0.0
2026,24,St Kilda,Gold Coast,13193,Max,Hall,St Kilda,0.21382660130646258
2026,24,St Kilda,Gold Coast,13116,Angus,Hastie,St Kilda,0.0
2026,24,St Kilda,Gold Coast,12060,Bradley,Hill,St Kilda,0.1531635994273977
2026,24,St Kilda,Gold Coast,12420,Dougal,Howard,St Kilda,0.0
2026,24,St Kilda,Gold Coast,13331,Campbell,Lake,St Kilda,0.0
2026,24,St Kilda,Gold Coast,12166,Jack,Macrae,St Kilda,0.0
2026,24,St Kilda,Gold Coast,12564,Rowan,Marshall,St Kilda,0.0
2026,24,St Kilda,Gold Coast,13194,Liam,OConnell,St Kilda,0.0
2026,24,St Kilda,Gold Coast,12948,Mitch,Owens,St Kilda,0.0
2026,24,St Kilda,Gold Coast,13036,Mattaes,Phillipou,St Kilda,0.0
2026,24,St Kilda,Gold Coast,12600,Liam,Ryan,St Kilda,0.0
2026,24,St Kilda,Gold Coast,12929,Cooper,Sharman,St Kilda,0.0
2026,24,St Kilda,Gold Coast,12458,Jack,Silvagni,St Kilda,0.0
2026,24,St Kilda,Gold Coast,12721,Liam,Stocker,St Kilda,0.0
2026,24,St Kilda,Gold Coast,13206,Tobie,Travaglia,St Kilda,0.0
2026,24,St Kilda,Gold Coast,12703,Callum,Wilkie,St Kilda,0.0
2026,24,St Kilda,Gold Coast,13110,Darcy,Wilson,St Kilda,0.0
2026,24,St Kilda,Gold Coast,12967,Marcus,Windhager,St Kilda,0.0
2026,24,Collingwood,Brisbane Lions,12277,Charlie,Cameron,Brisbane Lions,0.0
2026,24,Collingwood,Brisbane Lions,12655,Oscar,Allen,Brisbane Lions,0.009104997883864652
2026,24,Collingwood,Brisbane Lions,12340,Harris,Andrews,Brisbane Lions,0.0
2026,24,Collingwood,Brisbane Lions,12718,Noah,Answerth,Brisbane Lions,0.0
2026,24,Collingwood,Brisbane Lions,13197,Levi,Ashcroft,Brisbane Lions,0.0
2026,24,Collingwood,Brisbane Lions,13040,Will,Ashcroft,Brisbane Lions,0.1404170062237227
2026,24,Collingwood,Brisbane Lions,12610,Zac,Bailey,Brisbane Lions,0.041728619484039414
2026,24,Collingwood,Brisbane Lions,12519,Jarrod,Berry,Brisbane Lions,0.0
2026,24,Collingwood,Brisbane Lions,12810,Sam,Draper,Brisbane Lions,0.007579951255257386
2026,24,Collingwood,Brisbane Lions,12408,Josh,Dunkley,Brisbane Lions,0.49065870890621566
2026,24,Collingwood,Brisbane Lions,13072,Jaspa,Fletcher,Brisbane Lions,0.0
2026,24,Collingwood,Brisbane Lions,12724,Darcy,Fort,Brisbane Lions,0.0
2026,24,Collingwood,Brisbane Lions,13235,Ty,Gallop,Brisbane Lions,0.0
2026,24,Collingwood,Brisbane Lions,12267,Darcy,Gardiner,Brisbane Lions,0.0
2026,24,Collingwood,Brisbane Lions,12454,Eric,Hipwood,Brisbane Lions,0.0
2026,24,Collingwood,Brisbane Lions,11894,Ryan,Lester,Brisbane Lions,0.0
2026,24,Collingwood,Brisbane Lions,12968,Kai,Lohmann,Brisbane Lions,0.0
2026,24,Collingwood,Brisbane Lions,12391,Conor,McKenna,Brisbane Lions,0.16868641318797548
2026,24,Collingwood,Brisbane Lions,13137,Logan,Morris,Brisbane Lions,2.6563117061033115
2026,24,Collingwood,Brisbane Lions,12055,Lachie,Neale,Brisbane Lions,1.878857514293934
2026,24,Collingwood,Brisbane Lions,12592,Cam,Rayner,Brisbane Lions,0.0
2026,24,Collingwood,Brisbane Lions,13026,Darcy,Wilmot,Brisbane Lions,0.0
2026,24,Collingwood,Brisbane Lions,12076,Dayne,Zorko,Brisbane Lions,0.0
2026,24,Collingwood,Brisbane Lions,13146,Edward,Allan,Collingwood,0.0
2026,24,Collingwood,Brisbane Lions,13306,Angus,Anderson,Collingwood,0.0
2026,24,Collingwood,Brisbane Lions,12660,Darcy,Cameron,Collingwood,0.0
2026,24,Collingwood,Brisbane Lions,12061,Jack,Crisp,Collingwood,0.0
2026,24,Collingwood,Brisbane Lions,12573,Josh,Daicos,Collingwood,0.0
2026,24,Collingwood,Brisbane Lions,12943,Nick,Daicos,Collingwood,0.01036388498852453
2026,24,Collingwood,Brisbane Lions,12318,Jordan,de Goey,Collingwood,0.4988815999539402
2026,24,Collingwood,Brisbane Lions,12676,Billy,Frampton,Collingwood,0.0
2026,24,Collingwood,Brisbane Lions,13068,Harvey,Harrison,Collingwood,0.0
2026,24,Collingwood,Brisbane Lions,13228,Will,Hayes,Collingwood,0.0
2026,24,Collingwood,Brisbane Lions,12495,Dan,Houston,Collingwood,0.0
2026,24,Collingwood,Brisbane Lions,11967,Jeremy,Howe,Collingwood,0.0
2026,24,Collingwood,Brisbane Lions,13023,Ned,Long,Collingwood,0.0
2026,24,Collingwood,Brisbane Lions,12876,Beau,McCreery,Collingwood,0.0
2026,24,Collingwood,Brisbane Lions,12291,Daniel,McStay,Collingwood,0.0
2026,24,Collingwood,Brisbane Lions,12300,Tim,Membrey,Collingwood,0.0
2026,24,Collingwood,Brisbane Lions,4182,Scott,Pendlebury,Collingwood,0.0
2026,24,Collingwood,Brisbane Lions,13342,Liam,Puncher,Collingwood,0.0
2026,24,Collingwood,Brisbane Lions,12700,Lachie,Schultz,Collingwood,0.0
2026,24,Collingwood,Brisbane Lions,11751,Steele,Sidebottom,Collingwood,0.0
2026,24,Collingwood,Brisbane Lions,13248,Roan,Steele,Collingwood,0.0
2026,24,Collingwood,Brisbane Lions,13340,Sam,Swadling,Collingwood,0.09740959771717239
2026,24,Collingwood,Brisbane Lions,13246,Charlie,West,Collingwood,0.0
2026,24,Carlton,Fremantle,13365,Billy,Wilson,Carlton,0.0
2026,24,Carlton,Fremantle,12276,Blake,Acres,Carlton,0.0
2026,24,Carlton,Fremantle,12498,Ben,Ainsworth,Carlton,0.45000406476201404
2026,24,Carlton,Fremantle,13297,Talor,Byrne,Carlton,0.0
2026,24,Carlton,Fremantle,12603,Adam,Cerra,Carlton,0.0
2026,24,Carlton,Fremantle,12822,Matthew,Cottrell,Carlton,0.0
2026,24,Carlton,Fremantle,13028,Lachlan,Cowan,Carlton,0.0
2026,24,Carlton,Fremantle,12261,Patrick,Cripps,Carlton,0.991602027555062
2026,24,Carlton,Fremantle,13273,Harry,Dean,Carlton,0.0
2026,24,Carlton,Fremantle,13303,Wade,Derksen,Carlton,0.0
2026,24,Carlton,Fremantle,12873,Francis,Evans,Carlton,1.1727491152869995
2026,24,Carlton,Fremantle,12497,Oliver,Florent,Carlton,0.1092783196859562
2026,24,Carlton,Fremantle,12411,George,Hewett,Carlton,0.07492506936053572
2026,24,Carlton,Fremantle,13029,Oliver,Hollands,Carlton,0.0
2026,24,Carlton,Fremantle,12937,Brodie,Kemp,Carlton,0.0
2026,24,Carlton,Fremantle,13170,Cooper,Lord,Carlton,0.0
2026,24,Carlton,Fremantle,12404,Mitch,McGovern,Carlton,0.0
2026,24,Carlton,Fremantle,12566,Harry,McKay,Carlton,0.0
2026,24,Carlton,Fremantle,12417,Marc,Pittonet,Carlton,0.0
2026,24,Carlton,Fremantle,13274,Jagga,Smith,Carlton,1.075129951730109
2026,24,Carlton,Fremantle,12684,Sam,Walsh,Carlton,2.1263114516182746
2026,24,Carlton,Fremantle,12402,Jacob,Weitering,Carlton,0.0
2026,24,Carlton,Fremantle,12559,Lewis,Young,Carlton,0.0
2026,24,Carlton,Fremantle,12588,Bailey,Banfield,Fremantle,0.0
2026,24,Carlton,Fremantle,12535,Shai,Bolton,Fremantle,0.0
2026,24,Carlton,Fremantle,12589,Andrew,Brayshaw,Fremantle,0.0
2026,24,Carlton,Fremantle,12688,Jordan,Clark,Fremantle,0.0
2026,24,Carlton,Fremantle,12544,Brennan,Cox,Fremantle,0.0
2026,24,Carlton,Fremantle,12428,Mason,Cox,Fremantle,0.0
2026,24,Carlton,Fremantle,13204,Isaiah,Dudley,Fremantle,0.0
2026,24,Carlton,Fremantle,12966,Neil,Erasmus,Fremantle,0.0
2026,24,Carlton,Fremantle,12801,Michael,Frederick,Fremantle,0.0
2026,24,Carlton,Fremantle,12779,Luke,Jackson,Fremantle,0.0
2026,24,Carlton,Fremantle,13047,Matthew,Johnson,Fremantle,0.0
2026,24,Carlton,Fremantle,12394,Oscar,McDonald,Fremantle,0.0
2026,24,Carlton,Fremantle,13033,Judd,McVee,Fremantle,0.0
2026,24,Carlton,Fremantle,13364,Tobyn,Murray,Fremantle,0.0
2026,24,Carlton,Fremantle,12960,Nathan,ODriscoll,Fremantle,0.0
2026,24,Carlton,Fremantle,12352,Alex,Pearce,Fremantle,0.0
2026,24,Carlton,Fremantle,12542,Luke,Ryan,Fremantle,0.0
2026,24,Carlton,Fremantle,13296,Chris,Scerri,Fremantle,0.0
2026,24,Carlton,Fremantle,12786,Caleb,Serong,Fremantle,0.0
2026,24,Carlton,Fremantle,12887,Josh,Treacy,Fremantle,0.0
2026,24,Carlton,Fremantle,13129,Patrick,Voss,Fremantle,0.0
2026,24,Carlton,Fremantle,13075,Karl,Worner,Fremantle,0.0
2026,24,Carlton,Fremantle,12777,Hayden,Young,Fremantle,0.0
2026,24,Melbourne,Western Bulldogs,12931,Jake,Bowey,Melbourne,0.03677612351342938
2026,24,Melbourne,Western Bulldogs,12756,Kade,Chandler,Melbourne,0.01230507479934661
2026,24,Melbourne,Western Bulldogs,13335,Joel,Fitzgerald,Melbourne,0.025497564642094774
2026,24,Melbourne,Western Bulldogs,12598,Bayley,Fritsch,Melbourne,0.0
2026,24,Melbourne,Western Bulldogs,11966,Max,Gawn,Melbourne,1.4063657794524875
2026,24,Melbourne,Western Bulldogs,13182,Matthew,Jefferson,Melbourne,0.010763310925876896
2026,24,Melbourne,Western Bulldogs,12752,Changkuoth,Jiath,Melbourne,0.01918177885229324
2026,24,Melbourne,Western Bulldogs,12393,Ed,Langdon,Melbourne,0.005137703470110772
2026,24,Melbourne,Western Bulldogs,13184,Harvey,Langford,Melbourne,0.008867252578691498
2026,24,Melbourne,Western Bulldogs,13032,Bailey,Laurie,Melbourne,0.009826979170144462
2026,24,Melbourne,Western Bulldogs,12351,Jake,Lever,Melbourne,0.012779824778648996
2026,24,Melbourne,Western Bulldogs,13185,Xavier,Lindsay,Melbourne,0.012602757904751011
2026,24,Melbourne,Western Bulldogs,12009,Tom,McDonald,Melbourne,0.0
2026,24,Melbourne,Western Bulldogs,12653,Harry,Petty,Melbourne,0.5715099975356965
2026,24,Melbourne,Western Bulldogs,12771,Kysaiah,Pickett,Melbourne,0.1325594055765519
2026,24,Melbourne,Western Bulldogs,12778,Trent,Rivers,Melbourne,0.01263027016103912
2026,24,Melbourne,Western Bulldogs,12272,Christian,Salem,Melbourne,0.006480062716413821
2026,24,Melbourne,Western Bulldogs,12864,Harry,Sharp,Melbourne,0.010559681487654732
2026,24,Melbourne,Western Bulldogs,12693,Tom,Sparrow,Melbourne,0.031110167864815623
2026,24,Melbourne,Western Bulldogs,12368,Jack,Steele,Melbourne,0.02776357037202077
2026,24,Melbourne,Western Bulldogs,13123,Koltyn,Tholstrup,Melbourne,0.013654323561819027
2026,24,Melbourne,Western Bulldogs,12996,Daniel,Turner,Melbourne,0.014888585736540777
2026,24,Melbourne,Western Bulldogs,13099,Caleb,Windsor,Melbourne,0.016407642610083893
2026,24,Melbourne,Western Bulldogs,12269,Marcus,Bontempelli,Western Bulldogs,0.9516325010044104
2026,24,Melbourne,Western Bulldogs,12916,Lachlan,Bramble,Western Bulldogs,0.013459864975336572
2026,24,Melbourne,Western Bulldogs,12769,Connor,Budarick,Western Bulldogs,0.011290934887945853
2026,24,Melbourne,Western Bulldogs,13362,Lachlan,Carmichael,Western Bulldogs,0.012480901959720453
2026,24,Melbourne,Western Bulldogs,12354,Bailey,Dale,Western Bulldogs,0.11431864071339982
2026,24,Melbourne,Western Bulldogs,13178,Sam,Davidson,Western Bulldogs,0.008736067438125656
2026,24,Melbourne,Western Bulldogs,13179,Josh,Dolan,Western Bulldogs,0.01537246828097743
2026,24,Melbourne,Western Bulldogs,13140,Joel,Freijah,Western Bulldogs,0.1895993957641119
2026,24,Melbourne,Western Bulldogs,12732,Ryan,Gardner,Western Bulldogs,0.014492582736975202
2026,24,Melbourne,Western Bulldogs,13213,Cooper,Hynes,Western Bulldogs,0.019880224322212224
2026,24,Melbourne,Western Bulldogs,13046,Arthur,Jones,Western Bulldogs,0.04009894687558913
2026,24,Melbourne,Western Bulldogs,13333,Luke,Kennedy,Western Bulldogs,0.016885179508912017
2026,24,Melbourne,Western Bulldogs,12455,Matthew,Kennedy,Western Bulldogs,0.38373411468864865
2026,24,Melbourne,Western Bulldogs,12900,Buku,Khamis,Western Bulldogs,0.023845942491418116
2026,24,Melbourne,Western Bulldogs,12282,Rory,Lobb,Western Bulldogs,0.017306106504717554
2026,24,Melbourne,Western Bulldogs,12594,Aaron,Naughton,Western Bulldogs,0.10050407676398629
2026,24,Melbourne,Western Bulldogs,13061,James,ODonnell,Western Bulldogs,0.025179282308777258
2026,24,Melbourne,Western Bulldogs,12605,Ed,Richards,Western Bulldogs,1.5814459381474293
2026,24,Melbourne,Western Bulldogs,13103,Ryley,Sanders,Western Bulldogs,0.014622199568862205
2026,24,Melbourne,Western Bulldogs,13276,Michael,Sellwood,Western Bulldogs,0.0190660571881189
2026,24,Melbourne,Western Bulldogs,12800,Cody,Weightman,Western Bulldogs,0.01033721155974956
2026,24,Melbourne,Western Bulldogs,12748,Rhylee,West,Western Bulldogs,0.006575263378757518
2026,24,Melbourne,Western Bulldogs,12441,Bailey,Williams,Western Bulldogs,0.011468241213598929
2026,24,Adelaide,Greater Western Sydney,12849,Sam,Berry,Adelaide,0.0
2026,24,Adelaide,Greater Western Sydney,13086,James,Borlase,Adelaide,0.0
2026,24,Adelaide,Greater Western Sydney,12932,Brayden,Cook,Adelaide,0.0
2026,24,Adelaide,Greater Western Sydney,12629,Isaac,Cumming,Adelaide,0.0
2026,24,Adelaide,Greater Western Sydney,13132,Daniel,Curtin,Adelaide,0.0
2026,24,Adelaide,Greater Western Sydney,12516,Jordan,Dawson,Adelaide,1.4399980583316445
2026,24,Adelaide,Greater Western Sydney,12584,Darcy,Fogarty,Adelaide,0.0
2026,24,Adelaide,Greater Western Sydney,13328,Hugo,Hall-Kahan,Adelaide,0.0
2026,24,Adelaide,Greater Western Sydney,12809,Mark,Keane,Adelaide,0.0
2026,24,Adelaide,Greater Western Sydney,12434,Ben,Keays,Adelaide,0.2370325411337052
2026,24,Adelaide,Greater Western Sydney,12165,Rory,Laird,Adelaide,0.0
2026,24,Adelaide,Greater Western Sydney,13065,Lachlan,McAndrew,Adelaide,0.0
2026,24,Adelaide,Greater Western Sydney,13027,Max,Michalanney,Adelaide,0.0
2026,24,Adelaide,Greater Western Sydney,12405,Wayne,Milera,Adelaide,0.0
2026,24,Adelaide,Greater Western Sydney,13081,Luke,Nankervis,Adelaide,0.0
2026,24,Adelaide,Greater Western Sydney,12367,Alex,Neal-Bullen,Adelaide,0.0
2026,24,Adelaide,Greater Western Sydney,12953,Josh,Rachele,Adelaide,0.0
2026,24,Adelaide,Greater Western Sydney,12798,Izak,Rankine,Adelaide,2.6368922536457973
2026,24,Adelaide,Greater Western Sydney,12952,Jake,Soligo,Adelaide,0.0
2026,24,Adelaide,Greater Western Sydney,13159,Zac,Taylor,Adelaide,0.0
2026,24,Adelaide,Greater Western Sydney,12892,Riley,Thilthorpe,Adelaide,0.3043641180129917
2026,24,Adelaide,Greater Western Sydney,11713,Taylor,Walker,Adelaide,1.2400367315770109
2026,24,Adelaide,Greater Western Sydney,12912,Josh,Worrell,Adelaide,0.0
2026,24,Adelaide,Greater Western Sydney,13001,Ryan,Angwin,Greater Western Sydney,0.0
2026,24,Adelaide,Greater Western Sydney,12782,Lachie,Ash,Greater Western Sydney,0.0
2026,24,Adelaide,Greater Western Sydney,12904,Kieren,Briggs,Greater Western Sydney,0.0
2026,24,Adelaide,Greater Western Sydney,12910,Callum,Brown,Greater Western Sydney,0.0
2026,24,Adelaide,Greater Western Sydney,13054,Aaron,Cadman,Greater Western Sydney,0.0
2026,24,Adelaide,Greater Western Sydney,12028,Stephen,Coniglio,Greater Western Sydney,0.0
2026,24,Adelaide,Greater Western Sydney,13222,Josaia,Delana,Greater Western Sydney,0.0
2026,24,Adelaide,Greater Western Sydney,13164,Joe,Fonti,Greater Western Sydney,0.0
2026,24,Adelaide,Greater Western Sydney,12025,Toby,Greene,Greater Western Sydney,0.0
2026,24,Adelaide,Greater Western Sydney,13158,Max,Gruzewski,Greater Western Sydney,0.0
2026,24,Adelaide,Greater Western Sydney,13347,Riley,Hamilton,Greater Western Sydney,0.0
2026,24,Adelaide,Greater Western Sydney,12462,Harry,Himmelberg,Greater Western Sydney,0.0
2026,24,Adelaide,Greater Western Sydney,12750,Connor,Idun,Greater Western Sydney,0.0
2026,24,Adelaide,Greater Western Sydney,13236,Nick,Madden,Greater Western Sydney,0.0
2026,24,Adelaide,Greater Western Sydney,13088,Toby,McMullin,Greater Western Sydney,0.0
2026,24,Adelaide,Greater Western Sydney,12821,Xavier,OHalloran,Greater Western Sydney,0.0
2026,24,Adelaide,Greater Western Sydney,12410,Clayton,Oliver,Greater Western Sydney,0.0
2026,24,Adelaide,Greater Western Sydney,13045,Harry,Rowston,Greater Western Sydney,0.0
2026,24,Adelaide,Greater Western Sydney,12886,Conor,Stone,Greater Western Sydney,0.0
2026,24,Adelaide,Greater Western Sydney,12167,Jake,Stringer,Greater Western Sydney,0.1416762972975456
2026,24,Adelaide,Greater Western Sydney,12644,Sam,Taylor,Greater Western Sydney,0.0
2026,24,Adelaide,Greater Western Sydney,13101,Harvey,Thomas,Greater Western Sydney,0.0
2026,24,Adelaide,Greater Western Sydney,12143,Lachie,Whitfield,Greater Western Sydney,0.0
2026,24,Geelong,Richmond,12690,Tom,Atkins,Geelong,0.05528556614248191
2026,24,Geelong,Richmond,12871,Tanner,Bruhn,Geelong,0.0461578425989676
2026,24,Geelong,Richmond,12017,Jeremy,Cameron,Geelong,0.05394616706673565
2026,24,Geelong,Richmond,13062,Jhye,Clark,Geelong,0.0
2026,24,Geelong,Richmond,12806,Brad,Close,Geelong,0.002243892532585697
2026,24,Geelong,Richmond,11700,Patrick,Dangerfield,Geelong,1.019429375159104
2026,24,Geelong,Richmond,12891,Sam,De Koning,Geelong,0.010856694258162354
2026,24,Geelong,Richmond,12974,Oliver,Dempsey,Geelong,0.14028915356766916
2026,24,Geelong,Richmond,13285,Mitchell,Edwards,Geelong,0.05509877171078183
2026,24,Geelong,Richmond,12551,Zach,Guthrie,Geelong,0.005551798126461062
2026,24,Geelong,Richmond,12607,Jack,Henry,Geelong,0.0018498053594193115
2026,24,Geelong,Richmond,12851,Oliver,Henry,Geelong,0.01062650945391093
2026,24,Geelong,Richmond,13160,Lawson,Humphries,Geelong,0.008045220124372922
2026,24,Geelong,Richmond,13104,Shaun,Mannagh,Geelong,1.4724496283356545
2026,24,Geelong,Richmond,12236,Jack,Martin,Geelong,0.0
2026,24,Geelong,Richmond,12689,Gryan,Miers,Geelong,0.008750223420133792
2026,24,Geelong,Richmond,13066,Oisin,Mullin,Geelong,0.015867204647041402
2026,24,Geelong,Richmond,12992,Shannon,Neale,Geelong,0.17566079688009223
2026,24,Geelong,Richmond,12531,Mark,OConnor,Geelong,0.004775079522603894
2026,24,Geelong,Richmond,13122,Connor,OSullivan,Geelong,0.01952681404122418
2026,24,Geelong,Richmond,13353,Jay,Polkinghorne,Geelong,0.006642287803952653
2026,24,Geelong,Richmond,12692,Bailey,Smith,Geelong,2.563497595576502
2026,24,Geelong,Richmond,12505,Tom,Stewart,Geelong,0.027775329147452968
2026,24,Geelong,Richmond,12712,Jack,Ross,Richmond,0.053452916767889325
2026,24,Geelong,Richmond,13338,Kye,Annand,Richmond,0.0029291203361016833
2026,24,Geelong,Richmond,13078,Sam,Banks,Richmond,0.0028927811997133696
2026,24,Geelong,Richmond,13096,Tom,Brown,Richmond,0.0
2026,24,Geelong,Richmond,13100,Seth,Campbell,Richmond,0.0
2026,24,Geelong,Richmond,12997,Judson,Clarke,Richmond,0.0019266662746197667
2026,24,Geelong,Richmond,13218,Campbell,Gray,Richmond,0.004318721821360784
2026,24,Geelong,Richmond,13145,Steely,Green,Richmond,0.0
2026,24,Geelong,Richmond,13290,Sam,Grlj,Richmond,0.0022856956238873367
2026,24,Geelong,Richmond,13253,Taj,Hotton,Richmond,0.0
2026,24,Geelong,Richmond,13113,Mykelti,Lefau,Richmond,0.0
2026,24,Geelong,Richmond,11948,Tom,Lynch,Richmond,0.0
2026,24,Geelong,Richmond,13117,Kane,McAuliffe,Richmond,0.0
2026,24,Geelong,Richmond,12941,Ben,Miller,Richmond,0.003562595318164304
2026,24,Geelong,Richmond,12374,Toby,Nankervis,Richmond,0.0
2026,24,Geelong,Richmond,12902,Hugo,Ralphsmith,Richmond,0.0
2026,24,Geelong,Richmond,13313,Patrick,Retschko,Richmond,0.0031719068734547013
2026,24,Geelong,Richmond,12935,Maurice,Rioli,Richmond,0.0
2026,24,Geelong,Richmond,12918,Samson,Ryan,Richmond,0.000493377377914635
2026,24,Geelong,Richmond,12418,Jayden,Short,Richmond,0.0
2026,24,Geelong,Richmond,12504,Tim,Taranto,Richmond,0.21770645551680992
2026,24,Geelong,Richmond,13191,Luke,Trainor,Richmond,0.002934007416537711
2026,24,Geelong,Richmond,12174,Nick,Vlastuin,Richmond,0.0
2026,24,Essendon,Port Adelaide,13352,Jaxon,Artemis,Essendon,0.003041961777993472
2026,24,Essendon,Port Adelaide,12899,Nick,Bryan,Essendon,0.009207937964368931
2026,24,Essendon,Port Adelaide,13148,Nate,Caddy,Essendon,1.3621838251072356
2026,24,Essendon,Port Adelaide,12755,Jye,Caldwell,Essendon,0.0
2026,24,Essendon,Port Adelaide,13229,Angus,Clarke,Essendon,0.0008858841789485964
2026,24,Essendon,Port Adelaide,13223,Archer,Day-Wicks,Essendon,0.0
2026,24,Essendon,Port Adelaide,13299,Jacob,Farrow,Essendon,0.002431868189369594
2026,24,Essendon,Port Adelaide,12853,Harry,Jones,Essendon,0.005843905949026355
2026,24,Essendon,Port Adelaide,13177,Isaac,Kako,Essendon,0.0
2026,24,Essendon,Port Adelaide,13282,Max,Kondogiannis,Essendon,0.0029559811170515185
2026,24,Essendon,Port Adelaide,12349,Kyle,Langford,Essendon,0.004170777851719002
2026,24,Essendon,Port Adelaide,12491,Andrew,McGrath,Essendon,0.0
2026,24,Essendon,Port Adelaide,12241,Zach,Merrett,Essendon,0.26525045020559834
2026,24,Essendon,Port Adelaide,12879,Archie,Perkins,Essendon,0.0
2026,24,Essendon,Port Adelaide,12874,Jaxon,Prior,Essendon,0.0
2026,24,Essendon,Port Adelaide,12437,Mason,Redman,Essendon,0.00451347537838047
2026,24,Essendon,Port Adelaide,12889,Zach,Reid,Essendon,4.11482509994213e-05
2026,24,Essendon,Port Adelaide,13168,Archie,Roberts,Essendon,0.01127759844180641
2026,24,Essendon,Port Adelaide,12567,Will,Setterfield,Essendon,0.2613687274845504
2026,24,Essendon,Port Adelaide,13283,Dyson,Sharp,Essendon,0.02331585111159501
2026,24,Essendon,Port Adelaide,13264,Rhys,Unwin,Essendon,0.0017957048089742448
2026,24,Essendon,Port Adelaide,13241,Vigo,Visentini,Essendon,0.00460510717296038
2026,24,Essendon,Port Adelaide,12366,Peter,Wright,Essendon,0.0010199302027156945
2026,24,Essendon,Port Adelaide,13322,Tom,Anastasopoulos,Port Adelaide,0.0037734248187217692
2026,24,Essendon,Port Adelaide,13337,Xavier,Bamert,Port Adelaide,0.0005816635765247416
2026,24,Essendon,Port Adelaide,12867,Miles,Bergman,Port Adelaide,0.052506976468850136
2026,24,Essendon,Port Adelaide,13188,Joe,Berry,Port Adelaide,0.0066049877771508095
2026,24,Essendon,Port Adelaide,12541,Will,Brodie,Port Adelaide,0.08250398487373008
2026,24,Essendon,Port Adelaide,13007,Jase,Burgoyne,Port Adelaide,2.0315052442149826
2026,24,Essendon,Port Adelaide,12422,Darcy,Byrne-Jones,Port Adelaide,0.015176708872324071
2026,24,Essendon,Port Adelaide,12936,Corey,Durdin,Port Adelaide,0.0029607722219093116
2026,24,Essendon,Port Adelaide,12766,Mitch,Georgiades,Port Adelaide,1.3611133357251486
2026,24,Essendon,Port Adelaide,12882,Lachie,Jones,Port Adelaide,0.010549322478683246
2026,24,Essendon,Port Adelaide,13301,Josh,Lai,Port Adelaide,0.00471667306982622
2026,24,Essendon,Port Adelaide,12575,Todd,Marshall,Port Adelaide,0.006384609966609126
2026,24,Essendon,Port Adelaide,13199,Christian,Moraes,Port Adelaide,0.005908745764141397
2026,24,Essendon,Port Adelaide,13354,Balyn,OBrien,Port Adelaide,0.004964755187282442
2026,24,Essendon,Port Adelaide,13270,Harrison,Ramm,Port Adelaide,0.008348107823574272
2026,24,Essendon,Port Adelaide,13139,Joe,Richards,Port Adelaide,0.02075170844363365
2026,24,Essendon,Port Adelaide,12890,Jordon,Sweet,Port Adelaide,0.05834082868962483
2026,24,Essendon,Port Adelaide,13360,Alex,Van Wyk,Port Adelaide,0.01166461130942735
2026,24,Essendon,Port Adelaide,13073,Dante,Visentini,Port Adelaide,0.009859384362540954
2026,24,Essendon,Port Adelaide,12991,Jacob,Wehr,Port Adelaide,0.00785252309015276
2026,24,Essendon,Port Adelaide,13259,Jack,Whitlock,Port Adelaide,0.010585798017545875
2026,24,Essendon,Port Adelaide,12150,Ollie,Wines,Port Adelaide,0.3060743821741307
2026,24,Essendon,Port Adelaide,13305,Mitch,Zadow,Port Adelaide,0.013361315874772892
2026,24,Sydney,North Melbourne,13256,Zac,Banch,North Melbourne,0.018921818031116276
2026,24,Sydney,North Melbourne,12938,Charlie,Comben,North Melbourne,0.03604135447472782
2026,24,Sydney,North Melbourne,12181,Aidan,Corr,North Melbourne,0.027254019767057956
2026,24,Sydney,North Melbourne,12975,Paul,Curtis,North Melbourne,0.025276014429530223
2026,24,Sydney,North Melbourne,12373,Caleb,Daniel,North Melbourne,0.01552870629050642
2026,24,Sydney,North Melbourne,11905,Jack,Darling,North Melbourne,0.010518521596478168
2026,24,Sydney,North Melbourne,12590,Luke,Davies-Uniacke,North Melbourne,0.04323485535939437
2026,24,Sydney,North Melbourne,13144,Wil,Dawson,North Melbourne,0.03039284715888573
2026,24,Sydney,North Melbourne,13025,Josh,Goater,North Melbourne,0.026469848575935616
2026,24,Sydney,North Melbourne,13130,Riley,Hardeman,North Melbourne,0.027627181491407186
2026,24,Sydney,North Melbourne,12563,Nick,Larkey,North Melbourne,0.014611516907518489
2026,24,Sydney,North Melbourne,12511,Griffin,Logue,North Melbourne,0.0266154093481794
2026,24,Sydney,North Melbourne,12246,Luke,McDonald,North Melbourne,0.03482970752331454
2026,24,Sydney,North Melbourne,13107,Colby,McKercher,North Melbourne,0.02436357458113824
2026,24,Sydney,North Melbourne,13187,Finn,OSullivan,North Melbourne,0.02504344839572791
2026,24,Sydney,North Melbourne,11953,Luke,Parker,North Melbourne,0.0
2026,24,Sydney,North Melbourne,12502,Jy,Simpkin,North Melbourne,0.04333145528835149
2026,24,Sydney,North Melbourne,12622,Charlie,Spargo,North Melbourne,0.023522333652898013
2026,24,Sydney,North Melbourne,12796,Dylan,Stephens,North Melbourne,0.02338239069196462
2026,24,Sydney,North Melbourne,13263,Cooper,Trembath,North Melbourne,0.02713178586638592
2026,24,Sydney,North Melbourne,13064,George,Wardlaw,North Melbourne,0.030330048469762165
2026,24,Sydney,North Melbourne,12788,Tristan,Xerri,North Melbourne,0.06996615358410316
2026,24,Sydney,North Melbourne,12557,Cameron,Zurhaar,North Melbourne,0.028516612658439543
2026,24,Sydney,North Melbourne,12863,Braeden,Campbell,Sydney,0.3676643004086199
2026,24,Sydney,North Melbourne,13157,Caiden,Cleary,Sydney,0.07464009940891655
2026,24,Sydney,North Melbourne,13317,Billy,Cootee,Sydney,0.093341709368534
2026,24,Sydney,North Melbourne,12015,Harry,Cunningham,Sydney,0.022608220472741795
2026,24,Sydney,North Melbourne,12421,Charlie,Curnow,Sydney,0.07998639826525586
2026,24,Sydney,North Melbourne,13260,Jesse,Dattoli,Sydney,0.03165147744570298
2026,24,Sydney,North Melbourne,13361,Will,Green,Sydney,0.02831282314187713
2026,24,Sydney,North Melbourne,12217,Brodie,Grundy,Sydney,1.1804509372369627
2026,24,Sydney,North Melbourne,12862,Errol,Gulden,Sydney,2.6355336198827586
2026,24,Sydney,North Melbourne,12359,Joel,Hamling,Sydney,0.02341137137745946
2026,24,Sydney,North Melbourne,13173,Tom,Hanily,Sydney,0.02503732036067035
2026,24,Sydney,North Melbourne,13327,Harry,Kyle,Sydney,0.029371738753768827
2026,24,Sydney,North Melbourne,12268,Jake,Lloyd,Sydney,0.02851118431264176
2026,24,Sydney,North Melbourne,12627,Tom,McCartin,Sydney,0.03627053091409738
2026,24,Sydney,North Melbourne,12861,Logan,McDonald,Sydney,0.047610106101028456
2026,24,Sydney,North Melbourne,12413,Callum,Mills,Sydney,0.24131976950639183
2026,24,Sydney,North Melbourne,12412,Tom,Papley,Sydney,0.03767920912440179
2026,24,Sydney,North Melbourne,12140,Dane,Rampe,Sydney,0.021959694543218576
2026,24,Sydney,North Melbourne,12994,Matt,Roberts,Sydney,0.028594300523383513
2026,24,Sydney,North Melbourne,12714,James,Rowbottom,Sydney,0.0849848338730283
2026,24,Sydney,North Melbourne,13022,Jai,Serong,Sydney,0.1440353448910217
2026,24,Sydney,North Melbourne,12951,Angus,Sheldrick,Sydney,0.0712935408425944
2026,24,Sydney,North Melbourne,12818,Sam,Wicks,Sydney,0.032821865105738694
2026,24,West Coast,Hawthorn,12357,Karl,Amon,Hawthorn,0.015107624916133709
2026,24,West Coast,Hawthorn,12383,Tom,Barrass,Hawthorn,0.018120624119150386
2026,24,West Coast,Hawthorn,12558,Josh,Battle,Hawthorn,0.01922155956584054
2026,24,West Coast,Hawthorn,13363,Max,Beattie,Hawthorn,0.01029580176628611
2026,24,West Coast,Hawthorn,12485,Mabior,Chol,Hawthorn,0.004265960797402822
2026,24,West Coast,Hawthorn,13304,Jack,Dalton,Hawthorn,0.00971741340782342
2026,24,West Coast,Hawthorn,12998,Massimo,DAmbrosio,Hawthorn,0.013408097291122826
2026,24,West Coast,Hawthorn,12794,Will,Day,Hawthorn,1.8315328918172458
2026,24,West Coast,Hawthorn,11845,Jack,Gunston,Hawthorn,1.241482955870879
2026,24,West Coast,Hawthorn,12469,Blake,Hardwick,Hawthorn,0.04470854791995234
2026,24,West Coast,Hawthorn,12237,Jarman,Impey,Hawthorn,0.016862543242547712
2026,24,West Coast,Hawthorn,12636,Mitch,Lewis,Hawthorn,0.06903474403093439
2026,24,West Coast,Hawthorn,13069,Bailey,Macdonald,Hawthorn,0.0074817402094408385
2026,24,West Coast,Hawthorn,12954,Connor,Macdonald,Hawthorn,0.92785795120543
2026,24,West Coast,Hawthorn,13031,Cam,Mackenzie,Hawthorn,0.02536217317030391
2026,24,West Coast,Hawthorn,12856,Lloyd,Meek,Hawthorn,0.00527156035522766
2026,24,West Coast,Hawthorn,12710,Dylan,Moore,Hawthorn,0.06374177038028621
2026,24,West Coast,Hawthorn,12579,Harry,Morrison,Hawthorn,0.015956060951198697
2026,24,West Coast,Hawthorn,12915,Jai,Newcombe,Hawthorn,0.16151753480301156
2026,24,West Coast,Hawthorn,12332,James,Sicily,Hawthorn,0.05002655838274821
2026,24,West Coast,Hawthorn,12955,Josh,Ward,Hawthorn,0.5760842873250329
2026,24,West Coast,Hawthorn,13105,Nick,Watson,Hawthorn,0.058384792949919787
2026,24,West Coast,Hawthorn,13057,Josh,Weddle,Hawthorn,0.01441776221477417
2026,24,West Coast,Hawthorn,12576,Jack,Graham,West Coast,0.024647077744537352
2026,24,West Coast,Hawthorn,12962,Jack,Williams,West Coast,0.006105326067229159
2026,24,West Coast,Hawthorn,13221,Bo,Allan,West Coast,0.012416123082804818
2026,24,West Coast,Hawthorn,12661,Liam,Baker,West Coast,0.010067724459663916
2026,24,West Coast,Hawthorn,13000,Rhett,Bazzo,West Coast,0.012447142701512452
2026,24,West Coast,Hawthorn,12446,Tom,Cole,West Coast,0.005023323748763046
2026,24,West Coast,Hawthorn,13210,Hamish,Davis,West Coast,0.006796926979413474
2026,24,West Coast,Hawthorn,13291,Cooper,Duff-Tytler,West Coast,0.011358886317005433
2026,24,West Coast,Hawthorn,13292,Willem,Duursma,West Coast,0.007498327418564625
2026,24,West Coast,Hawthorn,13211,Tom,Gross,West Coast,0.0072770138762436026
2026,24,West Coast,Hawthorn,13339,Marcus,Herbert,West Coast,0.012196750823562056
2026,24,West Coast,Hawthorn,12957,Brady,Hough,West Coast,0.011988844861880675
2026,24,West Coast,Hawthorn,12595,Tim,Kelly,West Coast,0.16553743726941306
2026,24,West Coast,Hawthorn,13293,Josh,Lindsay,West Coast,0.0078119008658160665
2026,24,West Coast,Hawthorn,13240,Tom,McCarthy,West Coast,0.005086972257120985
2026,24,West Coast,Hawthorn,13294,Milan,Murdock,West Coast,0.37500051592358163
2026,24,West Coast,Hawthorn,13111,Harley,Reid,West Coast,0.02638974666913961
2026,24,West Coast,Hawthorn,13247,Jobe,Shanahan,West Coast,0.009223958857507318
2026,24,West Coast,Hawthorn,12668,Brandon,Starcevich,West Coast,0.008879775220208578
2026,24,West Coast,Hawthorn,12601,Jake,Waterman,West Coast,0.00330786870910074
2026,24,West Coast,Hawthorn,12836,Bailey,Williams,West Coast,0.0
2026,24,West Coast,Hawthorn,12087,Elliot,Yeo,West Coast,0.045026454071539906
2026,24,West Coast,Hawthorn,13043,Tylar,Young,West Coast,0.02605094538257166
